time,.data
2025/07/05/17:44:13.305090,-3.696
2025/07/05/17:44:13.404077,-3.695
2025/07/05/17:44:13.563034,-3.698
2025/07/05/17:44:13.663775,-3.7
2025/07/05/17:44:13.763125,-3.701
2025/07/05/17:44:13.862967,-3.701
2025/07/05/17:44:13.982223,-3.702
2025/07/05/17:44:14.062642,-3.704
2025/07/05/17:44:14.162356,-3.706
2025/07/05/17:44:14.262687,-3.711
2025/07/05/17:44:14.363034,-3.715
2025/07/05/17:44:14.563004,-3.729
2025/07/05/17:44:14.642838,-3.735
2025/07/05/17:44:14.742367,-3.741
2025/07/05/17:44:14.842281,-3.747
2025/07/05/17:44:14.942577,-3.751
2025/07/05/17:44:15.042640,-3.755
2025/07/05/17:44:15.142535,-3.759
2025/07/05/17:44:15.243629,-3.762
2025/07/05/17:44:15.343508,-3.765
2025/07/05/17:44:15.503643,-3.771
2025/07/05/17:44:15.605862,-3.773
2025/07/05/17:44:15.682870,-3.774
2025/07/05/17:44:15.782382,-3.779
2025/07/05/17:44:15.903593,-3.784
2025/07/05/17:44:16.004099,-3.788
2025/07/05/17:44:16.083645,-3.792
2025/07/05/17:44:16.182583,-3.795
2025/07/05/17:44:16.262409,-3.795
2025/07/05/17:44:16.362951,-3.795
2025/07/05/17:44:16.544447,-3.793
2025/07/05/17:44:16.626185,-3.792
2025/07/05/17:44:16.704362,-3.791
2025/07/05/17:44:16.805384,-3.79
2025/07/05/17:44:16.883180,-3.792
2025/07/05/17:44:17.025988,-3.798
2025/07/05/17:44:17.123976,-3.803
2025/07/05/17:44:17.203551,-3.807
2025/07/05/17:44:17.283840,-3.81
2025/07/05/17:44:17.426274,-3.814
2025/07/05/17:44:17.582467,-3.811
2025/07/05/17:44:17.663683,-3.809
2025/07/05/17:44:17.762871,-3.807
2025/07/05/17:44:17.862870,-3.805
2025/07/05/17:44:17.984003,-3.803
2025/07/05/17:44:18.062638,-3.801
2025/07/05/17:44:18.162888,-3.797
2025/07/05/17:44:18.242546,-3.794
2025/07/05/17:44:18.341978,-3.792
2025/07/05/17:44:18.503848,-3.788
2025/07/05/17:44:18.628419,-3.782
2025/07/05/17:44:18.704725,-3.778
2025/07/05/17:44:18.784271,-3.773
2025/07/05/17:44:18.862448,-3.772
2025/07/05/17:44:18.982522,-3.771
2025/07/05/17:44:19.062651,-3.772
2025/07/05/17:44:19.163322,-3.774
2025/07/05/17:44:19.263494,-3.774
2025/07/05/17:44:19.362934,-3.772
2025/07/05/17:44:19.562537,-3.764
2025/07/05/17:44:19.643001,-3.765
2025/07/05/17:44:19.742182,-3.767
2025/07/05/17:44:19.842331,-3.771
2025/07/05/17:44:19.962919,-3.776
2025/07/05/17:44:20.062934,-3.778
2025/07/05/17:44:20.162813,-3.78
2025/07/05/17:44:20.262906,-3.779
2025/07/05/17:44:20.363653,-3.776
2025/07/05/17:44:20.562967,-3.774
2025/07/05/17:44:20.663375,-3.775
2025/07/05/17:44:20.762863,-3.775
2025/07/05/17:44:20.862557,-3.777
2025/07/05/17:44:20.982017,-3.78
2025/07/05/17:44:21.062738,-3.779
2025/07/05/17:44:21.163161,-3.776
2025/07/05/17:44:21.262514,-3.773
2025/07/05/17:44:21.362630,-3.769
2025/07/05/17:44:21.542607,-3.763
2025/07/05/17:44:21.643219,-3.763
2025/07/05/17:44:21.723001,-3.765
2025/07/05/17:44:21.826078,-3.768
2025/07/05/17:44:21.943264,-3.771
2025/07/05/17:44:22.044344,-3.771
2025/07/05/17:44:22.141833,-3.77
2025/07/05/17:44:22.243126,-3.771
2025/07/05/17:44:22.341938,-3.772
2025/07/05/17:44:22.503596,-3.775
2025/07/05/17:44:22.625938,-3.777
2025/07/05/17:44:22.704496,-3.779
2025/07/05/17:44:22.782488,-3.781
2025/07/05/17:44:22.862257,-3.781
2025/07/05/17:44:22.983173,-3.783
2025/07/05/17:44:23.062214,-3.786
2025/07/05/17:44:23.162854,-3.789
2025/07/05/17:44:23.262712,-3.793
2025/07/05/17:44:23.362239,-3.793
2025/07/05/17:44:23.523649,-3.794
2025/07/05/17:44:23.642081,-3.792
2025/07/05/17:44:23.743590,-3.788
2025/07/05/17:44:23.825523,-3.785
2025/07/05/17:44:23.903724,-3.782
2025/07/05/17:44:24.026079,-3.777
2025/07/05/17:44:24.102997,-3.776
2025/07/05/17:44:24.204152,-3.775
2025/07/05/17:44:24.284253,-3.774
2025/07/05/17:44:24.382346,-3.771
2025/07/05/17:44:24.582404,-3.766
2025/07/05/17:44:24.662790,-3.762
2025/07/05/17:44:24.762861,-3.761
2025/07/05/17:44:24.863317,-3.759
2025/07/05/17:44:25.003788,-3.756
2025/07/05/17:44:25.084022,-3.754
2025/07/05/17:44:25.181898,-3.752
2025/07/05/17:44:25.262240,-3.751
2025/07/05/17:44:25.362843,-3.75
2025/07/05/17:44:25.543135,-3.754
2025/07/05/17:44:25.643695,-3.754
2025/07/05/17:44:25.742579,-3.751
2025/07/05/17:44:25.841762,-3.746
2025/07/05/17:44:25.923052,-3.742
2025/07/05/17:44:26.042063,-3.738
2025/07/05/17:44:26.144809,-3.734
2025/07/05/17:44:26.241757,-3.729
2025/07/05/17:44:26.341577,-3.723
2025/07/05/17:44:26.482013,-3.718
2025/07/05/17:44:26.581869,-3.715
2025/07/05/17:44:26.662506,-3.715
2025/07/05/17:44:26.763210,-3.714
2025/07/05/17:44:26.862967,-3.713
2025/07/05/17:44:26.982152,-3.711
2025/07/05/17:44:27.063056,-3.711
2025/07/05/17:44:27.162985,-3.708
2025/07/05/17:44:27.263057,-3.705
2025/07/05/17:44:27.362546,-3.7
2025/07/05/17:44:27.542165,-3.691
2025/07/05/17:44:27.641532,-3.687
2025/07/05/17:44:27.742378,-3.683
2025/07/05/17:44:27.842376,-3.679
2025/07/05/17:44:27.962870,-3.677
2025/07/05/17:44:28.063004,-3.676
2025/07/05/17:44:28.162243,-3.676
2025/07/05/17:44:28.262419,-3.673
2025/07/05/17:44:28.362720,-3.67
2025/07/05/17:44:28.562069,-3.663
2025/07/05/17:44:28.663090,-3.662
2025/07/05/17:44:28.761875,-3.661
2025/07/05/17:44:28.862067,-3.659
2025/07/05/17:44:28.962904,-3.657
2025/07/05/17:44:29.042653,-3.653
2025/07/05/17:44:29.142389,-3.649
2025/07/05/17:44:29.242200,-3.647
2025/07/05/17:44:29.341731,-3.643
2025/07/05/17:44:29.522866,-3.638
2025/07/05/17:44:29.625662,-3.634
2025/07/05/17:44:29.705006,-3.633
2025/07/05/17:44:29.783343,-3.632
2025/07/05/17:44:29.862332,-3.633
2025/07/05/17:44:29.982918,-3.636
2025/07/05/17:44:30.062639,-3.636
2025/07/05/17:44:30.162923,-3.634
2025/07/05/17:44:30.262094,-3.634
2025/07/05/17:44:30.362560,-3.633
2025/07/05/17:44:30.503883,-3.633
2025/07/05/17:44:30.623192,-3.633
2025/07/05/17:44:30.722677,-3.631
2025/07/05/17:44:30.822967,-3.629
2025/07/05/17:44:30.942168,-3.627
2025/07/05/17:44:31.043423,-3.627
2025/07/05/17:44:31.142324,-3.627
2025/07/05/17:44:31.242084,-3.626
2025/07/05/17:44:31.342171,-3.625
2025/07/05/17:44:31.463295,-3.622
2025/07/05/17:44:31.604002,-3.621
2025/07/05/17:44:31.683033,-3.621
2025/07/05/17:44:31.784229,-3.619
2025/07/05/17:44:31.861864,-3.617
2025/07/05/17:44:31.981617,-3.614
2025/07/05/17:44:32.062647,-3.612
2025/07/05/17:44:32.161711,-3.611
2025/07/05/17:44:32.262930,-3.612
2025/07/05/17:44:32.362659,-3.612
2025/07/05/17:44:32.562954,-3.609
2025/07/05/17:44:32.662974,-3.608
2025/07/05/17:44:32.782960,-3.611
2025/07/05/17:44:32.862777,-3.612
2025/07/05/17:44:32.981886,-3.613
2025/07/05/17:44:33.062171,-3.614
2025/07/05/17:44:33.162001,-3.615
2025/07/05/17:44:33.241792,-3.616
2025/07/05/17:44:33.343052,-3.619
2025/07/05/17:44:33.503427,-3.624
2025/07/05/17:44:33.603902,-3.626
2025/07/05/17:44:33.682962,-3.628
2025/07/05/17:44:33.782111,-3.628
2025/07/05/17:44:33.862261,-3.631
2025/07/05/17:44:33.982208,-3.638
2025/07/05/17:44:34.061785,-3.642
2025/07/05/17:44:34.162046,-3.645
2025/07/05/17:44:34.241992,-3.647
2025/07/05/17:44:34.342025,-3.65
2025/07/05/17:44:34.503670,-3.656
2025/07/05/17:44:34.625694,-3.659
2025/07/05/17:44:34.723189,-3.659
2025/07/05/17:44:34.841884,-3.658
2025/07/05/17:44:34.922745,-3.659
2025/07/05/17:44:35.025429,-3.661
2025/07/05/17:44:35.103517,-3.662
2025/07/05/17:44:35.181952,-3.663
2025/07/05/17:44:35.261942,-3.662
2025/07/05/17:44:35.362026,-3.663
2025/07/05/17:44:35.541753,-3.66
2025/07/05/17:44:35.642082,-3.659
2025/07/05/17:44:35.742099,-3.659
2025/07/05/17:44:35.841721,-3.658
2025/07/05/17:44:35.941838,-3.659
2025/07/05/17:44:36.041739,-3.66
2025/07/05/17:44:36.141841,-3.66
2025/07/05/17:44:36.242140,-3.66
2025/07/05/17:44:36.341600,-3.658
2025/07/05/17:44:36.502703,-3.659
2025/07/05/17:44:36.625093,-3.66
2025/07/05/17:44:36.702591,-3.66
2025/07/05/17:44:36.803630,-3.66
2025/07/05/17:44:36.902816,-3.661
2025/07/05/17:44:37.025440,-3.663
2025/07/05/17:44:37.122809,-3.664
2025/07/05/17:44:37.225699,-3.666
2025/07/05/17:44:37.302582,-3.668
2025/07/05/17:44:37.403752,-3.671
2025/07/05/17:44:37.561772,-3.675
2025/07/05/17:44:37.641921,-3.677
2025/07/05/17:44:37.742180,-3.678
2025/07/05/17:44:37.841876,-3.677
2025/07/05/17:44:37.963205,-3.675
2025/07/05/17:44:38.061908,-3.674
2025/07/05/17:44:38.161748,-3.672
2025/07/05/17:44:38.261982,-3.672
2025/07/05/17:44:38.361755,-3.672
2025/07/05/17:44:38.561829,-3.673
2025/07/05/17:44:38.661930,-3.673
2025/07/05/17:44:38.761981,-3.674
2025/07/05/17:44:38.841881,-3.674
2025/07/05/17:44:38.942162,-3.674
2025/07/05/17:44:39.041755,-3.674
2025/07/05/17:44:39.141904,-3.673
2025/07/05/17:44:39.242014,-3.671
2025/07/05/17:44:39.362016,-3.668
2025/07/05/17:44:39.541735,-3.669
2025/07/05/17:44:39.641573,-3.673
2025/07/05/17:44:39.722349,-3.676
2025/07/05/17:44:39.825241,-3.68
2025/07/05/17:44:39.902722,-3.681
2025/07/05/17:44:40.025249,-3.684
2025/07/05/17:44:40.122539,-3.689
2025/07/05/17:44:40.225230,-3.695
2025/07/05/17:44:40.303186,-3.7
2025/07/05/17:44:40.403435,-3.707
2025/07/05/17:44:40.561720,-3.712
2025/07/05/17:44:40.662103,-3.712
2025/07/05/17:44:40.762061,-3.712
2025/07/05/17:44:40.861657,-3.712
2025/07/05/17:44:40.981501,-3.711
2025/07/05/17:44:41.061892,-3.71
2025/07/05/17:44:41.161708,-3.708
2025/07/05/17:44:41.241526,-3.707
2025/07/05/17:44:41.341468,-3.708
2025/07/05/17:44:41.523163,-3.71
2025/07/05/17:44:41.625041,-3.711
2025/07/05/17:44:41.702626,-3.713
2025/07/05/17:44:41.781810,-3.714
2025/07/05/17:44:41.861995,-3.715
2025/07/05/17:44:41.982085,-3.717
2025/07/05/17:44:42.061707,-3.718
2025/07/05/17:44:42.161753,-3.72
2025/07/05/17:44:42.262014,-3.723
2025/07/05/17:44:42.362339,-3.728
2025/07/05/17:44:42.503046,-3.729
2025/07/05/17:44:42.624648,-3.73
2025/07/05/17:44:42.702502,-3.73
2025/07/05/17:44:42.781505,-3.73
2025/07/05/17:44:42.861724,-3.729
2025/07/05/17:44:42.961561,-3.727
2025/07/05/17:44:43.061908,-3.725
2025/07/05/17:44:43.161820,-3.725
2025/07/05/17:44:43.261893,-3.725
2025/07/05/17:44:43.362019,-3.726
2025/07/05/17:44:43.561554,-3.727
2025/07/05/17:44:43.663084,-3.73
2025/07/05/17:44:43.761605,-3.733
2025/07/05/17:44:43.861748,-3.735
2025/07/05/17:44:43.981792,-3.74
2025/07/05/17:44:44.061944,-3.742
2025/07/05/17:44:44.161527,-3.745
2025/07/05/17:44:44.261772,-3.748
2025/07/05/17:44:44.425440,-3.749
2025/07/05/17:44:44.581450,-3.751
2025/07/05/17:44:44.662077,-3.752
2025/07/05/17:44:44.761459,-3.753
2025/07/05/17:44:44.841445,-3.752
2025/07/05/17:44:44.941799,-3.752
2025/07/05/17:44:45.041638,-3.753
2025/07/05/17:44:45.141498,-3.756
2025/07/05/17:44:45.241565,-3.76
2025/07/05/17:44:45.341581,-3.763
2025/07/05/17:44:45.502834,-3.762
2025/07/05/17:44:45.625280,-3.761
2025/07/05/17:44:45.702508,-3.76
2025/07/05/17:44:45.782049,-3.76
2025/07/05/17:44:45.861680,-3.76
2025/07/05/17:44:45.981862,-3.76
2025/07/05/17:44:46.061820,-3.758
2025/07/05/17:44:46.161693,-3.754
2025/07/05/17:44:46.261630,-3.751
2025/07/05/17:44:46.361938,-3.749
2025/07/05/17:44:46.561319,-3.743
2025/07/05/17:44:46.662026,-3.741
2025/07/05/17:44:46.762004,-3.738
2025/07/05/17:44:46.862021,-3.734
2025/07/05/17:44:46.982024,-3.729
2025/07/05/17:44:47.081939,-3.725
2025/07/05/17:44:47.181820,-3.723
2025/07/05/17:44:47.261801,-3.722
2025/07/05/17:44:47.361190,-3.72
2025/07/05/17:44:47.522824,-3.72
2025/07/05/17:44:47.641589,-3.721
2025/07/05/17:44:47.742117,-3.721
2025/07/05/17:44:47.841733,-3.723
2025/07/05/17:44:47.941679,-3.725
2025/07/05/17:44:48.061595,-3.727
2025/07/05/17:44:48.161831,-3.729
2025/07/05/17:44:48.262043,-3.73
2025/07/05/17:44:48.361626,-3.73
2025/07/05/17:44:48.542046,-3.731
2025/07/05/17:44:48.641178,-3.732
2025/07/05/17:44:48.741725,-3.733
2025/07/05/17:44:48.841688,-3.734
2025/07/05/17:44:48.941363,-3.734
2025/07/05/17:44:49.024987,-3.733
2025/07/05/17:44:49.122620,-3.734
2025/07/05/17:44:49.203229,-3.735
2025/07/05/17:44:49.282065,-3.736
2025/07/05/17:44:49.403451,-3.736
2025/07/05/17:44:49.561172,-3.735
2025/07/05/17:44:49.661681,-3.733
2025/07/05/17:44:49.761592,-3.729
2025/07/05/17:44:49.861326,-3.724
2025/07/05/17:44:49.982053,-3.718
2025/07/05/17:44:50.061794,-3.715
2025/07/05/17:44:50.161138,-3.711
2025/07/05/17:44:50.261351,-3.707
2025/07/05/17:44:50.361162,-3.701
2025/07/05/17:44:50.541318,-3.693
2025/07/05/17:44:50.641460,-3.688
2025/07/05/17:44:50.742138,-3.682
2025/07/05/17:44:50.841191,-3.677
2025/07/05/17:44:50.942196,-3.673
2025/07/05/17:44:51.062011,-3.668
2025/07/05/17:44:51.162051,-3.662
2025/07/05/17:44:51.241272,-3.659
2025/07/05/17:44:51.341251,-3.657
2025/07/05/17:44:51.502426,-3.653
2025/07/05/17:44:51.603136,-3.65
2025/07/05/17:44:51.682264,-3.649
2025/07/05/17:44:51.761933,-3.647
2025/07/05/17:44:51.862074,-3.644
2025/07/05/17:44:52.002986,-3.64
2025/07/05/17:44:52.082078,-3.638
2025/07/05/17:44:52.182115,-3.638
2025/07/05/17:44:52.261091,-3.637
2025/07/05/17:44:52.361843,-3.636
2025/07/05/17:44:52.522388,-3.636
2025/07/05/17:44:52.603181,-3.635
2025/07/05/17:44:52.681928,-3.634
2025/07/05/17:44:52.782084,-3.633
2025/07/05/17:44:52.881321,-3.634
2025/07/05/17:44:52.982002,-3.635
2025/07/05/17:44:53.061403,-3.633
2025/07/05/17:44:53.161562,-3.633
2025/07/05/17:44:53.261731,-3.632
2025/07/05/17:44:53.361171,-3.632
2025/07/05/17:44:53.561864,-3.634
2025/07/05/17:44:53.661108,-3.636
2025/07/05/17:44:53.761148,-3.639
2025/07/05/17:44:53.861849,-3.642
2025/07/05/17:44:53.981792,-3.644
2025/07/05/17:44:54.060946,-3.645
2025/07/05/17:44:54.162010,-3.644
2025/07/05/17:44:54.261153,-3.645
2025/07/05/17:44:54.341897,-3.647
2025/07/05/17:44:54.503038,-3.65
2025/07/05/17:44:54.624907,-3.654
2025/07/05/17:44:54.702258,-3.658
2025/07/05/17:44:54.803429,-3.662
2025/07/05/17:44:54.902413,-3.667
2025/07/05/17:44:55.003331,-3.672
2025/07/05/17:44:55.082010,-3.677
2025/07/05/17:44:55.182132,-3.68
2025/07/05/17:44:55.261298,-3.684
2025/07/05/17:44:55.361821,-3.688
2025/07/05/17:44:55.561233,-3.694
2025/07/05/17:44:55.661783,-3.699
2025/07/05/17:44:55.781754,-3.703
2025/07/05/17:44:55.861325,-3.704
2025/07/05/17:44:55.981958,-3.707
2025/07/05/17:44:56.061341,-3.709
2025/07/05/17:44:56.160769,-3.712
2025/07/05/17:44:56.262004,-3.715
2025/07/05/17:44:56.360997,-3.716
2025/07/05/17:44:56.581944,-3.717
2025/07/05/17:44:56.660999,-3.716
2025/07/05/17:44:56.761857,-3.716
2025/07/05/17:44:56.861378,-3.719
2025/07/05/17:44:56.982060,-3.722
2025/07/05/17:44:57.061261,-3.724
2025/07/05/17:44:57.161972,-3.726
2025/07/05/17:44:57.261218,-3.727
2025/07/05/17:44:57.361357,-3.728
2025/07/05/17:44:57.502811,-3.73
2025/07/05/17:44:57.641636,-3.726
2025/07/05/17:44:57.741825,-3.722
2025/07/05/17:44:57.843627,-3.717
2025/07/05/17:44:57.941000,-3.715
2025/07/05/17:44:58.041341,-3.714
2025/07/05/17:44:58.142599,-3.714
2025/07/05/17:44:58.240799,-3.713
2025/07/05/17:44:58.341017,-3.711
2025/07/05/17:44:58.522144,-3.705
2025/07/05/17:44:58.624336,-3.702
2025/07/05/17:44:58.721932,-3.701
2025/07/05/17:44:58.841613,-3.7
2025/07/05/17:44:58.961749,-3.7
2025/07/05/17:44:59.061166,-3.701
2025/07/05/17:44:59.161207,-3.705
2025/07/05/17:44:59.261824,-3.709
2025/07/05/17:44:59.361039,-3.714
2025/07/05/17:44:59.561700,-3.725
2025/07/05/17:44:59.661227,-3.732
2025/07/05/17:44:59.761135,-3.737
2025/07/05/17:44:59.842004,-3.741
2025/07/05/17:44:59.942496,-3.745
2025/07/05/17:45:00.041250,-3.749
2025/07/05/17:45:00.140908,-3.753
2025/07/05/17:45:00.240943,-3.755
2025/07/05/17:45:00.340861,-3.756
2025/07/05/17:45:00.502383,-3.755
2025/07/05/17:45:00.625007,-3.753
2025/07/05/17:45:00.701694,-3.752
2025/07/05/17:45:00.802758,-3.752
2025/07/05/17:45:00.901920,-3.752
2025/07/05/17:45:01.024656,-3.752
2025/07/05/17:45:01.101789,-3.753
2025/07/05/17:45:01.181554,-3.755
2025/07/05/17:45:01.261564,-3.756
2025/07/05/17:45:01.362263,-3.757
2025/07/05/17:45:01.521983,-3.761
2025/07/05/17:45:01.624479,-3.761
2025/07/05/17:45:01.721629,-3.759
2025/07/05/17:45:01.803346,-3.758
2025/07/05/17:45:01.883444,-3.757
2025/07/05/17:45:02.002609,-3.755
2025/07/05/17:45:02.081345,-3.752
2025/07/05/17:45:02.161076,-3.751
2025/07/05/17:45:02.240843,-3.749
2025/07/05/17:45:02.342732,-3.747
2025/07/05/17:45:02.481781,-3.745
2025/07/05/17:45:02.602987,-3.743
2025/07/05/17:45:02.683876,-3.741
2025/07/05/17:45:02.762050,-3.739
2025/07/05/17:45:02.840842,-3.74
2025/07/05/17:45:02.942507,-3.742
2025/07/05/17:45:03.040627,-3.743
2025/07/05/17:45:03.140690,-3.741
2025/07/05/17:45:03.240569,-3.736
2025/07/05/17:45:03.341037,-3.727
2025/07/05/17:45:03.502750,-3.714
2025/07/05/17:45:03.624766,-3.707
2025/07/05/17:45:03.721835,-3.703
2025/07/05/17:45:03.824842,-3.699
2025/07/05/17:45:03.901674,-3.695
2025/07/05/17:45:04.002108,-3.693
2025/07/05/17:45:04.081280,-3.693
2025/07/05/17:45:04.180740,-3.694
2025/07/05/17:45:04.261848,-3.694
2025/07/05/17:45:04.360951,-3.692
2025/07/05/17:45:04.560977,-3.688
2025/07/05/17:45:04.640965,-3.688
2025/07/05/17:45:04.742536,-3.688
2025/07/05/17:45:04.840940,-3.688
2025/07/05/17:45:04.960998,-3.69
2025/07/05/17:45:05.061027,-3.693
2025/07/05/17:45:05.161084,-3.695
2025/07/05/17:45:05.261145,-3.697
2025/07/05/17:45:05.360713,-3.698
2025/07/05/17:45:05.580860,-3.696
2025/07/05/17:45:05.681143,-3.696
2025/07/05/17:45:05.780878,-3.696
2025/07/05/17:45:05.860729,-3.697
2025/07/05/17:45:05.981199,-3.7
2025/07/05/17:45:06.060779,-3.704
2025/07/05/17:45:06.161007,-3.705
2025/07/05/17:45:06.240895,-3.706
2025/07/05/17:45:06.340822,-3.706
2025/07/05/17:45:06.501760,-3.707
2025/07/05/17:45:06.602225,-3.706
2025/07/05/17:45:06.660724,-3.706
2025/07/05/17:45:06.760984,-3.707
2025/07/05/17:45:06.860705,-3.709
2025/07/05/17:45:06.960896,-3.712
2025/07/05/17:45:07.060928,-3.715
2025/07/05/17:45:07.160912,-3.716
2025/07/05/17:45:07.260875,-3.719
2025/07/05/17:45:07.360987,-3.725
2025/07/05/17:45:07.522011,-3.734
2025/07/05/17:45:07.624390,-3.74
2025/07/05/17:45:07.721299,-3.744
2025/07/05/17:45:07.824483,-3.746
2025/07/05/17:45:07.901428,-3.747
2025/07/05/17:45:08.024573,-3.747
2025/07/05/17:45:08.101384,-3.749
2025/07/05/17:45:08.202549,-3.751
2025/07/05/17:45:08.285843,-3.752
2025/07/05/17:45:08.424689,-3.753
2025/07/05/17:45:08.580832,-3.754
2025/07/05/17:45:08.661311,-3.758
2025/07/05/17:45:08.760870,-3.762
2025/07/05/17:45:08.860960,-3.764
2025/07/05/17:45:08.981606,-3.767
2025/07/05/17:45:09.062680,-3.769
2025/07/05/17:45:09.160720,-3.773
2025/07/05/17:45:09.260959,-3.777
2025/07/05/17:45:09.360407,-3.78
2025/07/05/17:45:09.542572,-3.788
2025/07/05/17:45:09.640813,-3.794
2025/07/05/17:45:09.740988,-3.804
2025/07/05/17:45:09.840372,-3.813
2025/07/05/17:45:09.940817,-3.821
2025/07/05/17:45:10.040153,-3.831
2025/07/05/17:45:10.142150,-3.84
2025/07/05/17:45:10.240688,-3.845
2025/07/05/17:45:10.340290,-3.849
2025/07/05/17:45:10.502750,-3.854
2025/07/05/17:45:10.624540,-3.857
2025/07/05/17:45:10.722332,-3.858
2025/07/05/17:45:10.823874,-3.859
2025/07/05/17:45:10.921609,-3.859
2025/07/05/17:45:11.024030,-3.858
2025/07/05/17:45:11.101131,-3.856
2025/07/05/17:45:11.202465,-3.854
2025/07/05/17:45:11.280766,-3.849
2025/07/05/17:45:11.424570,-3.84
2025/07/05/17:45:11.561080,-3.826
2025/07/05/17:45:11.640117,-3.821
2025/07/05/17:45:11.740513,-3.817
2025/07/05/17:45:11.841287,-3.816
2025/07/05/17:45:11.940990,-3.817
2025/07/05/17:45:12.039912,-3.814
2025/07/05/17:45:12.122253,-3.811
2025/07/05/17:45:12.223765,-3.81
2025/07/05/17:45:12.302320,-3.809
2025/07/05/17:45:12.443308,-3.808
2025/07/05/17:45:12.581372,-3.804
2025/07/05/17:45:12.660178,-3.802
2025/07/05/17:45:12.740142,-3.801
2025/07/05/17:45:12.840295,-3.8
2025/07/05/17:45:12.940540,-3.801
2025/07/05/17:45:13.040549,-3.8
2025/07/05/17:45:13.140551,-3.796
2025/07/05/17:45:13.240454,-3.793
2025/07/05/17:45:13.339813,-3.791
2025/07/05/17:45:13.460722,-3.789
2025/07/05/17:45:13.602585,-3.787
2025/07/05/17:45:13.681889,-3.787
2025/07/05/17:45:13.780422,-3.785
2025/07/05/17:45:13.860504,-3.783
2025/07/05/17:45:13.980499,-3.782
2025/07/05/17:45:14.060880,-3.779
2025/07/05/17:45:14.160789,-3.774
2025/07/05/17:45:14.260915,-3.772
2025/07/05/17:45:14.360942,-3.77
2025/07/05/17:45:14.580920,-3.761
2025/07/05/17:45:14.660652,-3.758
2025/07/05/17:45:14.781013,-3.752
2025/07/05/17:45:14.880740,-3.748
2025/07/05/17:45:15.002281,-3.741
2025/07/05/17:45:15.080082,-3.737
2025/07/05/17:45:15.180695,-3.732
2025/07/05/17:45:15.260292,-3.727
2025/07/05/17:45:15.360086,-3.722
2025/07/05/17:45:15.542463,-3.714
2025/07/05/17:45:15.640083,-3.711
2025/07/05/17:45:15.721213,-3.711
2025/07/05/17:45:15.823928,-3.711
2025/07/05/17:45:15.901110,-3.711
2025/07/05/17:45:16.024088,-3.71
2025/07/05/17:45:16.103082,-3.709
2025/07/05/17:45:16.180692,-3.707
2025/07/05/17:45:16.260652,-3.707
2025/07/05/17:45:16.360878,-3.707
2025/07/05/17:45:16.560665,-3.703
2025/07/05/17:45:16.660643,-3.701
2025/07/05/17:45:16.781001,-3.697
2025/07/05/17:45:16.860210,-3.694
2025/07/05/17:45:16.980553,-3.688
2025/07/05/17:45:17.060157,-3.684
2025/07/05/17:45:17.159912,-3.678
2025/07/05/17:45:17.260901,-3.669
2025/07/05/17:45:17.360313,-3.66
2025/07/05/17:45:17.522044,-3.654
2025/07/05/17:45:17.623686,-3.651
2025/07/05/17:45:17.702783,-3.651
2025/07/05/17:45:17.804135,-3.652
2025/07/05/17:45:17.884270,-3.655
2025/07/05/17:45:18.002218,-3.657
2025/07/05/17:45:18.081122,-3.661
2025/07/05/17:45:18.180726,-3.665
2025/07/05/17:45:18.259955,-3.668
2025/07/05/17:45:18.360266,-3.669
2025/07/05/17:45:18.542688,-3.668
2025/07/05/17:45:18.641970,-3.669
2025/07/05/17:45:18.760936,-3.67
2025/07/05/17:45:18.860409,-3.67
2025/07/05/17:45:19.002317,-3.67
2025/07/05/17:45:19.083379,-3.671
2025/07/05/17:45:19.180380,-3.671
2025/07/05/17:45:19.260208,-3.672
2025/07/05/17:45:19.360609,-3.675
2025/07/05/17:45:19.501750,-3.675
2025/07/05/17:45:19.601744,-3.674
2025/07/05/17:45:19.681301,-3.672
2025/07/05/17:45:19.780710,-3.668
2025/07/05/17:45:19.860643,-3.665
2025/07/05/17:45:19.981651,-3.663
2025/07/05/17:45:20.060517,-3.66
2025/07/05/17:45:20.160480,-3.657
2025/07/05/17:45:20.240343,-3.655
2025/07/05/17:45:20.341759,-3.655
2025/07/05/17:45:20.480558,-3.654
2025/07/05/17:45:20.601650,-3.656
2025/07/05/17:45:20.680713,-3.66
2025/07/05/17:45:20.780827,-3.662
2025/07/05/17:45:20.860751,-3.667
2025/07/05/17:45:21.001966,-3.675
2025/07/05/17:45:21.082134,-3.679
2025/07/05/17:45:21.180469,-3.682
2025/07/05/17:45:21.259825,-3.683
2025/07/05/17:45:21.359974,-3.685
2025/07/05/17:45:21.501116,-3.695
2025/07/05/17:45:21.623883,-3.703
2025/07/05/17:45:21.700748,-3.707
2025/07/05/17:45:21.801646,-3.71
2025/07/05/17:45:21.901287,-3.709
2025/07/05/17:45:21.980320,-3.707
2025/07/05/17:45:22.060968,-3.705
2025/07/05/17:45:22.160021,-3.703
2025/07/05/17:45:22.260593,-3.703
2025/07/05/17:45:22.360866,-3.704
2025/07/05/17:45:22.560942,-3.697
2025/07/05/17:45:22.660923,-3.696
2025/07/05/17:45:22.759626,-3.697
2025/07/05/17:45:22.860128,-3.698
2025/07/05/17:45:22.960797,-3.698
2025/07/05/17:45:23.060254,-3.699
2025/07/05/17:45:23.161440,-3.701
2025/07/05/17:45:23.260517,-3.701
2025/07/05/17:45:23.360172,-3.7
2025/07/05/17:45:23.580898,-3.696
2025/07/05/17:45:23.662916,-3.695
2025/07/05/17:45:23.760021,-3.693
2025/07/05/17:45:23.840757,-3.692
2025/07/05/17:45:23.940628,-3.694
2025/07/05/17:45:24.040019,-3.694
2025/07/05/17:45:24.141389,-3.693
2025/07/05/17:45:24.242616,-3.693
2025/07/05/17:45:24.339981,-3.694
2025/07/05/17:45:24.501894,-3.696
2025/07/05/17:45:24.601925,-3.699
2025/07/05/17:45:24.679978,-3.7
2025/07/05/17:45:24.760536,-3.701
2025/07/05/17:45:24.859821,-3.7
2025/07/05/17:45:25.001916,-3.699
2025/07/05/17:45:25.081527,-3.699
2025/07/05/17:45:25.180761,-3.701
2025/07/05/17:45:25.259770,-3.7
2025/07/05/17:45:25.340544,-3.699
2025/07/05/17:45:25.460215,-3.7
2025/07/05/17:45:25.601383,-3.7
2025/07/05/17:45:25.680621,-3.7
2025/07/05/17:45:25.780456,-3.701
2025/07/05/17:45:25.859718,-3.703
2025/07/05/17:45:25.980757,-3.707
2025/07/05/17:45:26.080396,-3.712
2025/07/05/17:45:26.179553,-3.713
2025/07/05/17:45:26.260228,-3.712
2025/07/05/17:45:26.359952,-3.714
2025/07/05/17:45:26.560951,-3.716
2025/07/05/17:45:26.660005,-3.718
2025/07/05/17:45:26.760384,-3.721
2025/07/05/17:45:26.860815,-3.723
2025/07/05/17:45:26.980838,-3.726
2025/07/05/17:45:27.059695,-3.722
2025/07/05/17:45:27.160996,-3.718
2025/07/05/17:45:27.240704,-3.716
2025/07/05/17:45:27.341886,-3.714
2025/07/05/17:45:27.500711,-3.707
2025/07/05/17:45:27.601518,-3.704
2025/07/05/17:45:27.680063,-3.7
2025/07/05/17:45:27.780506,-3.695
2025/07/05/17:45:27.859349,-3.695
2025/07/05/17:45:28.001590,-3.693
2025/07/05/17:45:28.080824,-3.691
2025/07/05/17:45:28.180743,-3.69
2025/07/05/17:45:28.259458,-3.688
2025/07/05/17:45:28.361146,-3.686
2025/07/05/17:45:28.521147,-3.688
2025/07/05/17:45:28.623211,-3.689
2025/07/05/17:45:28.702099,-3.689
2025/07/05/17:45:28.780523,-3.687
2025/07/05/17:45:28.859512,-3.686
2025/07/05/17:45:28.959894,-3.684
2025/07/05/17:45:29.059690,-3.687
2025/07/05/17:45:29.159795,-3.69
2025/07/05/17:45:29.259987,-3.695
2025/07/05/17:45:29.359804,-3.698
2025/07/05/17:45:29.520778,-3.698
2025/07/05/17:45:29.623339,-3.698
2025/07/05/17:45:29.701689,-3.701
2025/07/05/17:45:29.780717,-3.705
2025/07/05/17:45:29.880423,-3.711
2025/07/05/17:45:30.001918,-3.72
2025/07/05/17:45:30.080853,-3.726
2025/07/05/17:45:30.179298,-3.729
2025/07/05/17:45:30.259595,-3.732
2025/07/05/17:45:30.359460,-3.736
2025/07/05/17:45:30.501069,-3.738
2025/07/05/17:45:30.623219,-3.739
2025/07/05/17:45:30.720570,-3.74
2025/07/05/17:45:30.823750,-3.741
2025/07/05/17:45:30.939627,-3.744
2025/07/05/17:45:31.039489,-3.745
2025/07/05/17:45:31.140069,-3.747
2025/07/05/17:45:31.240316,-3.749
2025/07/05/17:45:31.339406,-3.752
2025/07/05/17:45:31.459584,-3.754
2025/07/05/17:45:31.601671,-3.753
2025/07/05/17:45:31.680426,-3.755
2025/07/05/17:45:31.759693,-3.757
2025/07/05/17:45:31.859612,-3.762
2025/07/05/17:45:31.959516,-3.767
2025/07/05/17:45:32.059783,-3.768
2025/07/05/17:45:32.159430,-3.767
2025/07/05/17:45:32.239522,-3.765
2025/07/05/17:45:32.340012,-3.765
2025/07/05/17:45:32.479679,-3.768
2025/07/05/17:45:32.579243,-3.77
2025/07/05/17:45:32.659086,-3.769
2025/07/05/17:45:32.759571,-3.77
2025/07/05/17:45:32.859443,-3.772
2025/07/05/17:45:32.979875,-3.775
2025/07/05/17:45:33.059560,-3.781
2025/07/05/17:45:33.159417,-3.787
2025/07/05/17:45:33.259157,-3.794
2025/07/05/17:45:33.359150,-3.797
2025/07/05/17:45:33.542333,-3.802
2025/07/05/17:45:33.639623,-3.803
2025/07/05/17:45:33.740940,-3.803
2025/07/05/17:45:33.840999,-3.801
2025/07/05/17:45:33.940197,-3.799
2025/07/05/17:45:34.039910,-3.801
2025/07/05/17:45:34.139491,-3.807
2025/07/05/17:45:34.240404,-3.812
2025/07/05/17:45:34.341103,-3.813
2025/07/05/17:45:34.502981,-3.811
2025/07/05/17:45:34.580880,-3.811
2025/07/05/17:45:34.661370,-3.811
2025/07/05/17:45:34.759364,-3.813
2025/07/05/17:45:34.840340,-3.813
2025/07/05/17:45:34.959669,-3.807
2025/07/05/17:45:35.059700,-3.803
2025/07/05/17:45:35.159381,-3.802
2025/07/05/17:45:35.259817,-3.802
2025/07/05/17:45:35.359271,-3.801
2025/07/05/17:45:35.520994,-3.804
2025/07/05/17:45:35.623113,-3.804
2025/07/05/17:45:35.700580,-3.804
2025/07/05/17:45:35.801253,-3.805
2025/07/05/17:45:35.879579,-3.805
2025/07/05/17:45:36.001354,-3.808
2025/07/05/17:45:36.079221,-3.811
2025/07/05/17:45:36.179125,-3.816
2025/07/05/17:45:36.259295,-3.816
2025/07/05/17:45:36.359893,-3.813
2025/07/05/17:45:36.541846,-3.806
2025/07/05/17:45:36.640313,-3.8
2025/07/05/17:45:36.740050,-3.797
2025/07/05/17:45:36.840654,-3.794
2025/07/05/17:45:36.942515,-3.789
2025/07/05/17:45:37.039626,-3.782
2025/07/05/17:45:37.140572,-3.775
2025/07/05/17:45:37.239925,-3.767
2025/07/05/17:45:37.341245,-3.757
2025/07/05/17:45:37.500983,-3.74
2025/07/05/17:45:37.601009,-3.732
2025/07/05/17:45:37.680466,-3.725
2025/07/05/17:45:37.779390,-3.719
2025/07/05/17:45:37.879258,-3.715
2025/07/05/17:45:38.023407,-3.714
2025/07/05/17:45:38.101069,-3.712
2025/07/05/17:45:38.179172,-3.71
2025/07/05/17:45:38.259676,-3.708
2025/07/05/17:45:38.359355,-3.708
2025/07/05/17:45:38.559771,-3.701
2025/07/05/17:45:38.659395,-3.698
2025/07/05/17:45:38.759212,-3.696
2025/07/05/17:45:38.859736,-3.697
2025/07/05/17:45:38.979970,-3.697
2025/07/05/17:45:39.059598,-3.699
2025/07/05/17:45:39.159694,-3.7
2025/07/05/17:45:39.259718,-3.702
2025/07/05/17:45:39.359240,-3.704
2025/07/05/17:45:39.539279,-3.706
2025/07/05/17:45:39.639511,-3.704
2025/07/05/17:45:39.741365,-3.701
2025/07/05/17:45:39.839810,-3.7
2025/07/05/17:45:39.959423,-3.699
2025/07/05/17:45:40.041949,-3.696
2025/07/05/17:45:40.123445,-3.692
2025/07/05/17:45:40.200802,-3.688
2025/07/05/17:45:40.279799,-3.683
2025/07/05/17:45:40.401562,-3.675
2025/07/05/17:45:40.559515,-3.665
2025/07/05/17:45:40.659831,-3.657
2025/07/05/17:45:40.759592,-3.649
2025/07/05/17:45:40.859579,-3.642
2025/07/05/17:45:40.979986,-3.633
2025/07/05/17:45:41.059880,-3.631
2025/07/05/17:45:41.159650,-3.629
2025/07/05/17:45:41.239243,-3.626
2025/07/05/17:45:41.339767,-3.62
2025/07/05/17:45:41.480053,-3.613
2025/07/05/17:45:41.601137,-3.608
2025/07/05/17:45:41.680881,-3.602
2025/07/05/17:45:41.759313,-3.597
2025/07/05/17:45:41.859931,-3.588
2025/07/05/17:45:41.979639,-3.578
2025/07/05/17:45:42.059387,-3.572
2025/07/05/17:45:42.159642,-3.564
2025/07/05/17:45:42.239327,-3.558
2025/07/05/17:45:42.339419,-3.552
2025/07/05/17:45:42.500906,-3.542
2025/07/05/17:45:42.623048,-3.533
2025/07/05/17:45:42.702913,-3.525
2025/07/05/17:45:42.779504,-3.519
2025/07/05/17:45:42.859168,-3.516
2025/07/05/17:45:42.979761,-3.514
2025/07/05/17:45:43.059269,-3.514
2025/07/05/17:45:43.159600,-3.514
2025/07/05/17:45:43.239008,-3.515
2025/07/05/17:45:43.340194,-3.517
2025/07/05/17:45:43.459124,-3.517
2025/07/05/17:45:43.581227,-3.515
2025/07/05/17:45:43.659835,-3.519
2025/07/05/17:45:43.759496,-3.523
2025/07/05/17:45:43.859746,-3.526
2025/07/05/17:45:43.979803,-3.529
2025/07/05/17:45:44.059217,-3.534
2025/07/05/17:45:44.163440,-3.54
2025/07/05/17:45:44.259647,-3.541
2025/07/05/17:45:44.359091,-3.54
2025/07/05/17:45:44.579323,-3.533
2025/07/05/17:45:44.659026,-3.529
2025/07/05/17:45:44.759616,-3.526
2025/07/05/17:45:44.859173,-3.528
2025/07/05/17:45:44.979877,-3.533
2025/07/05/17:45:45.059524,-3.532
2025/07/05/17:45:45.159848,-3.53
2025/07/05/17:45:45.259162,-3.53
2025/07/05/17:45:45.359193,-3.532
2025/07/05/17:45:45.541433,-3.536
2025/07/05/17:45:45.642340,-3.536
2025/07/05/17:45:45.739259,-3.534
2025/07/05/17:45:45.845615,-3.532
2025/07/05/17:45:45.959986,-3.532
2025/07/05/17:45:46.059111,-3.536
2025/07/05/17:45:46.139574,-3.541
2025/07/05/17:45:46.242369,-3.547
2025/07/05/17:45:46.343124,-3.554
2025/07/05/17:45:46.500858,-3.563
2025/07/05/17:45:46.600950,-3.571
2025/07/05/17:45:46.702796,-3.578
2025/07/05/17:45:46.801010,-3.583
2025/07/05/17:45:46.879452,-3.586
2025/07/05/17:45:46.979718,-3.593
2025/07/05/17:45:47.059021,-3.599
2025/07/05/17:45:47.159517,-3.607
2025/07/05/17:45:47.259577,-3.616
2025/07/05/17:45:47.359899,-3.623
2025/07/05/17:45:47.559952,-3.622
2025/07/05/17:45:47.659635,-3.619
2025/07/05/17:45:47.779990,-3.615
2025/07/05/17:45:47.859672,-3.613
2025/07/05/17:45:47.980096,-3.614
2025/07/05/17:45:48.059072,-3.617
2025/07/05/17:45:48.159713,-3.622
2025/07/05/17:45:48.259175,-3.628
2025/07/05/17:45:48.359341,-3.632
2025/07/05/17:45:48.539207,-3.639
2025/07/05/17:45:48.642378,-3.643
2025/07/05/17:45:48.739319,-3.648
2025/07/05/17:45:48.842937,-3.652
2025/07/05/17:45:48.959274,-3.66
2025/07/05/17:45:49.039270,-3.665
2025/07/05/17:45:49.139868,-3.671
2025/07/05/17:45:49.242238,-3.674
2025/07/05/17:45:49.339956,-3.676
2025/07/05/17:45:49.520270,-3.681
2025/07/05/17:45:49.601114,-3.682
2025/07/05/17:45:49.679909,-3.686
2025/07/05/17:45:49.779870,-3.687
2025/07/05/17:45:49.859278,-3.686
2025/07/05/17:45:49.980072,-3.684
2025/07/05/17:45:50.059979,-3.68
2025/07/05/17:45:50.159168,-3.676
2025/07/05/17:45:50.259796,-3.675
2025/07/05/17:45:50.339091,-3.674
2025/07/05/17:45:50.520501,-3.676
2025/07/05/17:45:50.622485,-3.676
2025/07/05/17:45:50.700451,-3.674
2025/07/05/17:45:50.779983,-3.673
2025/07/05/17:45:50.859324,-3.671
2025/07/05/17:45:50.979309,-3.667
2025/07/05/17:45:51.059519,-3.665
2025/07/05/17:45:51.159773,-3.663
2025/07/05/17:45:51.259646,-3.663
2025/07/05/17:45:51.359895,-3.665
2025/07/05/17:45:51.539078,-3.667
2025/07/05/17:45:51.639001,-3.667
2025/07/05/17:45:51.739357,-3.668
2025/07/05/17:45:51.839136,-3.671
2025/07/05/17:45:51.939630,-3.678
2025/07/05/17:45:52.039236,-3.681
2025/07/05/17:45:52.139144,-3.676
2025/07/05/17:45:52.238924,-3.667
2025/07/05/17:45:52.340126,-3.654
2025/07/05/17:45:52.500692,-3.637
2025/07/05/17:45:52.620618,-3.626
2025/07/05/17:45:52.699859,-3.615
2025/07/05/17:45:52.779372,-3.607
2025/07/05/17:45:52.859870,-3.598
2025/07/05/17:45:52.979934,-3.586
2025/07/05/17:45:53.060066,-3.576
2025/07/05/17:45:53.179700,-3.565
2025/07/05/17:45:53.259859,-3.557
2025/07/05/17:45:53.359100,-3.551
2025/07/05/17:45:53.559869,-3.542
2025/07/05/17:45:53.639039,-3.539
2025/07/05/17:45:53.739847,-3.534
2025/07/05/17:45:53.859229,-3.532
2025/07/05/17:45:53.979859,-3.53
2025/07/05/17:45:54.079615,-3.53
2025/07/05/17:45:54.179973,-3.527
2025/07/05/17:45:54.259490,-3.525
2025/07/05/17:45:54.359766,-3.52
2025/07/05/17:45:54.539199,-3.517
2025/07/05/17:45:54.638938,-3.518
2025/07/05/17:45:54.739145,-3.519
2025/07/05/17:45:54.839730,-3.518
2025/07/05/17:45:54.959855,-3.519
2025/07/05/17:45:55.059786,-3.521
2025/07/05/17:45:55.158347,-3.526
2025/07/05/17:45:55.259130,-3.533
2025/07/05/17:45:55.359700,-3.539
2025/07/05/17:45:55.539215,-3.543
2025/07/05/17:45:55.642003,-3.546
2025/07/05/17:45:55.739696,-3.55
2025/07/05/17:45:55.839837,-3.553
2025/07/05/17:45:55.959676,-3.558
2025/07/05/17:45:56.059587,-3.557
2025/07/05/17:45:56.180075,-3.551
2025/07/05/17:45:56.260111,-3.549
2025/07/05/17:45:56.359686,-3.549
2025/07/05/17:45:56.520144,-3.554
2025/07/05/17:45:56.620639,-3.556
2025/07/05/17:45:56.700963,-3.556
2025/07/05/17:45:56.800634,-3.557
2025/07/05/17:45:56.879735,-3.558
2025/07/05/17:45:57.000859,-3.562
2025/07/05/17:45:57.079706,-3.559
2025/07/05/17:45:57.179771,-3.555
2025/07/05/17:45:57.259304,-3.552
2025/07/05/17:45:57.359159,-3.547
2025/07/05/17:45:57.538992,-3.539
2025/07/05/17:45:57.639153,-3.535
2025/07/05/17:45:57.739154,-3.533
2025/07/05/17:45:57.838765,-3.534
2025/07/05/17:45:57.958877,-3.535
2025/07/05/17:45:58.059763,-3.533
2025/07/05/17:45:58.159139,-3.53
2025/07/05/17:45:58.258658,-3.528
2025/07/05/17:45:58.338980,-3.525
2025/07/05/17:45:58.458779,-3.52
2025/07/05/17:45:58.579714,-3.516
2025/07/05/17:45:58.658707,-3.518
2025/07/05/17:45:58.758644,-3.521
2025/07/05/17:45:58.858634,-3.523
2025/07/05/17:45:58.958780,-3.523
2025/07/05/17:45:59.058932,-3.52
2025/07/05/17:45:59.158984,-3.516
2025/07/05/17:45:59.258932,-3.513
2025/07/05/17:45:59.358771,-3.514
2025/07/05/17:45:59.558623,-3.514
2025/07/05/17:45:59.658628,-3.511
2025/07/05/17:45:59.758563,-3.507
2025/07/05/17:45:59.838956,-3.507
2025/07/05/17:45:59.939266,-3.51
2025/07/05/17:46:00.038710,-3.513
2025/07/05/17:46:00.138939,-3.515
2025/07/05/17:46:00.239024,-3.518
2025/07/05/17:46:00.338882,-3.522
2025/07/05/17:46:00.442245,-3.526
2025/07/05/17:46:00.600836,-3.53
2025/07/05/17:46:00.679303,-3.534
2025/07/05/17:46:00.779213,-3.537
2025/07/05/17:46:00.858839,-3.544
2025/07/05/17:46:00.958435,-3.55
2025/07/05/17:46:01.058511,-3.558
2025/07/05/17:46:01.158718,-3.562
2025/07/05/17:46:01.258823,-3.564
2025/07/05/17:46:01.358924,-3.567
2025/07/05/17:46:01.558807,-3.576
2025/07/05/17:46:01.658996,-3.579
2025/07/05/17:46:01.758503,-3.581
2025/07/05/17:46:01.858758,-3.585
2025/07/05/17:46:01.979208,-3.588
2025/07/05/17:46:02.058439,-3.592
2025/07/05/17:46:02.158595,-3.595
2025/07/05/17:46:02.258741,-3.596
2025/07/05/17:46:02.338825,-3.597
2025/07/05/17:46:02.478905,-3.6
2025/07/05/17:46:02.600463,-3.605
2025/07/05/17:46:02.679859,-3.608
2025/07/05/17:46:02.780808,-3.61
2025/07/05/17:46:02.879064,-3.612
2025/07/05/17:46:03.000816,-3.613
2025/07/05/17:46:03.079716,-3.611
2025/07/05/17:46:03.179131,-3.611
2025/07/05/17:46:03.261171,-3.607
2025/07/05/17:46:03.358411,-3.603
2025/07/05/17:46:03.539919,-3.596
2025/07/05/17:46:03.638416,-3.59
2025/07/05/17:46:03.738790,-3.584
2025/07/05/17:46:03.838645,-3.58
2025/07/05/17:46:03.939005,-3.574
2025/07/05/17:46:04.038585,-3.571
2025/07/05/17:46:04.139741,-3.568
2025/07/05/17:46:04.238506,-3.564
2025/07/05/17:46:04.338632,-3.558
2025/07/05/17:46:04.459168,-3.549
2025/07/05/17:46:04.578982,-3.539
2025/07/05/17:46:04.659503,-3.531
2025/07/05/17:46:04.758906,-3.523
2025/07/05/17:46:04.858621,-3.516
2025/07/05/17:46:04.979252,-3.509
2025/07/05/17:46:05.061070,-3.505
2025/07/05/17:46:05.158657,-3.5
2025/07/05/17:46:05.258642,-3.494
2025/07/05/17:46:05.358160,-3.486
2025/07/05/17:46:05.558611,-3.468
2025/07/05/17:46:05.638401,-3.463
2025/07/05/17:46:05.739201,-3.455
2025/07/05/17:46:05.838718,-3.447
2025/07/05/17:46:05.938513,-3.438
2025/07/05/17:46:06.038377,-3.432
2025/07/05/17:46:06.138504,-3.426
2025/07/05/17:46:06.238503,-3.422
2025/07/05/17:46:06.338751,-3.42
2025/07/05/17:46:06.500348,-3.421
2025/07/05/17:46:06.619676,-3.421
2025/07/05/17:46:06.718925,-3.423
2025/07/05/17:46:06.822194,-3.425
2025/07/05/17:46:06.899208,-3.427
2025/07/05/17:46:07.022247,-3.429
2025/07/05/17:46:07.119541,-3.429
2025/07/05/17:46:07.201151,-3.428
2025/07/05/17:46:07.279686,-3.429
2025/07/05/17:46:07.400196,-3.432
2025/07/05/17:46:07.578349,-3.433
2025/07/05/17:46:07.658494,-3.437
2025/07/05/17:46:07.758498,-3.441
2025/07/05/17:46:07.858540,-3.444
2025/07/05/17:46:07.979044,-3.447
2025/07/05/17:46:08.058640,-3.449
2025/07/05/17:46:08.158611,-3.453
2025/07/05/17:46:08.258808,-3.457
2025/07/05/17:46:08.422013,-3.464
2025/07/05/17:46:08.578872,-3.476
2025/07/05/17:46:08.658987,-3.481
2025/07/05/17:46:08.758214,-3.488
2025/07/05/17:46:08.858916,-3.49
2025/07/05/17:46:08.978308,-3.491
2025/07/05/17:46:09.060745,-3.492
2025/07/05/17:46:09.158648,-3.494
2025/07/05/17:46:09.238733,-3.497
2025/07/05/17:46:09.338272,-3.499
2025/07/05/17:46:09.499687,-3.502
2025/07/05/17:46:09.621695,-3.505
2025/07/05/17:46:09.719899,-3.508
2025/07/05/17:46:09.821661,-3.512
2025/07/05/17:46:09.899093,-3.518
2025/07/05/17:46:10.000301,-3.522
2025/07/05/17:46:10.078187,-3.526
2025/07/05/17:46:10.178679,-3.528
2025/07/05/17:46:10.258892,-3.532
2025/07/05/17:46:10.358629,-3.536
2025/07/05/17:46:10.558163,-3.545
2025/07/05/17:46:10.658920,-3.549
2025/07/05/17:46:10.758250,-3.552
2025/07/05/17:46:10.838794,-3.556
2025/07/05/17:46:10.958958,-3.564
2025/07/05/17:46:11.038543,-3.57
2025/07/05/17:46:11.138615,-3.577
2025/07/05/17:46:11.238204,-3.582
2025/07/05/17:46:11.339373,-3.588
2025/07/05/17:46:11.478849,-3.598
2025/07/05/17:46:11.600386,-3.606
2025/07/05/17:46:11.679386,-3.608
2025/07/05/17:46:11.758225,-3.612
2025/07/05/17:46:11.841208,-3.616
2025/07/05/17:46:11.938842,-3.621
2025/07/05/17:46:12.041387,-3.625
2025/07/05/17:46:12.138288,-3.625
2025/07/05/17:46:12.238974,-3.625
2025/07/05/17:46:12.338234,-3.625
2025/07/05/17:46:12.499748,-3.624
2025/07/05/17:46:12.619533,-3.625
2025/07/05/17:46:12.700069,-3.625
2025/07/05/17:46:12.778614,-3.624
2025/07/05/17:46:12.858629,-3.623
2025/07/05/17:46:12.958148,-3.621
2025/07/05/17:46:13.060930,-3.619
2025/07/05/17:46:13.157823,-3.617
2025/07/05/17:46:13.238833,-3.615
2025/07/05/17:46:13.318952,-3.613
2025/07/05/17:46:13.458926,-3.609
2025/07/05/17:46:13.599758,-3.606
2025/07/05/17:46:13.678414,-3.606
2025/07/05/17:46:13.778455,-3.608
2025/07/05/17:46:13.858368,-3.609
2025/07/05/17:46:13.978708,-3.61
2025/07/05/17:46:14.058048,-3.61
2025/07/05/17:46:14.157987,-3.609
2025/07/05/17:46:14.258598,-3.607
2025/07/05/17:46:14.357884,-3.605
2025/07/05/17:46:14.558792,-3.602
2025/07/05/17:46:14.658880,-3.601
2025/07/05/17:46:14.758337,-3.601
2025/07/05/17:46:14.858487,-3.602
2025/07/05/17:46:14.978928,-3.605
2025/07/05/17:46:15.057931,-3.607
2025/07/05/17:46:15.158149,-3.61
2025/07/05/17:46:15.238591,-3.61
2025/07/05/17:46:15.340148,-3.613
2025/07/05/17:46:15.499793,-3.615
2025/07/05/17:46:15.599865,-3.617
2025/07/05/17:46:15.678978,-3.617
2025/07/05/17:46:15.758910,-3.618
2025/07/05/17:46:15.859528,-3.62
2025/07/05/17:46:15.958983,-3.622
2025/07/05/17:46:16.058782,-3.625
2025/07/05/17:46:16.158226,-3.629
2025/07/05/17:46:16.258049,-3.633
2025/07/05/17:46:16.358619,-3.636
2025/07/05/17:46:16.558175,-3.648
2025/07/05/17:46:16.658184,-3.654
2025/07/05/17:46:16.738178,-3.66
2025/07/05/17:46:16.838694,-3.666
2025/07/05/17:46:16.958920,-3.671
2025/07/05/17:46:17.058304,-3.676
2025/07/05/17:46:17.157784,-3.679
2025/07/05/17:46:17.259368,-3.684
2025/07/05/17:46:17.357889,-3.689
2025/07/05/17:46:17.558908,-3.692
2025/07/05/17:46:17.658912,-3.693
2025/07/05/17:46:17.758032,-3.695
2025/07/05/17:46:17.859276,-3.696
2025/07/05/17:46:17.979127,-3.696
2025/07/05/17:46:18.057967,-3.695
2025/07/05/17:46:18.158802,-3.693
2025/07/05/17:46:18.258110,-3.694
2025/07/05/17:46:18.358087,-3.698
2025/07/05/17:46:18.499690,-3.704
2025/07/05/17:46:18.621804,-3.708
2025/07/05/17:46:18.698872,-3.71
2025/07/05/17:46:18.779018,-3.712
2025/07/05/17:46:18.857663,-3.713
2025/07/05/17:46:18.960018,-3.715
2025/07/05/17:46:19.058568,-3.719
2025/07/05/17:46:19.157951,-3.723
2025/07/05/17:46:19.258728,-3.729
2025/07/05/17:46:19.358565,-3.736
2025/07/05/17:46:19.558137,-3.758
2025/07/05/17:46:19.658620,-3.766
2025/07/05/17:46:19.757945,-3.772
2025/07/05/17:46:19.857872,-3.776
2025/07/05/17:46:19.979042,-3.78
2025/07/05/17:46:20.058795,-3.782
2025/07/05/17:46:20.158074,-3.784
2025/07/05/17:46:20.258058,-3.787
2025/07/05/17:46:20.358559,-3.787
2025/07/05/17:46:20.558978,-3.786
2025/07/05/17:46:20.637567,-3.786
2025/07/05/17:46:20.737885,-3.784
2025/07/05/17:46:20.821558,-3.781
2025/07/05/17:46:20.920845,-3.776
2025/07/05/17:46:21.038108,-3.77
2025/07/05/17:46:21.138100,-3.763
2025/07/05/17:46:21.237997,-3.758
2025/07/05/17:46:21.338292,-3.753
2025/07/05/17:46:21.499524,-3.744
2025/07/05/17:46:21.599616,-3.741
2025/07/05/17:46:21.678895,-3.737
2025/07/05/17:46:21.758646,-3.733
2025/07/05/17:46:21.838028,-3.728
2025/07/05/17:46:21.939273,-3.724
2025/07/05/17:46:22.037966,-3.722
2025/07/05/17:46:22.139410,-3.718
2025/07/05/17:46:22.238168,-3.714
2025/07/05/17:46:22.338227,-3.71
2025/07/05/17:46:22.458792,-3.701
2025/07/05/17:46:22.600022,-3.691
2025/07/05/17:46:22.678208,-3.686
2025/07/05/17:46:22.779554,-3.684
2025/07/05/17:46:22.857848,-3.681
2025/07/05/17:46:22.978190,-3.678
2025/07/05/17:46:23.057843,-3.675
2025/07/05/17:46:23.159451,-3.671
2025/07/05/17:46:23.258566,-3.668
2025/07/05/17:46:23.357713,-3.664
2025/07/05/17:46:23.519822,-3.657
2025/07/05/17:46:23.637968,-3.651
2025/07/05/17:46:23.739558,-3.646
2025/07/05/17:46:23.839933,-3.641
2025/07/05/17:46:23.938749,-3.638
2025/07/05/17:46:24.037462,-3.635
2025/07/05/17:46:24.137999,-3.634
2025/07/05/17:46:24.238113,-3.634
2025/07/05/17:46:24.339076,-3.636
2025/07/05/17:46:24.499354,-3.64
2025/07/05/17:46:24.621844,-3.643
2025/07/05/17:46:24.698610,-3.644
2025/07/05/17:46:24.777804,-3.643
2025/07/05/17:46:24.857927,-3.646
2025/07/05/17:46:24.999568,-3.652
2025/07/05/17:46:25.077575,-3.657
2025/07/05/17:46:25.178676,-3.66
2025/07/05/17:46:25.257895,-3.662
2025/07/05/17:46:25.357956,-3.665
2025/07/05/17:46:25.557604,-3.675
2025/07/05/17:46:25.658785,-3.678
2025/07/05/17:46:25.757829,-3.68
2025/07/05/17:46:25.837893,-3.681
2025/07/05/17:46:25.957792,-3.682
2025/07/05/17:46:26.059616,-3.685
2025/07/05/17:46:26.157026,-3.687
2025/07/05/17:46:26.257493,-3.688
2025/07/05/17:46:26.421726,-3.688
2025/07/05/17:46:26.577741,-3.688
2025/07/05/17:46:26.657732,-3.69
2025/07/05/17:46:26.757866,-3.692
2025/07/05/17:46:26.857661,-3.693
2025/07/05/17:46:26.979043,-3.696
2025/07/05/17:46:27.079035,-3.701
2025/07/05/17:46:27.178664,-3.703
2025/07/05/17:46:27.257860,-3.708
2025/07/05/17:46:27.357663,-3.714
2025/07/05/17:46:27.538282,-3.729
2025/07/05/17:46:27.637820,-3.736
2025/07/05/17:46:27.737900,-3.741
2025/07/05/17:46:27.837921,-3.744
2025/07/05/17:46:27.957840,-3.747
2025/07/05/17:46:28.057592,-3.747
2025/07/05/17:46:28.157811,-3.748
2025/07/05/17:46:28.257792,-3.752
2025/07/05/17:46:28.357797,-3.759
2025/07/05/17:46:28.518810,-3.768
2025/07/05/17:46:28.621804,-3.773
2025/07/05/17:46:28.698591,-3.778
2025/07/05/17:46:28.778143,-3.782
2025/07/05/17:46:28.857380,-3.785
2025/07/05/17:46:28.978113,-3.791
2025/07/05/17:46:29.057772,-3.794
2025/07/05/17:46:29.157431,-3.797
2025/07/05/17:46:29.258636,-3.801
2025/07/05/17:46:29.357786,-3.801
2025/07/05/17:46:29.518912,-3.802
2025/07/05/17:46:29.637674,-3.801
2025/07/05/17:46:29.737710,-3.8
2025/07/05/17:46:29.837879,-3.801
2025/07/05/17:46:29.938690,-3.802
2025/07/05/17:46:30.037719,-3.803
2025/07/05/17:46:30.137792,-3.806
2025/07/05/17:46:30.237965,-3.808
2025/07/05/17:46:30.337929,-3.809
2025/07/05/17:46:30.499893,-3.807
2025/07/05/17:46:30.640999,-3.803
2025/07/05/17:46:30.737849,-3.8
2025/07/05/17:46:30.837445,-3.798
2025/07/05/17:46:30.957874,-3.795
2025/07/05/17:46:31.057718,-3.792
2025/07/05/17:46:31.158005,-3.787
2025/07/05/17:46:31.257662,-3.783
2025/07/05/17:46:31.357630,-3.781
2025/07/05/17:46:31.499910,-3.777
2025/07/05/17:46:31.599206,-3.775
2025/07/05/17:46:31.678487,-3.774
2025/07/05/17:46:31.778029,-3.772
2025/07/05/17:46:31.857962,-3.768
2025/07/05/17:46:31.978090,-3.76
2025/07/05/17:46:32.057664,-3.755
2025/07/05/17:46:32.157485,-3.748
2025/07/05/17:46:32.257839,-3.744
2025/07/05/17:46:32.357848,-3.742
2025/07/05/17:46:32.518931,-3.736
2025/07/05/17:46:32.621555,-3.73
2025/07/05/17:46:32.718088,-3.722
2025/07/05/17:46:32.821761,-3.716
2025/07/05/17:46:32.898754,-3.714
2025/07/05/17:46:33.000026,-3.712
2025/07/05/17:46:33.078101,-3.709
2025/07/05/17:46:33.177985,-3.705
2025/07/05/17:46:33.257556,-3.701
2025/07/05/17:46:33.357511,-3.695
2025/07/05/17:46:33.537883,-3.689
2025/07/05/17:46:33.637476,-3.683
2025/07/05/17:46:33.737407,-3.674
2025/07/05/17:46:33.837955,-3.668
2025/07/05/17:46:33.937698,-3.665
2025/07/05/17:46:34.037561,-3.661
2025/07/05/17:46:34.138371,-3.658
2025/07/05/17:46:34.237776,-3.656
2025/07/05/17:46:34.337627,-3.653
2025/07/05/17:46:34.457846,-3.649
2025/07/05/17:46:34.620939,-3.645
2025/07/05/17:46:34.718692,-3.644
2025/07/05/17:46:34.798984,-3.643
2025/07/05/17:46:34.878099,-3.641
2025/07/05/17:46:34.999442,-3.64
2025/07/05/17:46:35.077981,-3.636
2025/07/05/17:46:35.177633,-3.634
2025/07/05/17:46:35.257664,-3.634
2025/07/05/17:46:35.357842,-3.633
2025/07/05/17:46:35.557890,-3.632
2025/07/05/17:46:35.657800,-3.634
2025/07/05/17:46:35.757725,-3.636
2025/07/05/17:46:35.857741,-3.639
2025/07/05/17:46:35.978336,-3.642
2025/07/05/17:46:36.057368,-3.647
2025/07/05/17:46:36.157604,-3.653
2025/07/05/17:46:36.237558,-3.658
2025/07/05/17:46:36.337548,-3.661
2025/07/05/17:46:36.498956,-3.666
2025/07/05/17:46:36.620882,-3.67
2025/07/05/17:46:36.698253,-3.673
2025/07/05/17:46:36.799265,-3.675
2025/07/05/17:46:36.898650,-3.677
2025/07/05/17:46:36.999117,-3.679
2025/07/05/17:46:37.078058,-3.681
2025/07/05/17:46:37.177581,-3.681
2025/07/05/17:46:37.257694,-3.681
2025/07/05/17:46:37.357734,-3.681
2025/07/05/17:46:37.557563,-3.683
2025/07/05/17:46:37.657743,-3.683
2025/07/05/17:46:37.757170,-3.683
2025/07/05/17:46:37.837649,-3.683
2025/07/05/17:46:37.957700,-3.684
2025/07/05/17:46:38.057690,-3.684
2025/07/05/17:46:38.157315,-3.685
2025/07/05/17:46:38.257713,-3.685
2025/07/05/17:46:38.357735,-3.684
2025/07/05/17:46:38.557878,-3.682
2025/07/05/17:46:38.637524,-3.681
2025/07/05/17:46:38.737318,-3.681
2025/07/05/17:46:38.837383,-3.681
2025/07/05/17:46:38.937706,-3.683
2025/07/05/17:46:39.037545,-3.684
2025/07/05/17:46:39.157798,-3.684
2025/07/05/17:46:39.257885,-3.684
2025/07/05/17:46:39.378011,-3.682
2025/07/05/17:46:39.578068,-3.679
2025/07/05/17:46:39.657259,-3.677
2025/07/05/17:46:39.757621,-3.675
2025/07/05/17:46:39.838011,-3.672
2025/07/05/17:46:39.957817,-3.665
2025/07/05/17:46:40.057681,-3.66
2025/07/05/17:46:40.157393,-3.655
2025/07/05/17:46:40.257374,-3.649
2025/07/05/17:46:40.357777,-3.642
2025/07/05/17:46:40.557970,-3.629
2025/07/05/17:46:40.657721,-3.623
2025/07/05/17:46:40.757242,-3.617
2025/07/05/17:46:40.857278,-3.611
2025/07/05/17:46:40.977634,-3.605
2025/07/05/17:46:41.057389,-3.6
2025/07/05/17:46:41.157805,-3.596
2025/07/05/17:46:41.257664,-3.593
2025/07/05/17:46:41.357674,-3.592
2025/07/05/17:46:41.518244,-3.591
2025/07/05/17:46:41.620933,-3.591
2025/07/05/17:46:41.698019,-3.591
2025/07/05/17:46:41.798611,-3.589
2025/07/05/17:46:41.877704,-3.587
2025/07/05/17:46:41.999755,-3.585
2025/07/05/17:46:42.078125,-3.583
2025/07/05/17:46:42.177505,-3.581
2025/07/05/17:46:42.261449,-3.582
2025/07/05/17:46:42.357929,-3.582
2025/07/05/17:46:42.537676,-3.587
2025/07/05/17:46:42.637795,-3.591
2025/07/05/17:46:42.737999,-3.595
2025/07/05/17:46:42.837415,-3.598
2025/07/05/17:46:42.957967,-3.599
2025/07/05/17:46:43.057465,-3.601
2025/07/05/17:46:43.157653,-3.601
2025/07/05/17:46:43.237075,-3.601
2025/07/05/17:46:43.318008,-3.602
2025/07/05/17:46:43.457507,-3.603
2025/07/05/17:46:43.599299,-3.603
2025/07/05/17:46:43.678223,-3.603
2025/07/05/17:46:43.777154,-3.603
2025/07/05/17:46:43.857808,-3.604
2025/07/05/17:46:43.977925,-3.603
2025/07/05/17:46:44.057400,-3.603
2025/07/05/17:46:44.157124,-3.605
2025/07/05/17:46:44.257850,-3.607
2025/07/05/17:46:44.357108,-3.611
2025/07/05/17:46:44.557570,-3.617
2025/07/05/17:46:44.657451,-3.62
2025/07/05/17:46:44.757294,-3.626
2025/07/05/17:46:44.857952,-3.631
2025/07/05/17:46:44.977861,-3.636
2025/07/05/17:46:45.056957,-3.639
2025/07/05/17:46:45.157716,-3.642
2025/07/05/17:46:45.237349,-3.643
2025/07/05/17:46:45.337169,-3.644
2025/07/05/17:46:45.498353,-3.644
2025/07/05/17:46:45.621003,-3.645
2025/07/05/17:46:45.697655,-3.644
2025/07/05/17:46:45.799265,-3.644
2025/07/05/17:46:45.898240,-3.639
2025/07/05/17:46:45.998353,-3.636
2025/07/05/17:46:46.080594,-3.633
2025/07/05/17:46:46.198311,-3.631
2025/07/05/17:46:46.298422,-3.628
2025/07/05/17:46:46.399338,-3.626
2025/07/05/17:46:46.557049,-3.623
2025/07/05/17:46:46.657692,-3.622
2025/07/05/17:46:46.757336,-3.622
2025/07/05/17:46:46.857049,-3.624
2025/07/05/17:46:46.957714,-3.627
2025/07/05/17:46:47.039897,-3.63
2025/07/05/17:46:47.136935,-3.631
2025/07/05/17:46:47.239932,-3.632
2025/07/05/17:46:47.337371,-3.635
2025/07/05/17:46:47.477895,-3.639
2025/07/05/17:46:47.620576,-3.642
2025/07/05/17:46:47.717911,-3.646
2025/07/05/17:46:47.798118,-3.647
2025/07/05/17:46:47.877946,-3.651
2025/07/05/17:46:47.998986,-3.657
2025/07/05/17:46:48.077987,-3.662
2025/07/05/17:46:48.177344,-3.666
2025/07/05/17:46:48.257083,-3.671
2025/07/05/17:46:48.336790,-3.676
2025/07/05/17:46:48.498138,-3.687
2025/07/05/17:46:48.598572,-3.693
2025/07/05/17:46:48.677030,-3.698
2025/07/05/17:46:48.757592,-3.702
2025/07/05/17:46:48.857142,-3.709
2025/07/05/17:46:48.978028,-3.716
2025/07/05/17:46:49.057746,-3.717
2025/07/05/17:46:49.157604,-3.717
2025/07/05/17:46:49.257591,-3.716
2025/07/05/17:46:49.357724,-3.719
2025/07/05/17:46:49.517954,-3.722
2025/07/05/17:46:49.620957,-3.722
2025/07/05/17:46:49.700013,-3.723
2025/07/05/17:46:49.798962,-3.725
2025/07/05/17:46:49.880302,-3.727
2025/07/05/17:46:49.977269,-3.73
2025/07/05/17:46:50.057064,-3.737
2025/07/05/17:46:50.157286,-3.745
2025/07/05/17:46:50.236865,-3.75
2025/07/05/17:46:50.336533,-3.756
2025/07/05/17:46:50.477904,-3.761
2025/07/05/17:46:50.598945,-3.763
2025/07/05/17:46:50.677296,-3.764
2025/07/05/17:46:50.757047,-3.763
2025/07/05/17:46:50.857737,-3.765
2025/07/05/17:46:50.977772,-3.765
2025/07/05/17:46:51.056821,-3.767
2025/07/05/17:46:51.157828,-3.769
2025/07/05/17:46:51.257231,-3.773
2025/07/05/17:46:51.356854,-3.777
2025/07/05/17:46:51.538843,-3.782
2025/07/05/17:46:51.637294,-3.784
2025/07/05/17:46:51.736851,-3.785
2025/07/05/17:46:51.836938,-3.789
2025/07/05/17:46:51.937584,-3.793
2025/07/05/17:46:52.036826,-3.797
2025/07/05/17:46:52.137643,-3.798
2025/07/05/17:46:52.236973,-3.799
2025/07/05/17:46:52.336836,-3.798
2025/07/05/17:46:52.518116,-3.795
2025/07/05/17:46:52.620679,-3.795
2025/07/05/17:46:52.717617,-3.797
2025/07/05/17:46:52.820458,-3.798
2025/07/05/17:46:52.897509,-3.799
2025/07/05/17:46:53.020613,-3.801
2025/07/05/17:46:53.117608,-3.805
2025/07/05/17:46:53.220766,-3.808
2025/07/05/17:46:53.318482,-3.809
2025/07/05/17:46:53.477808,-3.806
2025/07/05/17:46:53.578118,-3.804
2025/07/05/17:46:53.656985,-3.801
2025/07/05/17:46:53.757108,-3.798
2025/07/05/17:46:53.856589,-3.794
2025/07/05/17:46:53.978019,-3.79
2025/07/05/17:46:54.056995,-3.785
2025/07/05/17:46:54.156881,-3.779
2025/07/05/17:46:54.257122,-3.772
2025/07/05/17:46:54.357060,-3.767
2025/07/05/17:46:54.498012,-3.757
2025/07/05/17:46:54.620662,-3.749
2025/07/05/17:46:54.697617,-3.751
2025/07/05/17:46:54.777977,-3.752
2025/07/05/17:46:54.856873,-3.754
2025/07/05/17:46:54.956920,-3.756
2025/07/05/17:46:55.057028,-3.758
2025/07/05/17:46:55.156655,-3.758
2025/07/05/17:46:55.257120,-3.76
2025/07/05/17:46:55.357263,-3.762
2025/07/05/17:46:55.556923,-3.769
2025/07/05/17:46:55.657110,-3.773
2025/07/05/17:46:55.757093,-3.777
2025/07/05/17:46:55.836542,-3.775
2025/07/05/17:46:55.917934,-3.774
2025/07/05/17:46:56.036655,-3.774
2025/07/05/17:46:56.136550,-3.777
2025/07/05/17:46:56.237088,-3.779
2025/07/05/17:46:56.337471,-3.778
2025/07/05/17:46:56.476750,-3.777
2025/07/05/17:46:56.620887,-3.775
2025/07/05/17:46:56.697408,-3.774
2025/07/05/17:46:56.776967,-3.772
2025/07/05/17:46:56.857021,-3.77
2025/07/05/17:46:56.976947,-3.766
2025/07/05/17:46:57.056517,-3.765
2025/07/05/17:46:57.157009,-3.765
2025/07/05/17:46:57.239399,-3.764
2025/07/05/17:46:57.336655,-3.764
2025/07/05/17:46:57.498079,-3.762
2025/07/05/17:46:57.597845,-3.761
2025/07/05/17:46:57.677440,-3.758
2025/07/05/17:46:57.777249,-3.756
2025/07/05/17:46:57.897951,-3.75
2025/07/05/17:46:57.998310,-3.746
2025/07/05/17:46:58.076810,-3.743
2025/07/05/17:46:58.178818,-3.74
2025/07/05/17:46:58.256672,-3.735
2025/07/05/17:46:58.357012,-3.731
2025/07/05/17:46:58.556872,-3.723
2025/07/05/17:46:58.656973,-3.72
2025/07/05/17:46:58.756926,-3.716
2025/07/05/17:46:58.856907,-3.712
2025/07/05/17:46:58.977017,-3.709
2025/07/05/17:46:59.076768,-3.71
2025/07/05/17:46:59.177064,-3.711
2025/07/05/17:46:59.276796,-3.712
2025/07/05/17:46:59.418515,-3.715
2025/07/05/17:46:59.577087,-3.714
2025/07/05/17:46:59.656358,-3.713
2025/07/05/17:46:59.756895,-3.712
2025/07/05/17:46:59.856884,-3.712
2025/07/05/17:46:59.978121,-3.714
2025/07/05/17:47:00.056777,-3.716
2025/07/05/17:47:00.157075,-3.716
2025/07/05/17:47:00.256668,-3.716
2025/07/05/17:47:00.377070,-3.718
2025/07/05/17:47:00.578501,-3.724
2025/07/05/17:47:00.656793,-3.728
2025/07/05/17:47:00.756836,-3.732
2025/07/05/17:47:00.857442,-3.737
2025/07/05/17:47:00.956882,-3.741
2025/07/05/17:47:01.056972,-3.746
2025/07/05/17:47:01.156783,-3.749
2025/07/05/17:47:01.236547,-3.749
2025/07/05/17:47:01.317937,-3.749
2025/07/05/17:47:01.456566,-3.749
2025/07/05/17:47:01.556748,-3.749
2025/07/05/17:47:01.656968,-3.746
2025/07/05/17:47:01.756293,-3.743
2025/07/05/17:47:01.857036,-3.741
2025/07/05/17:47:01.977140,-3.741
2025/07/05/17:47:02.056523,-3.74
2025/07/05/17:47:02.156520,-3.737
2025/07/05/17:47:02.256850,-3.736
2025/07/05/17:47:02.357195,-3.736
2025/07/05/17:47:02.556854,-3.735
2025/07/05/17:47:02.656632,-3.736
2025/07/05/17:47:02.756736,-3.74
2025/07/05/17:47:02.857009,-3.743
2025/07/05/17:47:02.978144,-3.744
2025/07/05/17:47:03.056715,-3.745
2025/07/05/17:47:03.156857,-3.746
2025/07/05/17:47:03.257042,-3.747
2025/07/05/17:47:03.376841,-3.748
2025/07/05/17:47:03.576632,-3.746
2025/07/05/17:47:03.656902,-3.744
2025/07/05/17:47:03.757041,-3.743
2025/07/05/17:47:03.856418,-3.743
2025/07/05/17:47:03.998678,-3.744
2025/07/05/17:47:04.077129,-3.743
2025/07/05/17:47:04.157132,-3.744
2025/07/05/17:47:04.256549,-3.742
2025/07/05/17:47:04.357085,-3.741
2025/07/05/17:47:04.557036,-3.737
2025/07/05/17:47:04.636425,-3.734
2025/07/05/17:47:04.737321,-3.73
2025/07/05/17:47:04.837006,-3.726
2025/07/05/17:47:04.956945,-3.723
2025/07/05/17:47:05.056611,-3.719
2025/07/05/17:47:05.136288,-3.714
2025/07/05/17:47:05.236525,-3.709
2025/07/05/17:47:05.337155,-3.704
2025/07/05/17:47:05.517922,-3.699
2025/07/05/17:47:05.598088,-3.699
2025/07/05/17:47:05.677711,-3.699
2025/07/05/17:47:05.779774,-3.698
2025/07/05/17:47:05.856889,-3.697
2025/07/05/17:47:05.977046,-3.696
2025/07/05/17:47:06.056328,-3.696
2025/07/05/17:47:06.156826,-3.696
2025/07/05/17:47:06.256728,-3.696
2025/07/05/17:47:06.356271,-3.695
2025/07/05/17:47:06.536398,-3.69
2025/07/05/17:47:06.636074,-3.685
2025/07/05/17:47:06.717778,-3.68
2025/07/05/17:47:06.820173,-3.676
2025/07/05/17:47:06.897856,-3.673
2025/07/05/17:47:06.998281,-3.671
2025/07/05/17:47:07.079792,-3.669
2025/07/05/17:47:07.156491,-3.666
2025/07/05/17:47:07.256194,-3.666
2025/07/05/17:47:07.356812,-3.667
2025/07/05/17:47:07.556927,-3.67
2025/07/05/17:47:07.656916,-3.669
2025/07/05/17:47:07.756809,-3.666
2025/07/05/17:47:07.856992,-3.661
2025/07/05/17:47:07.976979,-3.655
2025/07/05/17:47:08.056231,-3.652
2025/07/05/17:47:08.156158,-3.65
2025/07/05/17:47:08.256853,-3.649
2025/07/05/17:47:08.356580,-3.649
2025/07/05/17:47:08.517932,-3.648
2025/07/05/17:47:08.639247,-3.648
2025/07/05/17:47:08.736823,-3.647
2025/07/05/17:47:08.835845,-3.646
2025/07/05/17:47:08.936060,-3.646
2025/07/05/17:47:09.036154,-3.645
2025/07/05/17:47:09.136113,-3.644
2025/07/05/17:47:09.238965,-3.643
2025/07/05/17:47:09.336370,-3.641
2025/07/05/17:47:09.497880,-3.64
2025/07/05/17:47:09.617925,-3.64
2025/07/05/17:47:09.696798,-3.641
2025/07/05/17:47:09.776250,-3.642
2025/07/05/17:47:09.856018,-3.643
2025/07/05/17:47:09.956125,-3.645
2025/07/05/17:47:10.056160,-3.645
2025/07/05/17:47:10.156091,-3.645
2025/07/05/17:47:10.256953,-3.644
2025/07/05/17:47:10.397551,-3.646
2025/07/05/17:47:10.556172,-3.65
2025/07/05/17:47:10.656315,-3.652
2025/07/05/17:47:10.756757,-3.654
2025/07/05/17:47:10.857238,-3.657
2025/07/05/17:47:10.976951,-3.659
2025/07/05/17:47:11.056253,-3.663
2025/07/05/17:47:11.156443,-3.667
2025/07/05/17:47:11.256207,-3.67
2025/07/05/17:47:11.356144,-3.674
2025/07/05/17:47:11.556976,-3.683
2025/07/05/17:47:11.656372,-3.686
2025/07/05/17:47:11.736074,-3.689
2025/07/05/17:47:11.839221,-3.692
2025/07/05/17:47:11.936118,-3.695
2025/07/05/17:47:12.039195,-3.697
2025/07/05/17:47:12.135971,-3.699
2025/07/05/17:47:12.239138,-3.7
2025/07/05/17:47:12.318173,-3.699
2025/07/05/17:47:12.439471,-3.697
2025/07/05/17:47:12.576817,-3.695
2025/07/05/17:47:12.657189,-3.696
2025/07/05/17:47:12.756935,-3.697
2025/07/05/17:47:12.856084,-3.699
2025/07/05/17:47:12.956942,-3.701
2025/07/05/17:47:13.057110,-3.702
2025/07/05/17:47:13.155989,-3.703
2025/07/05/17:47:13.256307,-3.701
2025/07/05/17:47:13.356906,-3.7
2025/07/05/17:47:13.517045,-3.697
2025/07/05/17:47:13.617338,-3.697
2025/07/05/17:47:13.696680,-3.697
2025/07/05/17:47:13.777097,-3.696
2025/07/05/17:47:13.856427,-3.697
2025/07/05/17:47:13.976847,-3.698
2025/07/05/17:47:14.056755,-3.7
2025/07/05/17:47:14.156105,-3.702
2025/07/05/17:47:14.256839,-3.704
2025/07/05/17:47:14.356921,-3.706
2025/07/05/17:47:14.516871,-3.705
2025/07/05/17:47:14.617614,-3.704
2025/07/05/17:47:14.696685,-3.703
2025/07/05/17:47:14.776349,-3.703
2025/07/05/17:47:14.855679,-3.702
2025/07/05/17:47:14.976758,-3.699
2025/07/05/17:47:15.078271,-3.694
2025/07/05/17:47:15.176168,-3.69
2025/07/05/17:47:15.256583,-3.686
2025/07/05/17:47:15.356868,-3.683
2025/07/05/17:47:15.556180,-3.676
2025/07/05/17:47:15.656824,-3.672
2025/07/05/17:47:15.757040,-3.669
2025/07/05/17:47:15.856217,-3.667
2025/07/05/17:47:15.957101,-3.665
2025/07/05/17:47:16.056905,-3.664
2025/07/05/17:47:16.155993,-3.662
2025/07/05/17:47:16.256732,-3.659
2025/07/05/17:47:16.356796,-3.656
2025/07/05/17:47:16.555841,-3.654
2025/07/05/17:47:16.636003,-3.655
2025/07/05/17:47:16.735699,-3.655
2025/07/05/17:47:16.839689,-3.655
2025/07/05/17:47:16.956984,-3.654
2025/07/05/17:47:17.055751,-3.656
2025/07/05/17:47:17.155764,-3.656
2025/07/05/17:47:17.255921,-3.656
2025/07/05/17:47:17.335743,-3.657
2025/07/05/17:47:17.476493,-3.658
2025/07/05/17:47:17.597132,-3.659
2025/07/05/17:47:17.676453,-3.661
2025/07/05/17:47:17.755795,-3.662
2025/07/05/17:47:17.856193,-3.664
2025/07/05/17:47:17.976928,-3.664
2025/07/05/17:47:18.055830,-3.665
2025/07/05/17:47:18.156830,-3.664
2025/07/05/17:47:18.256170,-3.663
2025/07/05/17:47:18.355763,-3.66
2025/07/05/17:47:18.497644,-3.657
2025/07/05/17:47:18.639179,-3.652
2025/07/05/17:47:18.735898,-3.648
2025/07/05/17:47:18.838390,-3.645
2025/07/05/17:47:18.935490,-3.643
2025/07/05/17:47:19.038743,-3.642
2025/07/05/17:47:19.137418,-3.642
2025/07/05/17:47:19.235226,-3.642
2025/07/05/17:47:19.336229,-3.642
2025/07/05/17:47:19.517019,-3.642
2025/07/05/17:47:19.617062,-3.641
2025/07/05/17:47:19.696672,-3.64
2025/07/05/17:47:19.797258,-3.637
2025/07/05/17:47:19.876391,-3.636
2025/07/05/17:47:19.976673,-3.635
2025/07/05/17:47:20.055758,-3.635
2025/07/05/17:47:20.155905,-3.637
2025/07/05/17:47:20.255949,-3.637
2025/07/05/17:47:20.355834,-3.637
2025/07/05/17:47:20.517016,-3.641
2025/07/05/17:47:20.638812,-3.645
2025/07/05/17:47:20.735621,-3.649
2025/07/05/17:47:20.838774,-3.651
2025/07/05/17:47:20.917928,-3.652
2025/07/05/17:47:21.038881,-3.653
2025/07/05/17:47:21.117856,-3.655
2025/07/05/17:47:21.216812,-3.656
2025/07/05/17:47:21.317069,-3.657
2025/07/05/17:47:21.439720,-3.656
2025/07/05/17:47:21.597419,-3.656
2025/07/05/17:47:21.676397,-3.656
2025/07/05/17:47:21.775718,-3.653
2025/07/05/17:47:21.855824,-3.65
2025/07/05/17:47:21.957051,-3.646
2025/07/05/17:47:22.055937,-3.643
2025/07/05/17:47:22.155939,-3.641
2025/07/05/17:47:22.238566,-3.64
2025/07/05/17:47:22.318485,-3.638
2025/07/05/17:47:22.455682,-3.634
2025/07/05/17:47:22.597885,-3.632
2025/07/05/17:47:22.676714,-3.631
2025/07/05/17:47:22.775844,-3.631
2025/07/05/17:47:22.855737,-3.631
2025/07/05/17:47:22.975960,-3.632
2025/07/05/17:47:23.076676,-3.631
2025/07/05/17:47:23.176602,-3.628
2025/07/05/17:47:23.255534,-3.625
2025/07/05/17:47:23.336103,-3.622
2025/07/05/17:47:23.517039,-3.617
2025/07/05/17:47:23.617603,-3.615
2025/07/05/17:47:23.696522,-3.613
2025/07/05/17:47:23.797618,-3.612
2025/07/05/17:47:23.875457,-3.612
2025/07/05/17:47:23.975904,-3.609
2025/07/05/17:47:24.055770,-3.606
2025/07/05/17:47:24.155625,-3.603
2025/07/05/17:47:24.255630,-3.601
2025/07/05/17:47:24.355714,-3.597
2025/07/05/17:47:24.535783,-3.589
2025/07/05/17:47:24.638507,-3.584
2025/07/05/17:47:24.735918,-3.583
2025/07/05/17:47:24.838934,-3.583
2025/07/05/17:47:24.935643,-3.584
2025/07/05/17:47:25.038594,-3.584
2025/07/05/17:47:25.135593,-3.584
2025/07/05/17:47:25.238966,-3.585
2025/07/05/17:47:25.335631,-3.587
2025/07/05/17:47:25.456129,-3.587
2025/07/05/17:47:25.597220,-3.588
2025/07/05/17:47:25.675770,-3.587
2025/07/05/17:47:25.775949,-3.587
2025/07/05/17:47:25.855590,-3.585
2025/07/05/17:47:25.975935,-3.582
2025/07/05/17:47:26.055722,-3.581
2025/07/05/17:47:26.155413,-3.58
2025/07/05/17:47:26.255747,-3.58
2025/07/05/17:47:26.355749,-3.581
2025/07/05/17:47:26.516991,-3.581
2025/07/05/17:47:26.616860,-3.582
2025/07/05/17:47:26.696823,-3.584
2025/07/05/17:47:26.775710,-3.586
2025/07/05/17:47:26.855791,-3.589
2025/07/05/17:47:26.976121,-3.595
2025/07/05/17:47:27.075472,-3.599
2025/07/05/17:47:27.175746,-3.601
2025/07/05/17:47:27.255352,-3.602
2025/07/05/17:47:27.355777,-3.604
2025/07/05/17:47:27.535807,-3.606
2025/07/05/17:47:27.638901,-3.607
2025/07/05/17:47:27.717894,-3.609
2025/07/05/17:47:27.817223,-3.609
2025/07/05/17:47:27.935799,-3.608
2025/07/05/17:47:28.038543,-3.607
2025/07/05/17:47:28.135398,-3.605
2025/07/05/17:47:28.235467,-3.604
2025/07/05/17:47:28.336060,-3.605
2025/07/05/17:47:28.496816,-3.608
2025/07/05/17:47:28.616354,-3.609
2025/07/05/17:47:28.696298,-3.611
2025/07/05/17:47:28.777605,-3.613
2025/07/05/17:47:28.855450,-3.614
2025/07/05/17:47:28.975883,-3.615
2025/07/05/17:47:29.055677,-3.615
2025/07/05/17:47:29.155632,-3.615
2025/07/05/17:47:29.255916,-3.615
2025/07/05/17:47:29.355864,-3.615
2025/07/05/17:47:29.516971,-3.617
2025/07/05/17:47:29.636076,-3.618
2025/07/05/17:47:29.735746,-3.618
2025/07/05/17:47:29.819082,-3.618
2025/07/05/17:47:29.918543,-3.619
2025/07/05/17:47:30.019859,-3.619
2025/07/05/17:47:30.096606,-3.62
2025/07/05/17:47:30.175895,-3.62
2025/07/05/17:47:30.255706,-3.621
2025/07/05/17:47:30.355639,-3.622
2025/07/05/17:47:30.535342,-3.624
2025/07/05/17:47:30.637993,-3.625
2025/07/05/17:47:30.716798,-3.626
2025/07/05/17:47:30.818732,-3.628
2025/07/05/17:47:30.896083,-3.631
2025/07/05/17:47:30.996892,-3.634
2025/07/05/17:47:31.075681,-3.634
2025/07/05/17:47:31.177967,-3.635
2025/07/05/17:47:31.255952,-3.635
2025/07/05/17:47:31.355189,-3.635
2025/07/05/17:47:31.516273,-3.637
2025/07/05/17:47:31.619113,-3.639
2025/07/05/17:47:31.717492,-3.642
2025/07/05/17:47:31.819117,-3.644
2025/07/05/17:47:31.917090,-3.647
2025/07/05/17:47:32.016376,-3.648
2025/07/05/17:47:32.096543,-3.65
2025/07/05/17:47:32.176077,-3.651
2025/07/05/17:47:32.255481,-3.653
2025/07/05/17:47:32.355861,-3.654
2025/07/05/17:47:32.555959,-3.655
2025/07/05/17:47:32.635424,-3.654
2025/07/05/17:47:32.735528,-3.653
2025/07/05/17:47:32.835692,-3.653
2025/07/05/17:47:32.934891,-3.654
2025/07/05/17:47:33.055482,-3.655
2025/07/05/17:47:33.155805,-3.656
2025/07/05/17:47:33.255358,-3.657
2025/07/05/17:47:33.356064,-3.659
2025/07/05/17:47:33.535629,-3.658
2025/07/05/17:47:33.635406,-3.657
2025/07/05/17:47:33.736081,-3.656
2025/07/05/17:47:33.838699,-3.654
2025/07/05/17:47:33.955612,-3.654
2025/07/05/17:47:34.055964,-3.654
2025/07/05/17:47:34.155331,-3.656
2025/07/05/17:47:34.235050,-3.657
2025/07/05/17:47:34.335297,-3.66
2025/07/05/17:47:34.515625,-3.666
2025/07/05/17:47:34.596410,-3.669
2025/07/05/17:47:34.675303,-3.673
2025/07/05/17:47:34.755150,-3.676
2025/07/05/17:47:34.855100,-3.678
2025/07/05/17:47:34.975243,-3.677
2025/07/05/17:47:35.055104,-3.676
2025/07/05/17:47:35.155255,-3.674
2025/07/05/17:47:35.255731,-3.673
2025/07/05/17:47:35.355396,-3.671
2025/07/05/17:47:35.535116,-3.663
2025/07/05/17:47:35.635041,-3.658
2025/07/05/17:47:35.735591,-3.654
2025/07/05/17:47:35.835777,-3.652
2025/07/05/17:47:35.935909,-3.652
2025/07/05/17:47:36.055858,-3.649
2025/07/05/17:47:36.155467,-3.647
2025/07/05/17:47:36.254600,-3.645
2025/07/05/17:47:36.354854,-3.641
2025/07/05/17:47:36.496457,-3.64
2025/07/05/17:47:36.621370,-3.642
2025/07/05/17:47:36.696739,-3.643
2025/07/05/17:47:36.797784,-3.644
2025/07/05/17:47:36.896006,-3.646
2025/07/05/17:47:36.996888,-3.646
2025/07/05/17:47:37.076584,-3.645
2025/07/05/17:47:37.176835,-3.644
2025/07/05/17:47:37.255295,-3.643
2025/07/05/17:47:37.357057,-3.644
2025/07/05/17:47:37.555112,-3.642
2025/07/05/17:47:37.656246,-3.641
2025/07/05/17:47:37.736105,-3.642
2025/07/05/17:47:37.818327,-3.643
