time,.header.seq,.header.stamp.secs,.header.stamp.nsecs,.header.frame_id,.remote_timestamp_ns,.observed_offset_ns,.estimated_offset_ns,.round_trip_time_ms
2025/07/05/17:47:55.775991,9980,1751712475,774240981,,2849495105000,1751709626270590218,1751709626283147008,17.06413459777832
2025/07/05/17:47:55.874250,9981,1751712475,873858030,,2849595458000,1751709626269714372,1751709626283147008,17.3678035736084
2025/07/05/17:47:55.974373,9982,1751712475,974002233,,2849695028000,1751709626270302885,1751709626283147008,17.338926315307617
2025/07/05/17:47:56.074547,9983,1751712476,74123915,,2849795467000,1751709626269918773,1751709626283147008,17.46349334716797
2025/07/05/17:47:56.174815,9984,1751712476,174427109,,2849894554000,1751709626271016193,1751709626283147008,17.711814880371094
2025/07/05/17:47:56.274511,9985,1751712476,274249339,,2849995445000,1751709626269874083,1751709626283147008,17.572423934936523
2025/07/05/17:47:56.374615,9986,1751712476,374157467,,2850094864000,1751709626270576473,1751709626283147008,17.430158615112305
2025/07/05/17:47:56.474957,9987,1751712476,474418969,,2850195463000,1751709626270129427,1751709626283147008,17.649356842041016
2025/07/05/17:47:56.574895,9988,1751712476,574285445,,2850294578000,1751709626270938599,1751709626283147008,17.53406524658203
2025/07/05/17:47:56.675709,9989,1751712476,674618046,,2850394523000,1751709626271147503,1751709626283147008,17.89154624938965
2025/07/05/17:47:56.774208,9990,1751712476,773788761,,2850495307000,1751709626269831087,1751709626283147008,17.296846389770508
2025/07/05/17:47:56.874366,9991,1751712476,874065598,,2850595065000,1751709626270150760,1751709626283147008,17.448650360107422
2025/07/05/17:47:56.974843,9992,1751712476,974289511,,2850694873000,1751709626270639142,1751709626283147008,17.550607681274414
2025/07/05/17:47:57.074667,9993,1751712477,73917764,,2850795263000,1751709626269937318,1751709626283147008,17.431373596191406
2025/07/05/17:47:57.174623,9994,1751712477,174199570,,2850894991000,1751709626270362505,1751709626283147008,17.6884708404541
2025/07/05/17:47:57.275785,9995,1751712477,275055165,,2850995466000,1751709626270360218,1751709626283147008,18.454448699951172
2025/07/05/17:47:57.375538,9996,1751712477,374927029,,2851095110000,1751709626270650719,1751709626283147008,18.328983306884766
2025/07/05/17:47:57.474357,9997,1751712477,474107811,,2851195119000,1751709626270242857,1751709626283147008,17.233531951904297
2025/07/05/17:47:57.575125,9998,1751712477,574121268,,2851294764000,1751709626270667506,1751709626283147008,17.375783920288086
2025/07/05/17:47:57.674410,9999,1751712477,674114618,,2851395016000,1751709626270265894,1751709626283147008,17.662452697753906
2025/07/05/17:47:57.774799,10000,1751712477,774098537,,2851495056000,1751709626270234447,1751709626283147008,17.61288833618164
2025/07/05/17:47:57.874705,10001,1751712477,874154296,,2851595011000,1751709626270307676,1751709626283147008,17.667024612426758
2025/07/05/17:47:57.974228,10002,1751712477,973968736,,2851695101000,1751709626270199843,1751709626283147008,17.33233642578125
2025/07/05/17:47:58.075030,10003,1751712478,74332805,,2851794782000,1751709626270579773,1751709626283147008,17.703420639038086
2025/07/05/17:47:58.174260,10004,1751712478,173964469,,2851895452000,1751709626269772605,1751709626283147008,17.476360321044922
2025/07/05/17:47:58.274126,10005,1751712478,273943574,,2851995311000,1751709626269920294,1751709626283147008,17.421863555908203
2025/07/05/17:47:58.375336,10006,1751712478,375008255,,2852095446000,1751709626270302011,1751709626283147008,18.51626968383789
2025/07/05/17:47:58.474457,10007,1751712478,474148084,,2852195265000,1751709626270074343,1751709626283147008,17.612159729003906
2025/07/05/17:47:58.574017,10008,1751712478,573878556,,2852295089000,1751709626270100437,1751709626283147008,17.375158309936523
2025/07/05/17:47:58.674114,10009,1751712478,673985999,,2852395238000,1751709626269984743,1751709626283147008,17.35831642150879
2025/07/05/17:47:58.774135,10010,1751712478,773871483,,2852495259000,1751709626270035180,1751709626283147008,17.150251388549805
2025/07/05/17:47:58.874518,10011,1751712478,874099871,,2852595048000,1751709626270267969,1751709626283147008,17.56417465209961
2025/07/05/17:47:58.974821,10012,1751712478,974160492,,2852695321000,1751709626270058028,1751709626283147008,17.559293746948242
2025/07/05/17:47:59.074656,10013,1751712479,74180285,,2852795453000,1751709626269900729,1751709626283147008,17.649311065673828
2025/07/05/17:47:59.174620,10014,1751712479,174179944,,2852895111000,1751709626270237359,1751709626283147008,17.660173416137695
2025/07/05/17:47:59.274380,10015,1751712479,274048369,,2852995295000,1751709626269909282,1751709626283147008,17.421432495117188
2025/07/05/17:47:59.374557,10016,1751712479,374206717,,2853095328000,1751709626270022119,1751709626283147008,17.708702087402344
2025/07/05/17:47:59.476018,10017,1751712479,475025407,,2853194471000,1751709626271408593,1751709626283147008,18.287174224853516
2025/07/05/17:47:59.574770,10018,1751712479,574137335,,2853295119000,1751709626270190487,1751709626283147008,17.651187896728516
2025/07/05/17:47:59.674514,10019,1751712479,674042235,,2853395469000,1751709626269782250,1751709626283147008,17.576749801635742
2025/07/05/17:47:59.774428,10020,1751712479,773720063,,2853495255000,1751709626269853798,1751709626283147008,17.219192504882812
2025/07/05/17:47:59.874994,10021,1751712479,874354324,,2853595455000,1751709626269910367,1751709626283147008,17.718538284301758
2025/07/05/17:47:59.975287,10022,1751712479,974277503,,2853694823000,1751709626270621859,1751709626283147008,17.66083335876465
2025/07/05/17:48:00.074750,10023,1751712480,74285809,,2853794844000,1751709626270542115,1751709626283147008,17.795862197875977
2025/07/05/17:48:00.174146,10024,1751712480,173695051,,2853895012000,1751709626270078656,1751709626283147008,17.20415687561035
2025/07/05/17:48:00.275234,10025,1751712480,274740924,,2853995456000,1751709626270226025,1751709626283147008,18.109825134277344
2025/07/05/17:48:00.375531,10026,1751712480,374706295,,2854095286000,1751709626270343380,1751709626283147008,18.15086555480957
2025/07/05/17:48:00.474062,10027,1751712480,473971773,,2854194571000,1751709626270683581,1751709626283147008,17.2847843170166
2025/07/05/17:48:00.574579,10028,1751712480,574094752,,2854295473000,1751709626269873686,1751709626283147008,17.493127822875977
2025/07/05/17:48:00.674047,10029,1751712480,673923450,,2854395451000,1751709626269767706,1751709626283147008,17.407880783081055
2025/07/05/17:48:00.775552,10030,1751712480,774285504,,2854494528000,1751709626270979093,1751709626283147008,17.553293228149414
2025/07/05/17:48:00.874633,10031,1751712480,874091029,,2854595096000,1751709626270208123,1751709626283147008,17.565580368041992
2025/07/05/17:48:00.974122,10032,1751712480,973510307,,2854695278000,1751709626269747247,1751709626283147008,16.959779739379883
2025/07/05/17:48:01.073977,10033,1751712481,73629480,,2854795056000,1751709626269927578,1751709626283147008,16.999738693237305
2025/07/05/17:48:01.174566,10034,1751712481,174128565,,2854895314000,1751709626270022614,1751709626283147008,17.580228805541992
2025/07/05/17:48:01.274415,10035,1751712481,273742784,,2854995274000,1751709626269843543,1751709626283147008,17.24699592590332
2025/07/05/17:48:01.374568,10036,1751712481,374145318,,2855095291000,1751709626270028859,1751709626283147008,17.647327423095703
2025/07/05/17:48:01.474640,10037,1751712481,474200495,,2855195274000,1751709626270074563,1751709626283147008,17.700361251831055
2025/07/05/17:48:01.574788,10038,1751712481,573878093,,2855295288000,1751709626269895719,1751709626283147008,17.385223388671875
2025/07/05/17:48:01.675225,10039,1751712481,674761087,,2855395470000,1751709626270113269,1751709626283147008,18.109331130981445
2025/07/05/17:48:01.774574,10040,1751712481,774134170,,2855495301000,1751709626270015892,1751709626283147008,17.631105422973633
2025/07/05/17:48:01.874712,10041,1751712481,874055527,,2855595347000,1751709626269922490,1751709626283147008,17.56839370727539
2025/07/05/17:48:01.974833,10042,1751712481,974271882,,2855694843000,1751709626270556120,1751709626283147008,17.741846084594727
2025/07/05/17:48:02.074921,10043,1751712482,74299372,,2855795005000,1751709626270384430,1751709626283147008,17.816303253173828
2025/07/05/17:48:02.174726,10044,1751712482,174175810,,2855895315000,1751709626270015620,1751709626283147008,17.68775177001953
2025/07/05/17:48:02.274284,10045,1751712482,273914583,,2855995074000,1751709626270067146,1751709626283147008,17.28000259399414
2025/07/05/17:48:02.374398,10046,1751712482,374111587,,2856095091000,1751709626270205459,1751709626283147008,17.62656021118164
2025/07/05/17:48:02.475528,10047,1751712482,474304966,,2856195112000,1751709626270360132,1751709626283147008,17.662294387817383
2025/07/05/17:48:02.574495,10048,1751712482,573729723,,2856295113000,1751709626270000830,1751709626283147008,17.228378295898438
2025/07/05/17:48:02.675507,10049,1751712482,675034537,,2856395458000,1751709626270280859,1751709626283147008,18.58795166015625
2025/07/05/17:48:02.774609,10050,1751712482,773670563,,2856495275000,1751709626269802000,1751709626283147008,17.183380126953125
2025/07/05/17:48:02.874897,10051,1751712482,874294966,,2856595292000,1751709626270039975,1751709626283147008,17.65984344482422
2025/07/05/17:48:02.974942,10052,1751712482,974226263,,2856694718000,1751709626270736592,1751709626283147008,17.539043426513672
2025/07/05/17:48:03.075062,10053,1751712483,74261180,,2856795242000,1751709626270128266,1751709626283147008,17.77819061279297
2025/07/05/17:48:03.174023,10054,1751712483,173717358,,2856895116000,1751709626269988244,1751709626283147008,17.221546173095703
2025/07/05/17:48:03.274860,10055,1751712483,274144714,,2856995321000,1751709626269993021,1751709626283147008,17.658056259155273
2025/07/05/17:48:03.374891,10056,1751712483,373773160,,2857095023000,1751709626270113158,1751709626283147008,17.270597457885742
2025/07/05/17:48:03.474791,10057,1751712483,474343767,,2857195285000,1751709626270177611,1751709626283147008,17.48986053466797
2025/07/05/17:48:03.574590,10058,1751712483,574222593,,2857295089000,1751709626270315213,1751709626283147008,17.633258819580078
2025/07/05/17:48:03.676808,10059,1751712483,675400769,,2857395276000,1751709626270745320,1751709626283147008,18.74606704711914
2025/07/05/17:48:03.775175,10060,1751712483,774555210,,2857495297000,1751709626270311270,1751709626283147008,17.886789321899414
2025/07/05/17:48:03.874490,10061,1751712483,874028207,,2857595458000,1751709626269856221,1751709626283147008,17.421260833740234
2025/07/05/17:48:03.975104,10062,1751712483,974381667,,2857695271000,1751709626270177191,1751709626283147008,17.847049713134766
2025/07/05/17:48:04.075387,10063,1751712484,74691416,,2857795145000,1751709626270158708,1751709626283147008,17.52128028869629
2025/07/05/17:48:04.176276,10064,1751712484,174863448,,2857895234000,1751709626270450331,1751709626283147008,18.328523635864258
2025/07/05/17:48:04.275176,10065,1751712484,274478449,,2857995235000,1751709626270250166,1751709626283147008,17.982587814331055
2025/07/05/17:48:04.375269,10066,1751712484,374628684,,2858095035000,1751709626270513545,1751709626283147008,18.13066864013672
2025/07/05/17:48:04.474407,10067,1751712484,473988822,,2858195013000,1751709626270288842,1751709626283147008,17.37047004699707
2025/07/05/17:48:04.574035,10068,1751712484,573454434,,2858295101000,1751709626269907105,1751709626283147008,16.887737274169922
2025/07/05/17:48:04.674809,10069,1751712484,674506120,,2858395464000,1751709626269914062,1751709626283147008,17.805702209472656
2025/07/05/17:48:04.775417,10070,1751712484,774821421,,2858495452000,1751709626270196684,1751709626283147008,18.337215423583984
2025/07/05/17:48:04.875611,10071,1751712484,875023454,,2858595462000,1751709626270292785,1751709626283147008,18.530183792114258
2025/07/05/17:48:04.974887,10072,1751712484,974295280,,2858695260000,1751709626270245562,1751709626283147008,17.575695037841797
2025/07/05/17:48:05.074907,10073,1751712485,74212532,,2858795237000,1751709626270111066,1751709626283147008,17.724599838256836
2025/07/05/17:48:05.174316,10074,1751712485,173603232,,2858894936000,1751709626270127888,1751709626283147008,17.075389862060547
2025/07/05/17:48:05.274062,10075,1751712485,273819253,,2858995071000,1751709626270026530,1751709626283147008,17.153749465942383
2025/07/05/17:48:05.374498,10076,1751712485,374082527,,2859095104000,1751709626270179020,1751709626283147008,17.595361709594727
2025/07/05/17:48:05.474902,10077,1751712485,474207861,,2859194597000,1751709626270860234,1751709626283147008,17.497295379638672
2025/07/05/17:48:05.574147,10078,1751712485,573448427,,2859295112000,1751709626269860850,1751709626283147008,16.946792602539062
2025/07/05/17:48:05.674151,10079,1751712485,673914515,,2859395457000,1751709626269726622,1751709626283147008,17.458576202392578
2025/07/05/17:48:05.773923,10080,1751712485,773447657,,2859495091000,1751709626270036556,1751709626283147008,16.633075714111328
2025/07/05/17:48:05.874810,10081,1751712485,874346392,,2859595282000,1751709626270067698,1751709626283147008,17.719844818115234
2025/07/05/17:48:05.974472,10082,1751712485,974066516,,2859695244000,1751709626270151773,1751709626283147008,17.335954666137695
2025/07/05/17:48:06.074836,10083,1751712486,74285379,,2859794574000,1751709626270936713,1751709626283147008,17.545616149902344
2025/07/05/17:48:06.174995,10084,1751712486,174058536,,2859894596000,1751709626270742670,1751709626283147008,17.43574333190918
2025/07/05/17:48:06.274445,10085,1751712486,274042377,,2859995119000,1751709626270144195,1751709626283147008,17.554973602294922
2025/07/05/17:48:06.374417,10086,1751712486,373693419,,2860095122000,1751709626269974594,1751709626283147008,17.18932342529297
2025/07/05/17:48:06.474119,10087,1751712486,474010401,,2860195314000,1751709626269957301,1751709626283147008,17.31646728515625
2025/07/05/17:48:06.576211,10088,1751712486,574894553,,2860295040000,1751709626270663834,1751709626283147008,18.35775375366211
2025/07/05/17:48:06.675509,10089,1751712486,675086105,,2860395466000,1751709626270332174,1751709626283147008,18.571365356445312
2025/07/05/17:48:06.773556,10090,1751712486,773091959,,2860495040000,1751709626269799623,1751709626283147008,16.501203536987305
2025/07/05/17:48:06.874394,10091,1751712486,874089430,,2860595100000,1751709626270299346,1751709626283147008,17.376527786254883
2025/07/05/17:48:06.973527,10092,1751712486,973055378,,2860695322000,1751709626269479561,1751709626283147008,16.504133224487305
2025/07/05/17:48:07.074706,10093,1751712487,74381471,,2860794775000,1751709626270685885,1751709626283147008,17.56130599975586
2025/07/05/17:48:07.174900,10094,1751712487,174043169,,2860894570000,1751709626270823671,1751709626283147008,17.294450759887695
2025/07/05/17:48:07.274159,10095,1751712487,273579560,,2860995122000,1751709626269908912,1751709626283147008,17.09294891357422
2025/07/05/17:48:07.374026,10096,1751712487,373904307,,2861095346000,1751709626269847067,1751709626283147008,17.419771194458008
2025/07/05/17:48:07.474560,10097,1751712487,474066959,,2861194489000,1751709626270793857,1751709626283147008,17.56439971923828
2025/07/05/17:48:07.575026,10098,1751712487,574295303,,2861295462000,1751709626269943634,1751709626283147008,17.775848388671875
2025/07/05/17:48:07.674450,10099,1751712487,674256483,,2861394525000,1751709626270805804,1751709626283147008,17.594905853271484
2025/07/05/17:48:07.774453,10100,1751712487,774007358,,2861495077000,1751709626270234571,1751709626283147008,17.38817024230957
2025/07/05/17:48:07.874855,10101,1751712487,874235681,,2861595301000,1751709626270112589,1751709626283147008,17.640262603759766
2025/07/05/17:48:07.973889,10102,1751712487,973504119,,2861695102000,1751709626269916398,1751709626283147008,16.967594146728516
2025/07/05/17:48:08.076085,10103,1751712488,75403231,,2861795103000,1751709626271034541,1751709626283147008,18.51480484008789
2025/07/05/17:48:08.175233,10104,1751712488,174499167,,2861895313000,1751709626270189307,1751709626283147008,17.96305274963379
2025/07/05/17:48:08.275150,10105,1751712488,274883323,,2861995305000,1751709626270232032,1751709626283147008,18.10662078857422
2025/07/05/17:48:08.375928,10106,1751712488,374993959,,2862095348000,1751709626270400699,1751709626283147008,18.469833374023438
2025/07/05/17:48:08.474873,10107,1751712488,474253464,,2862195447000,1751709626269998065,1751709626283147008,17.61236000061035
2025/07/05/17:48:08.574443,10108,1751712488,573866475,,2862294991000,1751709626270183945,1751709626283147008,17.37868309020996
2025/07/05/17:48:08.674622,10109,1751712488,674139569,,2862395122000,1751709626270171507,1751709626283147008,17.684236526489258
2025/07/05/17:48:08.775958,10110,1751712488,774288364,,2862495323000,1751709626270090369,1751709626283147008,17.725461959838867
2025/07/05/17:48:08.874752,10111,1751712488,874475617,,2862595326000,1751709626270081058,1751709626283147008,17.677749633789062
2025/07/05/17:48:08.976252,10112,1751712488,975076108,,2862695078000,1751709626270719879,1751709626283147008,18.531007766723633
2025/07/05/17:48:09.075030,10113,1751712489,74399472,,2862795097000,1751709626270360876,1751709626283147008,17.878183364868164
2025/07/05/17:48:09.174699,10114,1751712489,174094725,,2862895231000,1751709626270079711,1751709626283147008,17.56385612487793
2025/07/05/17:48:09.275461,10115,1751712489,274742693,,2862995108000,1751709626270519976,1751709626283147008,18.20536231994629
2025/07/05/17:48:09.374691,10116,1751712489,374161395,,2863095015000,1751709626270357895,1751709626283147008,17.568571090698242
2025/07/05/17:48:09.474501,10117,1751712489,474197851,,2863195446000,1751709626269966821,1751709626283147008,17.302581787109375
2025/07/05/17:48:09.574179,10118,1751712489,573242667,,2863295102000,1751709626269831039,1751709626283147008,16.602964401245117
2025/07/05/17:48:09.675282,10119,1751712489,674112485,,2863394764000,1751709626270542661,1751709626283147008,17.594072341918945
2025/07/05/17:48:09.776181,10120,1751712489,774277381,,2863494501000,1751709626270920450,1751709626283147008,17.696096420288086
2025/07/05/17:48:09.876163,10121,1751712489,875074255,,2863595240000,1751709626270528331,1751709626283147008,18.585132598876953
2025/07/05/17:48:09.975219,10122,1751712489,974143018,,2863695076000,1751709626270235369,1751709626283147008,17.63522720336914
2025/07/05/17:48:10.075082,10123,1751712490,74812476,,2863795469000,1751709626269942517,1751709626283147008,17.83433723449707
2025/07/05/17:48:10.175795,10124,1751712490,174822599,,2863895097000,1751709626270551973,1751709626283147008,18.31890296936035
2025/07/05/17:48:10.274889,10125,1751712490,274251515,,2863995454000,1751709626269932435,1751709626283147008,17.70687484741211
2025/07/05/17:48:10.375221,10126,1751712490,374692079,,2864095447000,1751709626270142018,1751709626283147008,18.201379776000977
2025/07/05/17:48:10.474523,10127,1751712490,474096351,,2864195471000,1751709626269864302,1751709626283147008,17.51837921142578
2025/07/05/17:48:10.575374,10128,1751712490,574434570,,2864295098000,1751709626270429646,1751709626283147008,17.808269500732422
2025/07/05/17:48:10.675387,10129,1751712490,675090635,,2864395458000,1751709626270211759,1751709626283147008,18.16244125366211
2025/07/05/17:48:10.774344,10130,1751712490,774134261,,2864495071000,1751709626270316183,1751709626283147008,17.488983154296875
2025/07/05/17:48:10.875033,10131,1751712490,874604974,,2864595017000,1751709626270539453,1751709626283147008,18.08953094482422
2025/07/05/17:48:10.973393,10132,1751712490,972935739,,2864695292000,1751709626269436435,1751709626283147008,16.409297943115234
2025/07/05/17:48:11.074967,10133,1751712491,73844775,,2864795302000,1751709626269867468,1751709626283147008,17.330514907836914
2025/07/05/17:48:11.173336,10134,1751712491,172963116,,2864895023000,1751709626269720847,1751709626283147008,16.433502197265625
2025/07/05/17:48:11.275010,10135,1751712491,273787661,,2864994566000,1751709626270382246,1751709626283147008,16.4970760345459
2025/07/05/17:48:11.374596,10136,1751712491,374115832,,2865095285000,1751709626270036001,1751709626283147008,17.58415985107422
2025/07/05/17:48:11.475041,10137,1751712491,474080156,,2865195472000,1751709626269870011,1751709626283147008,17.472715377807617
2025/07/05/17:48:11.575652,10138,1751712491,574404673,,2865295449000,1751709626269990231,1751709626283147008,17.900705337524414
2025/07/05/17:48:11.675199,10139,1751712491,674507510,,2865395298000,1751709626270303320,1751709626283147008,17.80297088623047
2025/07/05/17:48:11.775059,10140,1751712491,773969778,,2865495389000,1751709626269861966,1751709626283147008,17.43334197998047
2025/07/05/17:48:11.875172,10141,1751712491,875014581,,2865595014000,1751709626270674767,1751709626283147008,18.19319725036621
2025/07/05/17:48:11.974463,10142,1751712491,974004695,,2865695015000,1751709626270272858,1751709626283147008,17.425973892211914
2025/07/05/17:48:12.075294,10143,1751712492,74814548,,2865795038000,1751709626270628800,1751709626283147008,18.283935546875
2025/07/05/17:48:12.173208,10144,1751712492,172959964,,2865894833000,1751709626269952235,1751709626283147008,16.34590721130371
2025/07/05/17:48:12.275442,10145,1751712492,274086683,,2865994601000,1751709626270725732,1751709626283147008,17.514360427856445
2025/07/05/17:48:12.373832,10146,1751712492,373329803,,2866094784000,1751709626270210029,1751709626283147008,16.665109634399414
2025/07/05/17:48:12.476014,10147,1751712492,475492272,,2866195471000,1751709626269969165,1751709626283147008,17.599388122558594
2025/07/05/17:48:12.574274,10148,1751712492,573986504,,2866295237000,1751709626270103466,1751709626283147008,17.288145065307617
2025/07/05/17:48:12.674822,10149,1751712492,674333931,,2866394491000,1751709626270965549,1751709626283147008,17.75045394897461
2025/07/05/17:48:12.775468,10150,1751712492,774818297,,2866495053000,1751709626270616683,1751709626283147008,18.291763305664062
2025/07/05/17:48:12.874070,10151,1751712492,873831511,,2866595128000,1751709626270041462,1751709626283147008,17.320402145385742
2025/07/05/17:48:12.975061,10152,1751712492,974249680,,2866694511000,1751709626270873766,1751709626283147008,17.71609878540039
2025/07/05/17:48:13.075153,10153,1751712493,74825404,,2866794803000,1751709626270550050,1751709626283147008,17.23193359375
2025/07/05/17:48:13.174881,10154,1751712493,173647970,,2866895457000,1751709626269685378,1751709626283147008,16.993087768554688
2025/07/05/17:48:13.273905,10155,1751712493,273168997,,2866994453000,1751709626270505516,1751709626283147008,16.41391944885254
2025/07/05/17:48:13.374233,10156,1751712493,373910232,,2867095024000,1751709626270172809,1751709626283147008,17.42291831970215
2025/07/05/17:48:13.474596,10157,1751712493,474161961,,2867194519000,1751709626270858866,1751709626283147008,17.56444549560547
2025/07/05/17:48:13.574139,10158,1751712493,573233831,,2867295270000,1751709626269601632,1751709626283147008,16.71859359741211
2025/07/05/17:48:13.674218,10159,1751712493,673852539,,2867395102000,1751709626269971827,1751709626283147008,17.225025177001953
2025/07/05/17:48:13.774705,10160,1751712493,774027746,,2867495117000,1751709626270177498,1751709626283147008,17.463035583496094
2025/07/05/17:48:13.874389,10161,1751712493,873647999,,2867595293000,1751709626269775643,1751709626283147008,17.155115127563477
2025/07/05/17:48:13.973997,10162,1751712493,973258851,,2867694463000,1751709626270418592,1751709626283147008,16.750295639038086
2025/07/05/17:48:14.074797,10163,1751712494,74276175,,2867795291000,1751709626270093710,1751709626283147008,17.778284072875977
2025/07/05/17:48:14.173954,10164,1751712494,173180184,,2867894492000,1751709626270340734,1751709626283147008,16.691343307495117
2025/07/05/17:48:14.274481,10165,1751712494,274277848,,2867995312000,1751709626270004225,1751709626283147008,17.60125732421875
2025/07/05/17:48:14.374417,10166,1751712494,373987550,,2868095309000,1751709626269974660,1751709626283147008,17.40406036376953
2025/07/05/17:48:14.474924,10167,1751712494,474268390,,2868195356000,1751709626270126151,1751709626283147008,17.568511962890625
2025/07/05/17:48:14.573583,10168,1751712494,573070275,,2868294978000,1751709626269924818,1751709626283147008,16.331302642822266
2025/07/05/17:48:14.674607,10169,1751712494,674147736,,2868394775000,1751709626270659296,1751709626283147008,17.42395782470703
2025/07/05/17:48:14.775008,10170,1751712494,774298872,,2868494794000,1751709626270688367,1751709626283147008,17.629331588745117
2025/07/05/17:48:14.873974,10171,1751712494,873815256,,2868595114000,1751709626269985136,1751709626283147008,17.178607940673828
2025/07/05/17:48:14.975202,10172,1751712494,973773595,,2868694582000,1751709626270668545,1751709626283147008,17.042438507080078
2025/07/05/17:48:15.074156,10173,1751712495,73613884,,2868795118000,1751709626269933487,1751709626283147008,17.119504928588867
2025/07/05/17:48:15.173691,10174,1751712495,173248551,,2868895107000,1751709626269766807,1751709626283147008,16.745075225830078
2025/07/05/17:48:15.274858,10175,1751712495,274179562,,2868995444000,1751709626269890634,1751709626283147008,17.68627166748047
2025/07/05/17:48:15.373980,10176,1751712495,373330158,,2869095051000,1751709626269860018,1751709626283147008,16.83293342590332
2025/07/05/17:48:15.474467,10177,1751712495,474115766,,2869195036000,1751709626270298237,1751709626283147008,17.220802307128906
2025/07/05/17:48:15.574487,10178,1751712495,574191883,,2869295078000,1751709626270313511,1751709626283147008,17.597017288208008
2025/07/05/17:48:15.674087,10179,1751712495,673612366,,2869395272000,1751709626269810128,1751709626283147008,17.056692123413086
2025/07/05/17:48:15.773751,10180,1751712495,773215102,,2869495451000,1751709626269456037,1751709626283147008,16.612340927124023
2025/07/05/17:48:15.874701,10181,1751712495,874257813,,2869595292000,1751709626270130216,1751709626283147008,17.667612075805664
2025/07/05/17:48:15.973663,10182,1751712495,973229436,,2869695332000,1751709626269656421,1751709626283147008,16.477346420288086
2025/07/05/17:48:16.074574,10183,1751712496,74344527,,2869794455000,1751709626271018579,1751709626283147008,17.46759605407715
2025/07/05/17:48:16.174142,10184,1751712496,173277488,,2869894555000,1751709626270448606,1751709626283147008,16.544132232666016
2025/07/05/17:48:16.273792,10185,1751712496,273327682,,2869995121000,1751709626269805550,1751709626283147008,16.798677444458008
2025/07/05/17:48:16.374676,10186,1751712496,374163250,,2870095108000,1751709626270247573,1751709626283147008,17.611778259277344
2025/07/05/17:48:16.474607,10187,1751712496,474160082,,2870194599000,1751709626270740754,1751709626283147008,17.63719940185547
2025/07/05/17:48:16.573590,10188,1751712496,573169685,,2870295001000,1751709626269879452,1751709626283147008,16.574853897094727
2025/07/05/17:48:16.674279,10189,1751712496,674142025,,2870394555000,1751709626270738373,1751709626283147008,17.38490867614746
2025/07/05/17:48:16.774275,10190,1751712496,773219992,,2870494508000,1751709626270475030,1751709626283147008,16.469253540039062
2025/07/05/17:48:16.874161,10191,1751712496,873375540,,2870595087000,1751709626269850637,1751709626283147008,16.87226676940918
2025/07/05/17:48:16.974427,10192,1751712496,973445403,,2870695006000,1751709626270088186,1751709626283147008,16.698280334472656
2025/07/05/17:48:17.075205,10193,1751712497,74122932,,2870794531000,1751709626270894031,1751709626283147008,17.391653060913086
2025/07/05/17:48:17.174456,10194,1751712497,173627248,,2870894578000,1751709626270602068,1751709626283147008,16.890687942504883
2025/07/05/17:48:17.273631,10195,1751712497,273353921,,2870994908000,1751709626269952250,1751709626283147008,16.663780212402344
2025/07/05/17:48:17.374364,10196,1751712497,374087704,,2871095304000,1751709626269994631,1751709626283147008,17.57433319091797
2025/07/05/17:48:17.474570,10197,1751712497,474156411,,2871195345000,1751709626270096378,1751709626283147008,17.425352096557617
2025/07/05/17:48:17.573465,10198,1751712497,573089325,,2871294834000,1751709626270081162,1751709626283147008,16.344886779785156
2025/07/05/17:48:17.674318,10199,1751712497,673648934,,2871394910000,1751709626270275624,1751709626283147008,16.923145294189453
2025/07/05/17:48:17.774402,10200,1751712497,774026356,,2871495221000,1751709626270032504,1751709626283147008,17.541500091552734
2025/07/05/17:48:17.873428,10201,1751712497,873174992,,2871594466000,1751709626270303130,1751709626283147008,16.532102584838867
2025/07/05/17:48:17.974032,10202,1751712497,973197597,,2871694785000,1751709626270184373,1751709626283147008,16.45281219482422
2025/07/05/17:48:18.073822,10203,1751712498,73208249,,2871794997000,1751709626269847057,1751709626283147008,16.724706649780273
2025/07/05/17:48:18.173540,10204,1751712498,173018249,,2871895276000,1751709626269483152,1751709626283147008,16.512954711914062
2025/07/05/17:48:18.274440,10205,1751712498,274036039,,2871995274000,1751709626269987775,1751709626283147008,17.54469871520996
2025/07/05/17:48:18.373354,10206,1751712498,373038648,,2872095096000,1751709626269667149,1751709626283147008,16.547639846801758
2025/07/05/17:48:18.474512,10207,1751712498,474230437,,2872195267000,1751709626270158254,1751709626283147008,17.35289764404297
2025/07/05/17:48:18.573426,10208,1751712498,573015585,,2872294478000,1751709626270325857,1751709626283147008,16.419212341308594
2025/07/05/17:48:18.674327,10209,1751712498,673976275,,2872394513000,1751709626270755412,1751709626283147008,17.411678314208984
2025/07/05/17:48:18.773542,10210,1751712498,773139975,,2872495117000,1751709626269787111,1751709626283147008,16.46822166442871
2025/07/05/17:48:18.873426,10211,1751712498,873054980,,2872595110000,1751709626269672313,1751709626283147008,16.541826248168945
2025/07/05/17:48:18.973447,10212,1751712498,973062042,,2872695027000,1751709626269756510,1751709626283147008,16.55349349975586
2025/07/05/17:48:19.074646,10213,1751712499,74198234,,2872795121000,1751709626270163313,1751709626283147008,17.57476234436035
2025/07/05/17:48:19.174361,10214,1751712499,174044750,,2872895458000,1751709626269864140,1751709626283147008,17.442340850830078
2025/07/05/17:48:19.274296,10215,1751712499,273613256,,2872995307000,1751709626269761747,1751709626283147008,17.084728240966797
2025/07/05/17:48:19.374504,10216,1751712499,374115794,,2873095351000,1751709626269965343,1751709626283147008,17.595504760742188
2025/07/05/17:48:19.473545,10217,1751712499,473072711,,2873194502000,1751709626270282898,1751709626283147008,16.571834564208984
2025/07/05/17:48:19.573581,10218,1751712499,573147486,,2873295023000,1751709626269865507,1751709626283147008,16.51342010498047
2025/07/05/17:48:19.674069,10219,1751712499,673379966,,2873394833000,1751709626270133851,1751709626283147008,16.55863380432129
2025/07/05/17:48:19.773914,10220,1751712499,773286256,,2873494503000,1751709626270493465,1751709626283147008,16.575971603393555
2025/07/05/17:48:19.873957,10221,1751712499,873233231,,2873595319000,1751709626269536190,1751709626283147008,16.752721786499023
2025/07/05/17:48:19.974401,10222,1751712499,973271816,,2873694532000,1751709626270464433,1751709626283147008,16.54694938659668
2025/07/05/17:48:20.074602,10223,1751712500,74204838,,2873795076000,1751709626270270222,1751709626283147008,17.71375846862793
2025/07/05/17:48:20.173964,10224,1751712500,173064179,,2873895306000,1751709626269478916,1751709626283147008,16.55498695373535
2025/07/05/17:48:20.273353,10225,1751712500,273213777,,2873995120000,1751709626269669674,1751709626283147008,16.586490631103516
2025/07/05/17:48:20.374352,10226,1751712500,374060244,,2874095117000,1751709626270156380,1751709626283147008,17.569881439208984
2025/07/05/17:48:20.474087,10227,1751712500,473302570,,2874195104000,1751709626269896117,1751709626283147008,16.601274490356445
2025/07/05/17:48:20.573181,10228,1751712500,572862047,,2874295117000,1751709626269558226,1751709626283147008,16.369842529296875
2025/07/05/17:48:20.674397,10229,1751712500,674038392,,2874395117000,1751709626270158321,1751709626283147008,17.523164749145508
2025/07/05/17:48:20.773677,10230,1751712500,773212711,,2874495283000,1751709626269614161,1751709626283147008,16.627439498901367
2025/07/05/17:48:20.873737,10231,1751712500,873342960,,2874594926000,1751709626270009470,1751709626283147008,16.546602249145508
2025/07/05/17:48:20.973405,10232,1751712500,973034316,,2874695326000,1751709626269488405,1751709626283147008,16.436304092407227
2025/07/05/17:48:21.073862,10233,1751712501,73233083,,2874795465000,1751709626269412345,1751709626283147008,16.707902908325195
2025/07/05/17:48:21.173856,10234,1751712501,173192303,,2874895245000,1751709626269647440,1751709626283147008,16.596105575561523
2025/07/05/17:48:21.273846,10235,1751712501,273285083,,2874995471000,1751709626269468619,1751709626283147008,16.687593460083008
2025/07/05/17:48:21.373638,10236,1751712501,373104494,,2875095121000,1751709626269678074,1751709626283147008,16.607389450073242
2025/07/05/17:48:21.474334,10237,1751712501,474083886,,2875195338000,1751709626269932360,1751709626283147008,17.342079162597656
2025/07/05/17:48:21.573747,10238,1751712501,573267550,,2875294887000,1751709626269999134,1751709626283147008,16.759212493896484
2025/07/05/17:48:21.674443,10239,1751712501,674154634,,2875395082000,1751709626270257692,1751709626283147008,17.626068115234375
2025/07/05/17:48:21.773613,10240,1751712501,773228241,,2875494839000,1751709626270029964,1751709626283147008,16.713876724243164
2025/07/05/17:48:21.873691,10241,1751712501,873224241,,2875594529000,1751709626270443727,1751709626283147008,16.497142791748047
2025/07/05/17:48:21.973659,10242,1751712501,973174795,,2875695320000,1751709626269557606,1751709626283147008,16.590845108032227
2025/07/05/17:48:22.073503,10243,1751712502,73212673,,2875795459000,1751709626269392916,1751709626283147008,16.3925838470459
2025/07/05/17:48:22.173899,10244,1751712502,173031868,,2875895062000,1751709626269713020,1751709626283147008,16.50986671447754
2025/07/05/17:48:22.273640,10245,1751712502,273256629,,2875995305000,1751709626269610831,1751709626283147008,16.67781639099121
2025/07/05/17:48:22.373567,10246,1751712502,373150480,,2876095091000,1751709626269826215,1751709626283147008,16.462562561035156
2025/07/05/17:48:22.474409,10247,1751712502,473982021,,2876194464000,1751709626270894079,1751709626283147008,17.2442684173584
2025/07/05/17:48:22.573465,10248,1751712502,572993924,,2876294454000,1751709626270337467,1751709626283147008,16.401439666748047
2025/07/05/17:48:22.673542,10249,1751712502,673305444,,2876395119000,1751709626269794973,1751709626283147008,16.51503562927246
2025/07/05/17:48:22.773490,10250,1751712502,773089797,,2876494935000,1751709626269875229,1751709626283147008,16.554962158203125
2025/07/05/17:48:22.873589,10251,1751712502,873074843,,2876594997000,1751709626269842275,1751709626283147008,16.467056274414062
2025/07/05/17:48:22.973614,10252,1751712502,973143494,,2876695010000,1751709626269898758,1751709626283147008,16.465492248535156
2025/07/05/17:48:23.074261,10253,1751712503,73298034,,2876794517000,1751709626270466356,1751709626283147008,16.625764846801758
2025/07/05/17:48:23.173770,10254,1751712503,173186585,,2876894554000,1751709626270416954,1751709626283147008,16.42731285095215
2025/07/05/17:48:23.273935,10255,1751712503,273246041,,2876995108000,1751709626269696724,1751709626283147008,16.60516929626465
2025/07/05/17:48:23.373554,10256,1751712503,373100530,,2877095104000,1751709626269698354,1751709626283147008,16.592376708984375
2025/07/05/17:48:23.474753,10257,1751712503,474193979,,2877195290000,1751709626270178348,1751709626283147008,17.44758415222168
2025/07/05/17:48:23.573554,10258,1751712503,573213740,,2877295238000,1751709626269667988,1751709626283147008,16.612022399902344
2025/07/05/17:48:23.673625,10259,1751712503,673177316,,2877395470000,1751709626269461880,1751709626283147008,16.486875534057617
2025/07/05/17:48:23.773441,10260,1751712503,773078771,,2877494622000,1751709626270214963,1751709626283147008,16.480012893676758
2025/07/05/17:48:23.873724,10261,1751712503,873410983,,2877594728000,1751709626270282790,1751709626283147008,16.53908348083496
2025/07/05/17:48:23.973625,10262,1751712503,973157800,,2877694982000,1751709626269960561,1751709626283147008,16.426435470581055
2025/07/05/17:48:24.074182,10263,1751712504,73229777,,2877795461000,1751709626269522380,1751709626283147008,16.489152908325195
2025/07/05/17:48:24.173815,10264,1751712504,172975174,,2877894997000,1751709626269757847,1751709626283147008,16.4371395111084
2025/07/05/17:48:24.273649,10265,1751712504,273170407,,2877995328000,1751709626269517445,1751709626283147008,16.645551681518555
2025/07/05/17:48:24.373819,10266,1751712504,373159519,,2878095105000,1751709626269739456,1751709626283147008,16.62655258178711
2025/07/05/17:48:24.473587,10267,1751712504,473300115,,2878194455000,1751709626270500650,1751709626283147008,16.406597137451172
2025/07/05/17:48:24.573968,10268,1751712504,573303649,,2878295447000,1751709626269467693,1751709626283147008,16.77444076538086
2025/07/05/17:48:24.673668,10269,1751712504,673056505,,2878395003000,1751709626269812229,1751709626283147008,16.47901725769043
2025/07/05/17:48:24.773992,10270,1751712504,773255864,,2878495114000,1751709626269805010,1751709626283147008,16.67013931274414
2025/07/05/17:48:24.873636,10271,1751712504,873164974,,2878595047000,1751709626269806858,1751709626283147008,16.6185302734375
2025/07/05/17:48:24.973770,10272,1751712504,973273488,,2878695080000,1751709626269844949,1751709626283147008,16.693361282348633
2025/07/05/17:48:25.073663,10273,1751712505,73423011,,2878795244000,1751709626269658878,1751709626283147008,16.77128791809082
2025/07/05/17:48:25.173446,10274,1751712505,172958523,,2878895468000,1751709626269275489,1751709626283147008,16.426841735839844
2025/07/05/17:48:25.273995,10275,1751712505,273305057,,2878995324000,1751709626269583563,1751709626283147008,16.791412353515625
2025/07/05/17:48:25.373650,10276,1751712505,373201909,,2879095036000,1751709626269830305,1751709626283147008,16.667579650878906
2025/07/05/17:48:25.473676,10277,1751712505,473183766,,2879195081000,1751709626269778387,1751709626283147008,16.645381927490234
2025/07/05/17:48:25.573599,10278,1751712505,573190421,,2879295121000,1751709626269770091,1751709626283147008,16.594684600830078
2025/07/05/17:48:25.673740,10279,1751712505,673282048,,2879394457000,1751709626270480409,1751709626283147008,16.431074142456055
2025/07/05/17:48:25.773892,10280,1751712505,772922966,,2879494760000,1751709626270063785,1751709626283147008,16.194538116455078
2025/07/05/17:48:25.873688,10281,1751712505,872996616,,2879595094000,1751709626269656902,1751709626283147008,16.488019943237305
2025/07/05/17:48:25.974213,10282,1751712505,973390346,,2879694811000,1751709626270240573,1751709626283147008,16.673904418945312
2025/07/05/17:48:26.073701,10283,1751712506,73230354,,2879795110000,1751709626269766337,1751709626283147008,16.70476531982422
2025/07/05/17:48:26.173228,10284,1751712506,172883264,,2879895015000,1751709626269689363,1751709626283147008,16.354291915893555
2025/07/05/17:48:26.273839,10285,1751712506,273293379,,2879994858000,1751709626269990452,1751709626283147008,16.644702911376953
2025/07/05/17:48:26.373578,10286,1751712506,373197714,,2880095062000,1751709626269840776,1751709626283147008,16.585458755493164
2025/07/05/17:48:26.473544,10287,1751712506,473074973,,2880195304000,1751709626269550857,1751709626283147008,16.43509864807129
2025/07/05/17:48:26.573682,10288,1751712506,573210152,,2880295080000,1751709626269861108,1751709626283147008,16.534423828125
2025/07/05/17:48:26.674614,10289,1751712506,673641788,,2880394484000,1751709626270633402,1751709626283147008,17.045011520385742
2025/07/05/17:48:26.773834,10290,1751712506,772768576,,2880495112000,1751709626269528115,1751709626283147008,16.25339698791504
2025/07/05/17:48:26.873295,10291,1751712506,872981474,,2880595347000,1751709626269348241,1751709626283147008,16.323068618774414
2025/07/05/17:48:26.973535,10292,1751712506,973136744,,2880695117000,1751709626269710439,1751709626283147008,16.615093231201172
2025/07/05/17:48:27.073797,10293,1751712507,73061162,,2880795082000,1751709626269711596,1751709626283147008,16.530065536499023
2025/07/05/17:48:27.173951,10294,1751712507,173185477,,2880895109000,1751709626269775117,1751709626283147008,16.599199295043945
2025/07/05/17:48:27.273515,10295,1751712507,273057897,,2880995100000,1751709626269724040,1751709626283147008,16.4643497467041
2025/07/05/17:48:27.373546,10296,1751712507,373085099,,2881095019000,1751709626269822466,1751709626283147008,16.483640670776367
2025/07/05/17:48:27.473546,10297,1751712507,473294428,,2881195319000,1751709626269584644,1751709626283147008,16.363943099975586
2025/07/05/17:48:27.573973,10298,1751712507,573236540,,2881294534000,1751709626270390597,1751709626283147008,16.62000846862793
2025/07/05/17:48:27.673313,10299,1751712507,672862380,,2881395077000,1751709626269582343,1751709626283147008,16.40334129333496
2025/07/05/17:48:27.773555,10300,1751712507,772759167,,2881495335000,1751709626269295877,1751709626283147008,16.25300407409668
2025/07/05/17:48:27.873613,10301,1751712507,873080148,,2881595432000,1751709626269372398,1751709626283147008,16.547908782958984
2025/07/05/17:48:27.974171,10302,1751712507,973151878,,2881694578000,1751709626270370254,1751709626283147008,16.403417587280273
2025/07/05/17:48:28.073648,10303,1751712508,73316311,,2881794439000,1751709626270518304,1751709626283147008,16.444461822509766
2025/07/05/17:48:28.173659,10304,1751712508,173228786,,2881894540000,1751709626270437708,1751709626283147008,16.49774932861328
2025/07/05/17:48:28.273619,10305,1751712508,273115987,,2881995094000,1751709626269701974,1751709626283147008,16.637617111206055
2025/07/05/17:48:28.375000,10306,1751712508,373820917,,2882094998000,1751709626270156418,1751709626283147008,17.31015968322754
2025/07/05/17:48:28.473595,10307,1751712508,473089454,,2882195066000,1751709626269846834,1751709626283147008,16.349462509155273
2025/07/05/17:48:28.574769,10308,1751712508,573937675,,2882295032000,1751709626270194881,1751709626283147008,17.398162841796875
2025/07/05/17:48:28.675268,10309,1751712508,674783021,,2882395273000,1751709626270005946,1751709626283147008,17.262611389160156
2025/07/05/17:48:28.775439,10310,1751712508,773778691,,2882495230000,1751709626269995406,1751709626283147008,17.08772087097168
2025/07/05/17:48:28.875504,10311,1751712508,873842193,,2882595092000,1751709626270077348,1751709626283147008,17.31846809387207
2025/07/05/17:48:28.974849,10312,1751712508,973504197,,2882695116000,1751709626269881102,1751709626283147008,16.987960815429688
2025/07/05/17:48:29.075176,10313,1751712509,74081702,,2882795108000,1751709626270180559,1751709626283147008,17.55623435974121
2025/07/05/17:48:29.175157,10314,1751712509,174004262,,2882895434000,1751709626269808215,1751709626283147008,17.48967742919922
2025/07/05/17:48:29.274698,10315,1751712509,274317549,,2882995242000,1751709626269781332,1751709626283147008,17.026426315307617
2025/07/05/17:48:29.375286,10316,1751712509,373766869,,2883095319000,1751709626269803988,1751709626283147008,17.261537551879883
2025/07/05/17:48:29.474062,10317,1751712509,473232346,,2883195456000,1751709626269485650,1751709626283147008,16.577388763427734
2025/07/05/17:48:29.575048,10318,1751712509,573369200,,2883295289000,1751709626269639548,1751709626283147008,16.85759162902832
2025/07/05/17:48:29.675102,10319,1751712509,673857679,,2883394991000,1751709626270185429,1751709626283147008,17.33958625793457
2025/07/05/17:48:29.774389,10320,1751712509,773795348,,2883495030000,1751709626270173023,1751709626283147008,17.177555084228516
2025/07/05/17:48:29.875135,10321,1751712509,874439826,,2883595034000,1751709626270102157,1751709626283147008,17.08816146850586
2025/07/05/17:48:29.975628,10322,1751712509,973973020,,2883694476000,1751709626270862225,1751709626283147008,17.237560272216797
2025/07/05/17:48:30.074149,10323,1751712510,72637672,,2883795031000,1751709626269541590,1751709626283147008,16.106075286865234
2025/07/05/17:48:30.173776,10324,1751712510,173177679,,2883894524000,1751709626270345219,1751709626283147008,16.61325454711914
2025/07/05/17:48:30.274914,10325,1751712510,273792895,,2883995291000,1751709626269853183,1751709626283147008,17.274227142333984
2025/07/05/17:48:30.375606,10326,1751712510,373433050,,2884095103000,1751709626269866299,1751709626283147008,16.902450561523438
2025/07/05/17:48:30.473604,10327,1751712510,473303055,,2884195112000,1751709626269844280,1751709626283147008,16.427614212036133
2025/07/05/17:48:30.575078,10328,1751712510,574055582,,2884295464000,1751709626269902369,1751709626283147008,17.341657638549805
2025/07/05/17:48:30.675110,10329,1751712510,673994579,,2884395272000,1751709626269964686,1751709626283147008,17.49163246154785
2025/07/05/17:48:30.774763,10330,1751712510,773772028,,2884494996000,1751709626270177184,1751709626283147008,17.170373916625977
2025/07/05/17:48:30.874596,10331,1751712510,873910242,,2884595105000,1751709626270094036,1751709626283147008,17.39598274230957
2025/07/05/17:48:30.972626,10332,1751712510,972181205,,2884695067000,1751709626269281784,1751709626283147008,15.661982536315918
2025/07/05/17:48:31.073723,10333,1751712511,73372174,,2884794500000,1751709626270452218,1751709626283147008,16.40287971496582
2025/07/05/17:48:31.174135,10334,1751712511,173208845,,2884894791000,1751709626270105197,1751709626283147008,16.621803283691406
2025/07/05/17:48:31.274919,10335,1751712511,273569026,,2884994475000,1751709626270563745,1751709626283147008,17.032264709472656
2025/07/05/17:48:31.375077,10336,1751712511,373890861,,2885095300000,1751709626269884000,1751709626283147008,17.38559913635254
2025/07/05/17:48:31.473643,10337,1751712511,473180044,,2885194504000,1751709626270344958,1751709626283147008,16.658601760864258
2025/07/05/17:48:31.574990,10338,1751712511,573389069,,2885295296000,1751709626269649200,1751709626283147008,16.863908767700195
2025/07/05/17:48:31.675360,10339,1751712511,675003964,,2885395266000,1751709626270082916,1751709626283147008,17.67083740234375
2025/07/05/17:48:31.775628,10340,1751712511,773990667,,2885494885000,1751709626270385439,1751709626283147008,17.40997314453125
2025/07/05/17:48:31.875358,10341,1751712511,873366167,,2885595076000,1751709626269869766,1751709626283147008,16.818490982055664
2025/07/05/17:48:31.973923,10342,1751712511,973120817,,2885695013000,1751709626269884843,1751709626283147008,16.44213104248047
2025/07/05/17:48:32.074462,10343,1751712512,73752261,,2885795114000,1751709626270000467,1751709626283147008,17.26932716369629
2025/07/05/17:48:32.175019,10344,1751712512,173443347,,2885894469000,1751709626270537018,1751709626283147008,16.854900360107422
2025/07/05/17:48:32.274569,10345,1751712512,274155450,,2885995319000,1751709626269899209,1751709626283147008,17.23473358154297
2025/07/05/17:48:32.375266,10346,1751712512,373668230,,2886095289000,1751709626269877870,1751709626283147008,16.97327995300293
2025/07/05/17:48:32.473771,10347,1751712512,473285567,,2886194485000,1751709626270429711,1751709626283147008,16.737796783447266
2025/07/05/17:48:32.575046,10348,1751712512,573811498,,2886295096000,1751709626270098218,1751709626283147008,17.2108154296875
2025/07/05/17:48:32.674989,10349,1751712512,673573748,,2886395336000,1751709626269726413,1751709626283147008,16.99625587463379
2025/07/05/17:48:32.773561,10350,1751712512,773034768,,2886494522000,1751709626270261138,1751709626283147008,16.498489379882812
2025/07/05/17:48:32.873219,10351,1751712512,872869691,,2886595463000,1751709626269239357,1751709626283147008,16.006465911865234
2025/07/05/17:48:32.973684,10352,1751712512,972641815,,2886695007000,1751709626269587341,1751709626283147008,16.08933448791504
2025/07/05/17:48:33.075047,10353,1751712513,73737446,,2886795099000,1751709626270015368,1751709626283147008,17.217905044555664
2025/07/05/17:48:33.174914,10354,1751712513,173406242,,2886895458000,1751709626269502013,1751709626283147008,16.863670349121094
2025/07/05/17:48:33.275042,10355,1751712513,273825367,,2886994484000,1751709626270669688,1751709626283147008,17.320144653320312
2025/07/05/17:48:33.374838,10356,1751712513,373907369,,2887095305000,1751709626269905469,1751709626283147008,17.361736297607422
2025/07/05/17:48:33.473764,10357,1751712513,473407732,,2887195098000,1751709626269827154,1751709626283147008,16.62125587463379
2025/07/05/17:48:33.575310,10358,1751712513,574054015,,2887295446000,1751709626269891733,1751709626283147008,17.410320281982422
2025/07/05/17:48:33.674931,10359,1751712513,673983993,,2887394481000,1751709626270752659,1751709626283147008,17.467702865600586
2025/07/05/17:48:33.774885,10360,1751712513,773996722,,2887495065000,1751709626270226935,1751709626283147008,17.388120651245117
2025/07/05/17:48:33.874983,10361,1751712513,873955596,,2887595116000,1751709626270154599,1751709626283147008,17.344951629638672
2025/07/05/17:48:33.974990,10362,1751712513,973952392,,2887695032000,1751709626270197686,1751709626283147008,17.42067527770996
2025/07/05/17:48:34.074776,10363,1751712514,74205932,,2887795317000,1751709626269646222,1751709626283147008,16.86480712890625
2025/07/05/17:48:34.175560,10364,1751712514,173886867,,2887894457000,1751709626270732490,1751709626283147008,17.363630294799805
2025/07/05/17:48:34.274691,10365,1751712514,273810492,,2887995095000,1751709626270053663,1751709626283147008,17.295379638671875
2025/07/05/17:48:34.375063,10366,1751712514,373972183,,2888095012000,1751709626270255574,1751709626283147008,17.380727767944336
2025/07/05/17:48:34.473701,10367,1751712514,473215322,,2888195301000,1751709626269600048,1751709626283147008,16.62453842163086
2025/07/05/17:48:34.575027,10368,1751712514,573301743,,2888295083000,1751709626269803814,1751709626283147008,16.808717727661133
2025/07/05/17:48:34.675225,10369,1751712514,674663603,,2888395268000,1751709626269936623,1751709626283147008,17.404693603515625
2025/07/05/17:48:34.775926,10370,1751712514,773919621,,2888495244000,1751709626269969457,1751709626283147008,17.392427444458008
2025/07/05/17:48:34.875118,10371,1751712514,873997662,,2888595114000,1751709626270119453,1751709626283147008,17.422460556030273
2025/07/05/17:48:34.974836,10372,1751712514,973873696,,2888695230000,1751709626270005499,1751709626283147008,17.25275421142578
2025/07/05/17:48:35.075013,10373,1751712515,74002688,,2888795085000,1751709626270175909,1751709626283147008,17.46538734436035
2025/07/05/17:48:35.174913,10374,1751712515,173280642,,2888895067000,1751709626269811125,1751709626283147008,16.782115936279297
2025/07/05/17:48:35.274580,10375,1751712515,274168886,,2888995317000,1751709626269878002,1751709626283147008,17.352319717407227
2025/07/05/17:48:35.375170,10376,1751712515,373877053,,2889094888000,1751709626270292722,1751709626283147008,17.362415313720703
2025/07/05/17:48:35.474096,10377,1751712515,473151443,,2889195111000,1751709626269831475,1751709626283147008,16.41425895690918
2025/07/05/17:48:35.574512,10378,1751712515,573322939,,2889295036000,1751709626269875262,1751709626283147008,16.800643920898438
2025/07/05/17:48:35.675550,10379,1751712515,673965762,,2889395463000,1751709626269761341,1751709626283147008,17.45723533630371
2025/07/05/17:48:35.774540,10380,1751712515,773273154,,2889495465000,1751709626269432877,1751709626283147008,16.717546463012695
2025/07/05/17:48:35.874434,10381,1751712515,874102084,,2889595278000,1751709626269931517,1751709626283147008,17.388504028320312
2025/07/05/17:48:35.973643,10382,1751712515,972649368,,2889694829000,1751709626269847180,1751709626283147008,15.942418098449707
2025/07/05/17:48:36.072707,10383,1751712516,72106101,,2889794541000,1751709626269816366,1751709626283147008,15.49458122253418
2025/07/05/17:48:36.172520,10384,1751712516,172174024,,2889894999000,1751709626269387203,1751709626283147008,15.572912216186523
2025/07/05/17:48:36.273590,10385,1751712516,273184103,,2889995326000,1751709626269574211,1751709626283147008,16.564043045043945
2025/07/05/17:48:36.373453,10386,1751712516,372571321,,2890094509000,1751709626270071127,1751709626283147008,15.979039192199707
2025/07/05/17:48:36.473596,10387,1751712516,473223249,,2890195334000,1751709626269489316,1751709626283147008,16.444799423217773
2025/07/05/17:48:36.573143,10388,1751712516,572522439,,2890294600000,1751709626269973095,1751709626283147008,15.895828247070312
2025/07/05/17:48:36.674511,10389,1751712516,673615361,,2890395437000,1751709626269633293,1751709626283147008,17.081647872924805
2025/07/05/17:48:36.774876,10390,1751712516,773924982,,2890495272000,1751709626269948236,1751709626283147008,17.38792610168457
2025/07/05/17:48:36.874942,10391,1751712516,873962033,,2890594503000,1751709626270721238,1751709626283147008,17.445903778076172
2025/07/05/17:48:36.974109,10392,1751712516,973228150,,2890694519000,1751709626270468247,1751709626283147008,16.477561950683594
2025/07/05/17:48:37.073997,10393,1751712517,73349968,,2890795473000,1751709626269422787,1751709626283147008,16.684648513793945
2025/07/05/17:48:37.173838,10394,1751712517,173209578,,2890894773000,1751709626270124620,1751709626283147008,16.62105369567871
2025/07/05/17:48:37.274673,10395,1751712517,273798696,,2890995299000,1751709626269860494,1751709626283147008,17.25604248046875
2025/07/05/17:48:37.375269,10396,1751712517,373855278,,2891094926000,1751709626270260425,1751709626283147008,17.309877395629883
2025/07/05/17:48:37.473725,10397,1751712517,473224991,,2891195441000,1751709626269544444,1751709626283147008,16.475242614746094
2025/07/05/17:48:37.574916,10398,1751712517,574039485,,2891295094000,1751709626270184759,1751709626283147008,17.50017738342285
2025/07/05/17:48:37.675141,10399,1751712517,674689544,,2891395277000,1751709626269919528,1751709626283147008,17.26298713684082
2025/07/05/17:48:37.775804,10400,1751712517,774016103,,2891495456000,1751709626269801717,1751709626283147008,17.490896224975586
2025/07/05/17:48:37.875386,10401,1751712517,873751282,,2891595121000,1751709626270044106,1751709626283147008,17.151960372924805
2025/07/05/17:48:37.974900,10402,1751712517,974009381,,2891695313000,1751709626269947607,1751709626283147008,17.473421096801758
2025/07/05/17:48:38.075018,10403,1751712518,74044694,,2891795088000,1751709626270187652,1751709626283147008,17.514158248901367
2025/07/05/17:48:38.174648,10404,1751712518,173186315,,2891895459000,1751709626269396166,1751709626283147008,16.640132904052734
2025/07/05/17:48:38.275131,10405,1751712518,274707035,,2891995228000,1751709626269952405,1751709626283147008,17.300397872924805
2025/07/05/17:48:38.375524,10406,1751712518,373803727,,2892095298000,1751709626269892895,1751709626283147008,17.196191787719727
2025/07/05/17:48:38.474013,10407,1751712518,473275941,,2892195041000,1751709626269966794,1751709626283147008,16.531829833984375
2025/07/05/17:48:38.574307,10408,1751712518,573138365,,2892295009000,1751709626269838256,1751709626283147008,16.55710792541504
2025/07/05/17:48:38.674995,10409,1751712518,673788009,,2892395098000,1751709626270032800,1751709626283147008,17.286863327026367
2025/07/05/17:48:38.774521,10410,1751712518,773121455,,2892495123000,1751709626269680639,1751709626283147008,16.60837173461914
2025/07/05/17:48:38.874205,10411,1751712518,873874906,,2892595088000,1751709626269754115,1751709626283147008,16.460567474365234
2025/07/05/17:48:38.974082,10412,1751712518,973318130,,2892694609000,1751709626270420014,1751709626283147008,16.573270797729492
2025/07/05/17:48:39.075334,10413,1751712519,73118962,,2892795283000,1751709626269517380,1751709626283147008,16.611818313598633
2025/07/05/17:48:39.175207,10414,1751712519,173988106,,2892895111000,1751709626270113552,1751709626283147008,17.493255615234375
2025/07/05/17:48:39.274808,10415,1751712519,273214730,,2892995448000,1751709626269406188,1751709626283147008,16.683544158935547
2025/07/05/17:48:39.375047,10416,1751712519,373725534,,2893095241000,1751709626269874786,1751709626283147008,17.199399948120117
2025/07/05/17:48:39.473577,10417,1751712519,473336468,,2893195015000,1751709626269851351,1751709626283147008,16.65780258178711
2025/07/05/17:48:39.574858,10418,1751712519,573714436,,2893294465000,1751709626270793460,1751709626283147008,16.885255813598633
2025/07/05/17:48:39.674389,10419,1751712519,673739167,,2893395460000,1751709626269682051,1751709626283147008,17.18733787536621
2025/07/05/17:48:39.774642,10420,1751712519,773912495,,2893495105000,1751709626270147118,1751709626283147008,17.31505012512207
2025/07/05/17:48:39.875127,10421,1751712519,873850552,,2893595087000,1751709626270090299,1751709626283147008,17.321977615356445
2025/07/05/17:48:39.974951,10422,1751712519,974006442,,2893695121000,1751709626270129323,1751709626283147008,17.489286422729492
2025/07/05/17:48:40.075471,10423,1751712520,74850676,,2893795036000,1751709626270223969,1751709626283147008,17.357271194458008
2025/07/05/17:48:40.175384,10424,1751712520,173769571,,2893895120000,1751709626270123265,1751709626283147008,17.025331497192383
2025/07/05/17:48:40.275280,10425,1751712520,273689347,,2893995088000,1751709626270026493,1751709626283147008,17.128725051879883
2025/07/05/17:48:40.375042,10426,1751712520,373877621,,2894095124000,1751709626270101610,1751709626283147008,17.271528244018555
2025/07/05/17:48:40.475108,10427,1751712520,473857516,,2894195228000,1751709626269959039,1751709626283147008,17.32038688659668
2025/07/05/17:48:40.573445,10428,1751712520,572515791,,2894294556000,1751709626270069304,1751709626283147008,15.777405738830566
2025/07/05/17:48:40.674029,10429,1751712520,673723123,,2894394984000,1751709626269976397,1751709626283147008,16.979774475097656
2025/07/05/17:48:40.775582,10430,1751712520,773963599,,2894495024000,1751709626270210075,1751709626283147008,17.43369483947754
2025/07/05/17:48:40.874837,10431,1751712520,873155016,,2894595064000,1751709626269816303,1751709626283147008,16.522743225097656
2025/07/05/17:48:40.974086,10432,1751712520,973238217,,2894694795000,1751709626270194266,1751709626283147008,16.493993759155273
2025/07/05/17:48:41.074860,10433,1751712521,74070187,,2894795457000,1751709626269831415,1751709626283147008,17.526443481445312
2025/07/05/17:48:41.174922,10434,1751712521,173907352,,2894895450000,1751709626269756398,1751709626283147008,17.367473602294922
2025/07/05/17:48:41.274413,10435,1751712521,273932264,,2894995347000,1751709626269459576,1751709626283147008,16.612022399902344
2025/07/05/17:48:41.375015,10436,1751712521,373858430,,2895095269000,1751709626269920004,1751709626283147008,17.311952590942383
2025/07/05/17:48:41.473975,10437,1751712521,473278321,,2895195133000,1751709626269881502,1751709626283147008,16.523822784423828
2025/07/05/17:48:41.574246,10438,1751712521,572967913,,2895295098000,1751709626269622879,1751709626283147008,16.46833038330078
2025/07/05/17:48:41.675219,10439,1751712521,673950875,,2895395462000,1751709626269726891,1751709626283147008,17.48584747314453
2025/07/05/17:48:41.775321,10440,1751712521,773784233,,2895495277000,1751709626269866342,1751709626283147008,17.257688522338867
2025/07/05/17:48:41.874720,10441,1751712521,873847446,,2895595305000,1751709626269381881,1751709626283147008,16.384437561035156
2025/07/05/17:48:41.974057,10442,1751712521,973236655,,2895695119000,1751709626269804229,1751709626283147008,16.622844696044922
2025/07/05/17:48:42.074288,10443,1751712522,73030838,,2895795276000,1751709626269485777,1751709626283147008,16.51628875732422
2025/07/05/17:48:42.174849,10444,1751712522,173930345,,2895895080000,1751709626270215378,1751709626283147008,17.235544204711914
2025/07/05/17:48:42.274597,10445,1751712522,274035779,,2895995271000,1751709626270003352,1751709626283147008,17.49005889892578
2025/07/05/17:48:42.375280,10446,1751712522,373647009,,2896095105000,1751709626269985529,1751709626283147008,17.088720321655273
2025/07/05/17:48:42.474752,10447,1751712522,474433197,,2896195306000,1751709626269891164,1751709626283147008,17.308944702148438
2025/07/05/17:48:42.572408,10448,1751712522,572083312,,2896295133000,1751709626269236856,1751709626283147008,15.42381763458252
2025/07/05/17:48:42.673491,10449,1751712522,672759162,,2896394557000,1751709626270073811,1751709626283147008,16.253751754760742
2025/07/05/17:48:42.773612,10450,1751712522,773270957,,2896494459000,1751709626270454633,1751709626283147008,16.711620330810547
2025/07/05/17:48:42.874289,10451,1751712522,873760522,,2896595319000,1751709626269800862,1751709626283147008,17.273914337158203
2025/07/05/17:48:42.972662,10452,1751712522,972209467,,2896694823000,1751709626269636814,1751709626283147008,15.495508193969727
2025/07/05/17:48:43.073767,10453,1751712523,73301881,,2896795462000,1751709626269413961,1751709626283147008,16.622421264648438
2025/07/05/17:48:43.173926,10454,1751712523,173241978,,2896894611000,1751709626270278735,1751709626283147008,16.70073127746582
2025/07/05/17:48:43.275424,10455,1751712523,274011877,,2896995456000,1751709626269807624,1751709626283147008,17.467287063598633
2025/07/05/17:48:43.374722,10456,1751712523,373968098,,2897095392000,1751709626269867935,1751709626283147008,17.39145851135254
2025/07/05/17:48:43.473682,10457,1751712523,473202719,,2897195470000,1751709626269396726,1751709626283147008,16.66815948486328
2025/07/05/17:48:43.573984,10458,1751712523,573284168,,2897294595000,1751709626270413861,1751709626283147008,16.547014236450195
2025/07/05/17:48:43.673914,10459,1751712523,673395396,,2897394480000,1751709626270436602,1751709626283147008,16.65290641784668
2025/07/05/17:48:43.773820,10460,1751712523,773175836,,2897494776000,1751709626270121622,1751709626283147008,16.55352783203125
2025/07/05/17:48:43.874329,10461,1751712523,873160067,,2897594443000,1751709626270445028,1751709626283147008,16.539329528808594
2025/07/05/17:48:43.972613,10462,1751712523,972097528,,2897695049000,1751709626269337351,1751709626283147008,15.419636726379395
2025/07/05/17:48:44.074291,10463,1751712524,72823128,,2897794999000,1751709626269771807,1751709626283147008,16.079416275024414
2025/07/05/17:48:44.172627,10464,1751712524,172109256,,2897894617000,1751709626269752274,1751709626283147008,15.47658920288086
2025/07/05/17:48:44.273661,10465,1751712524,273356119,,2897994546000,1751709626270381755,1751709626283147008,16.636768341064453
2025/07/05/17:48:44.373313,10466,1751712524,373094435,,2898094576000,1751709626270272836,1751709626283147008,16.48853874206543
2025/07/05/17:48:44.475736,10467,1751712524,473622344,,2898195112000,1751709626270069212,1751709626283147008,16.85505485534668
2025/07/05/17:48:44.574024,10468,1751712524,573233671,,2898295303000,1751709626269687023,1751709626283147008,16.483558654785156
2025/07/05/17:48:44.674409,10469,1751712524,673598931,,2898395352000,1751709626269682203,1751709626283147008,17.10610008239746
2025/07/05/17:48:44.774432,10470,1751712524,773061906,,2898495134000,1751709626269647436,1751709626283147008,16.53180694580078
2025/07/05/17:48:44.875471,10471,1751712524,874926215,,2898595065000,1751709626270153722,1751709626283147008,17.25731658935547
2025/07/05/17:48:44.973776,10472,1751712524,973291784,,2898695269000,1751709626269676798,1751709626283147008,16.687055587768555
2025/07/05/17:48:45.074353,10473,1751712525,72710022,,2898795304000,1751709626269286601,1751709626283147008,16.212875366210938
2025/07/05/17:48:45.174694,10474,1751712525,172895422,,2898895100000,1751709626269593726,1751709626283147008,16.37807273864746
2025/07/05/17:48:45.274611,10475,1751712525,273848559,,2898995083000,1751709626270138914,1751709626283147008,17.229543685913086
2025/07/05/17:48:45.374745,10476,1751712525,372858438,,2899095324000,1751709626269358167,1751709626283147008,16.327041625976562
2025/07/05/17:48:45.473583,10477,1751712525,473250207,,2899195295000,1751709626269617208,1751709626283147008,16.334440231323242
2025/07/05/17:48:45.573692,10478,1751712525,573249537,,2899295282000,1751709626269618828,1751709626283147008,16.694324493408203
2025/07/05/17:48:45.673745,10479,1751712525,672226834,,2899395270000,1751709626269121341,1751709626283147008,15.646621704101562
2025/07/05/17:48:45.772668,10480,1751712525,772108194,,2899494522000,1751709626269879733,1751709626283147008,15.410357475280762
2025/07/05/17:48:45.873583,10481,1751712525,873167550,,2899594572000,1751709626270323764,1751709626283147008,16.540536880493164
2025/07/05/17:48:45.972629,10482,1751712525,972161951,,2899695021000,1751709626269407907,1751709626283147008,15.463254928588867
2025/07/05/17:48:46.073003,10483,1751712526,72302836,,2899795273000,1751709626269132110,1751709626283147008,15.55421257019043
2025/07/05/17:48:46.172638,10484,1751712526,172067826,,2899894580000,1751709626269760682,1751709626283147008,15.450677871704102
2025/07/05/17:48:46.274341,10485,1751712526,272776745,,2899995092000,1751709626269543729,1751709626283147008,16.260848999023438
2025/07/05/17:48:46.374296,10486,1751712526,372930697,,2900095090000,1751709626269626997,1751709626283147008,16.40083885192871
2025/07/05/17:48:46.473938,10487,1751712526,473260260,,2900195304000,1751709626269685060,1751709626283147008,16.538162231445312
2025/07/05/17:48:46.574616,10488,1751712526,573070180,,2900295281000,1751709626269507197,1751709626283147008,16.544960021972656
2025/07/05/17:48:46.675395,10489,1751712526,674902927,,2900395289000,1751709626269927366,1751709626283147008,17.401838302612305
2025/07/05/17:48:46.774649,10490,1751712526,772745514,,2900495317000,1751709626269342757,1751709626283147008,16.143455505371094
2025/07/05/17:48:46.874359,10491,1751712526,872802410,,2900594859000,1751709626269795489,1751709626283147008,16.259702682495117
2025/07/05/17:48:46.972939,10492,1751712526,972185960,,2900694909000,1751709626269546095,1751709626283147008,15.456859588623047
2025/07/05/17:48:47.073609,10493,1751712527,72529906,,2900794781000,1751709626269788815,1751709626283147008,15.916609764099121
2025/07/05/17:48:47.174128,10494,1751712527,172908495,,2900895262000,1751709626269428746,1751709626283147008,16.41392707824707
2025/07/05/17:48:47.274854,10495,1751712527,273653112,,2900995065000,1751709626269644806,1751709626283147008,16.24978256225586
2025/07/05/17:48:47.373002,10496,1751712527,372215452,,2901095312000,1751709626269091700,1751709626283147008,15.617440223693848
2025/07/05/17:48:47.473126,10497,1751712527,472167578,,2901194496000,1751709626269960882,1751709626283147008,15.417637825012207
2025/07/05/17:48:47.572682,10498,1751712527,572165418,,2901294797000,1751709626269657018,1751709626283147008,15.419163703918457
2025/07/05/17:48:47.673080,10499,1751712527,672027880,,2901395263000,1751709626269004972,1751709626283147008,15.516643524169922
2025/07/05/17:48:47.774804,10500,1751712527,772707438,,2901495450000,1751709626269196402,1751709626283147008,16.09621810913086
2025/07/05/17:48:47.874953,10501,1751712527,874232730,,2901595463000,1751709626269444847,1751709626283147008,16.76096534729004
2025/07/05/17:48:47.973783,10502,1751712527,973295005,,2901694583000,1751709626270437487,1751709626283147008,16.54410171508789
2025/07/05/17:48:48.072695,10503,1751712528,72297116,,2901794457000,1751709626269960202,1751709626283147008,15.755515098571777
2025/07/05/17:48:48.174302,10504,1751712528,172938515,,2901895241000,1751709626269464877,1751709626283147008,16.444272994995117
2025/07/05/17:48:48.274807,10505,1751712528,272891197,,2901995046000,1751709626269655333,1751709626283147008,16.354284286499023
2025/07/05/17:48:48.374328,10506,1751712528,372500024,,2902095064000,1751709626269436479,1751709626283147008,15.973155975341797
2025/07/05/17:48:48.472638,10507,1751712528,472347429,,2902195463000,1751709626268945481,1751709626283147008,15.591922760009766
2025/07/05/17:48:48.572719,10508,1751712528,572098905,,2902295337000,1751709626268984168,1751709626283147008,15.552741050720215
2025/07/05/17:48:48.675635,10509,1751712528,673854264,,2902395281000,1751709626269936532,1751709626283147008,17.249107360839844
2025/07/05/17:48:48.774417,10510,1751712528,772493372,,2902495270000,1751709626269230592,1751709626283147008,15.956757545471191
2025/07/05/17:48:48.874259,10511,1751712528,872812191,,2902595123000,1751709626269551405,1751709626283147008,16.252885818481445
2025/07/05/17:48:48.975366,10512,1751712528,973208239,,2902695288000,1751709626269571026,1751709626283147008,16.669649124145508
2025/07/05/17:48:49.075150,10513,1751712529,74824613,,2902795462000,1751709626269848930,1751709626283147008,17.388940811157227
2025/07/05/17:48:49.172484,10514,1751712529,172083746,,2902895105000,1751709626269225362,1751709626283147008,15.504124641418457
2025/07/05/17:48:49.274437,10515,1751712529,272950804,,2902994763000,1751709626269997980,1751709626283147008,16.351423263549805
2025/07/05/17:48:49.372692,10516,1751712529,372169437,,2903094462000,1751709626269931445,1751709626283147008,15.548420906066895
2025/07/05/17:48:49.472612,10517,1751712529,472096410,,2903195293000,1751709626269050982,1751709626283147008,15.500935554504395
2025/07/05/17:48:49.574827,10518,1751712529,572858105,,2903295314000,1751709626269408854,1751709626283147008,16.24557113647461
2025/07/05/17:48:49.674521,10519,1751712529,673767555,,2903395108000,1751709626269595234,1751709626283147008,16.44695472717285
2025/07/05/17:48:49.774497,10520,1751712529,772799227,,2903495305000,1751709626269396460,1751709626283147008,16.169574737548828
2025/07/05/17:48:49.874454,10521,1751712529,872727953,,2903595242000,1751709626269381798,1751709626283147008,16.188108444213867
2025/07/05/17:48:49.974262,10522,1751712529,973254610,,2903694791000,1751709626270182483,1751709626283147008,16.558504104614258
2025/07/05/17:48:50.074296,10523,1751712530,72792148,,2903795122000,1751709626269514443,1751709626283147008,16.279071807861328
2025/07/05/17:48:50.174202,10524,1751712530,172601701,,2903895295000,1751709626269290302,1751709626283147008,16.00830841064453
2025/07/05/17:48:50.274304,10525,1751712530,273480677,,2903995284000,1751709626269322192,1751709626283147008,16.16288948059082
2025/07/05/17:48:50.373192,10526,1751712530,372332876,,2904095373000,1751709626269053114,1751709626283147008,15.794938087463379
2025/07/05/17:48:50.473474,10527,1751712530,472550089,,2904195315000,1751709626269331978,1751709626283147008,15.802393913269043
2025/07/05/17:48:50.572795,10528,1751712530,572204390,,2904294470000,1751709626269933780,1751709626283147008,15.598246574401855
2025/07/05/17:48:50.674128,10529,1751712530,672579842,,2904395469000,1751709626269093429,1751709626283147008,16.001220703125
2025/07/05/17:48:50.772395,10530,1751712530,772079712,,2904494512000,1751709626269837962,1751709626283147008,15.45562744140625
2025/07/05/17:48:50.872972,10531,1751712530,872268813,,2904595076000,1751709626269278126,1751709626283147008,15.618374824523926
2025/07/05/17:48:50.972617,10532,1751712530,972037045,,2904695306000,1751709626268963828,1751709626283147008,15.529521942138672
2025/07/05/17:48:51.072827,10533,1751712531,72254955,,2904794512000,1751709626269885511,1751709626283147008,15.71196174621582
2025/07/05/17:48:51.173096,10534,1751712531,172496963,,2904894604000,1751709626269895790,1751709626283147008,15.987794876098633
2025/07/05/17:48:51.274433,10535,1751712531,272906564,,2904995271000,1751709626269417237,1751709626283147008,16.406343460083008
2025/07/05/17:48:51.374792,10536,1751712531,372954650,,2905095311000,1751709626269417025,1751709626283147008,16.427043914794922
2025/07/05/17:48:51.472725,10537,1751712531,472296442,,2905195458000,1751709626268992420,1751709626283147008,15.403508186340332
2025/07/05/17:48:51.574235,10538,1751712531,572773505,,2905294533000,1751709626270253775,1751709626283147008,15.956870079040527
2025/07/05/17:48:51.675317,10539,1751712531,673780316,,2905395297000,1751709626269839825,1751709626283147008,17.25913429260254
2025/07/05/17:48:51.774286,10540,1751712531,772849555,,2905495103000,1751709626269567496,1751709626283147008,16.33402442932129
2025/07/05/17:48:51.874396,10541,1751712531,872907921,,2905595097000,1751709626269608477,1751709626283147008,16.379833221435547
2025/07/05/17:48:51.972452,10542,1751712531,972110630,,2905695103000,1751709626269277727,1751709626283147008,15.457063674926758
2025/07/05/17:48:52.074383,10543,1751712532,73768619,,2905795114000,1751709626269636115,1751709626283147008,16.40926742553711
2025/07/05/17:48:52.173768,10544,1751712532,172320537,,2905895280000,1751709626269139258,1751709626283147008,15.770537376403809
2025/07/05/17:48:52.272851,10545,1751712532,272256937,,2905995096000,1751709626269376123,1751709626283147008,15.563532829284668
2025/07/05/17:48:52.372646,10546,1751712532,372199168,,2906095459000,1751709626268991144,1751709626283147008,15.494970321655273
2025/07/05/17:48:52.472600,10547,1751712532,472172788,,2906195391000,1751709626268955831,1751709626283147008,15.644025802612305
2025/07/05/17:48:52.574610,10548,1751712532,572620630,,2906295251000,1751709626269311481,1751709626283147008,16.095102310180664
2025/07/05/17:48:52.675091,10549,1751712532,673899398,,2906395108000,1751709626269678276,1751709626283147008,16.694284439086914
2025/07/05/17:48:52.774624,10550,1751712532,772834966,,2906495310000,1751709626269347097,1751709626283147008,16.324546813964844
2025/07/05/17:48:52.874869,10551,1751712532,872997857,,2906595110000,1751709626269676381,1751709626283147008,16.39774513244629
2025/07/05/17:48:52.973066,10552,1751712532,972208758,,2906694861000,1751709626269622376,1751709626283147008,15.446842193603516
2025/07/05/17:48:53.073421,10553,1751712533,72254768,,2906794447000,1751709626269986615,1751709626283147008,15.638467788696289
2025/07/05/17:48:53.173162,10554,1751712533,172259168,,2906895100000,1751709626269299464,1751709626283147008,15.7157621383667
2025/07/05/17:48:53.274179,10555,1751712533,273420237,,2906995277000,1751709626269308202,1751709626283147008,16.165685653686523
2025/07/05/17:48:53.374334,10556,1751712533,372743831,,2907095108000,1751709626269519865,1751709626283147008,16.207921981811523
2025/07/05/17:48:53.474143,10557,1751712533,473218839,,2907195473000,1751709626269429684,1751709626283147008,16.628612518310547
2025/07/05/17:48:53.574231,10558,1751712533,572474416,,2907295103000,1751709626269429616,1751709626283147008,15.85888385772705
2025/07/05/17:48:53.674612,10559,1751712533,672866433,,2907395452000,1751709626269245110,1751709626283147008,16.31947898864746
2025/07/05/17:48:53.774342,10560,1751712533,772424664,,2907495115000,1751709626269357991,1751709626283147008,15.882640838623047
2025/07/05/17:48:53.874439,10561,1751712533,873646380,,2907595055000,1751709626269645292,1751709626283147008,16.3287296295166
2025/07/05/17:48:53.973215,10562,1751712533,972285953,,2907694834000,1751709626269611605,1751709626283147008,15.676926612854004
2025/07/05/17:48:54.074189,10563,1751712534,72802674,,2907795071000,1751709626269566513,1751709626283147008,16.30038070678711
2025/07/05/17:48:54.174066,10564,1751712534,172113200,,2907895074000,1751709626269244152,1751709626283147008,15.565376281738281
2025/07/05/17:48:54.274827,10565,1751712534,272913472,,2907995432000,1751709626269285093,1751709626283147008,16.36368751525879
2025/07/05/17:48:54.374829,10566,1751712534,372674952,,2908095102000,1751709626269525336,1751709626283147008,16.069894790649414
2025/07/05/17:48:54.473734,10567,1751712534,473391090,,2908195304000,1751709626269606494,1751709626283147008,16.62002182006836
2025/07/05/17:48:54.574061,10568,1751712534,572756185,,2908295086000,1751709626269622802,1751709626283147008,16.072538375854492
2025/07/05/17:48:54.674438,10569,1751712534,673819825,,2908395463000,1751709626269709058,1751709626283147008,17.286392211914062
2025/07/05/17:48:54.774447,10570,1751712534,772854277,,2908495445000,1751709626269228330,1751709626283147008,16.332746505737305
2025/07/05/17:48:54.874435,10571,1751712534,872773498,,2908595104000,1751709626269584947,1751709626283147008,16.148765563964844
2025/07/05/17:48:54.974675,10572,1751712534,972934264,,2908695008000,1751709626269720925,1751709626283147008,16.37955665588379
2025/07/05/17:48:55.074059,10573,1751712535,73456965,,2908794591000,1751709626270037574,1751709626283147008,16.025846481323242
2025/07/05/17:48:55.172711,10574,1751712535,172184139,,2908894604000,1751709626269752199,1751709626283147008,15.652413368225098
2025/07/05/17:48:55.272976,10575,1751712535,272252481,,2908994812000,1751709626269621433,1751709626283147008,15.635149002075195
2025/07/05/17:48:55.372622,10576,1751712535,372172405,,2909094808000,1751709626269580239,1751709626283147008,15.565448760986328
2025/07/05/17:48:55.473385,10577,1751712535,473019084,,2909195288000,1751709626269521114,1751709626283147008,16.41695213317871
2025/07/05/17:48:55.574352,10578,1751712535,572491135,,2909295104000,1751709626269426919,1751709626283147008,15.893592834472656
2025/07/05/17:48:55.674495,10579,1751712535,673944704,,2909395110000,1751709626269699231,1751709626283147008,16.61419105529785
2025/07/05/17:48:55.774872,10580,1751712535,772482649,,2909495102000,1751709626269390562,1751709626283147008,15.959603309631348
2025/07/05/17:48:55.873840,10581,1751712535,872178047,,2909595025000,1751709626269347449,1751709626283147008,15.584576606750488
2025/07/05/17:48:55.974411,10582,1751712535,972904663,,2909695246000,1751709626269442076,1751709626283147008,16.408161163330078
2025/07/05/17:48:56.074227,10583,1751712536,72671468,,2909794554000,1751709626270015613,1751709626283147008,16.17832374572754
2025/07/05/17:48:56.174458,10584,1751712536,172639649,,2909895083000,1751709626269478007,1751709626283147008,16.130878448486328
2025/07/05/17:48:56.274455,10585,1751712536,273678578,,2909995112000,1751709626269587950,1751709626283147008,16.368776321411133
2025/07/05/17:48:56.373652,10586,1751712536,372309733,,2910095277000,1751709626269142547,1751709626283147008,15.764643669128418
2025/07/05/17:48:56.473007,10587,1751712536,471891392,,2910195290000,1751709626269008023,1751709626283147008,15.183127403259277
2025/07/05/17:48:56.572696,10588,1751712536,572199092,,2910294617000,1751709626269793000,1751709626283147008,15.57442855834961
2025/07/05/17:48:56.673343,10589,1751712536,672694571,,2910394513000,1751709626270106625,1751709626283147008,16.145498275756836
2025/07/05/17:48:56.772850,10590,1751712536,772248070,,2910494603000,1751709626269811292,1751709626283147008,15.662505149841309
2025/07/05/17:48:56.873081,10591,1751712536,872518853,,2910594895000,1751709626269190829,1751709626283147008,15.161754608154297
2025/07/05/17:48:56.973962,10592,1751712536,972544873,,2910695442000,1751709626269084781,1751709626283147008,16.006107330322266
2025/07/05/17:48:57.074511,10593,1751712537,72882269,,2910795028000,1751709626269727423,1751709626283147008,16.22821044921875
2025/07/05/17:48:57.174340,10594,1751712537,172739127,,2910895290000,1751709626269419860,1751709626283147008,16.03372573852539
2025/07/05/17:48:57.274718,10595,1751712537,272761225,,2910995053000,1751709626269627238,1751709626283147008,16.130123138427734
2025/07/05/17:48:57.374975,10596,1751712537,372615140,,2911095457000,1751709626269147391,1751709626283147008,16.000507354736328
2025/07/05/17:48:57.472896,10597,1751712537,472346540,,2911195254000,1751709626269124979,1751709626283147008,15.65377426147461
2025/07/05/17:48:57.572614,10598,1751712537,572248277,,2911295085000,1751709626269365773,1751709626283147008,15.591350555419922
2025/07/05/17:48:57.674586,10599,1751712537,672810195,,2911394794000,1751709626269892099,1751709626283147008,16.229740142822266
2025/07/05/17:48:57.773926,10600,1751712537,772440574,,2911495286000,1751709626269220687,1751709626283147008,15.838939666748047
2025/07/05/17:48:57.874404,10601,1751712537,872927425,,2911595444000,1751709626269278198,1751709626283147008,16.383081436157227
2025/07/05/17:48:57.974980,10602,1751712537,972831367,,2911694943000,1751709626269755944,1751709626283147008,16.236909866333008
2025/07/05/17:48:58.074321,10603,1751712538,73529109,,2911795380000,1751709626269272643,1751709626283147008,16.223268508911133
2025/07/05/17:48:58.172500,10604,1751712538,172186474,,2911895123000,1751709626269576352,1751709626283147008,14.957962036132812
2025/07/05/17:48:58.272257,10605,1751712538,271968390,,2911995044000,1751709626269189331,1751709626283147008,15.464587211608887
2025/07/05/17:48:58.372056,10606,1751712538,371887703,,2912095020000,1751709626269180019,1751709626283147008,15.373019218444824
2025/07/05/17:48:58.472138,10607,1751712538,471863732,,2912195110000,1751709626269106861,1751709626283147008,15.290609359741211
2025/07/05/17:48:58.572829,10608,1751712538,572197242,,2912295110000,1751709626269305055,1751709626283147008,15.560652732849121
2025/07/05/17:48:58.672343,10609,1751712538,672150246,,2912394468000,1751709626269802249,1751709626283147008,15.516603469848633
2025/07/05/17:48:58.772459,10610,1751712538,772098744,,2912494810000,1751709626269552260,1751709626283147008,15.46960735321045
2025/07/05/17:48:58.872135,10611,1751712538,871944534,,2912595100000,1751709626269165687,1751709626283147008,15.354162216186523
2025/07/05/17:48:58.972207,10612,1751712538,971945834,,2912694600000,1751709626269662517,1751709626283147008,15.364407539367676
2025/07/05/17:48:59.072421,10613,1751712539,72116272,,2912795470000,1751709626268834121,1751709626283147008,15.621475219726562
2025/07/05/17:48:59.171718,10614,1751712539,171452080,,2912894770000,1751709626269191721,1751709626283147008,14.977560043334961
2025/07/05/17:48:59.272888,10615,1751712539,272738352,,2912995109000,1751709626269317438,1751709626283147008,15.777615547180176
2025/07/05/17:48:59.373074,10616,1751712539,372186349,,2913095329000,1751709626269058025,1751709626283147008,15.584322929382324
2025/07/05/17:48:59.472744,10617,1751712539,472078938,,2913194491000,1751709626269898920,1751709626283147008,15.374405860900879
2025/07/05/17:48:59.573642,10618,1751712539,573020534,,2913295104000,1751709626269296276,1751709626283147008,15.765520095825195
2025/07/05/17:48:59.674249,10619,1751712539,672787066,,2913395110000,1751709626269487408,1751709626283147008,16.35370445251465
2025/07/05/17:48:59.772043,10620,1751712539,771405578,,2913495277000,1751709626268745017,1751709626283147008,14.762457847595215
2025/07/05/17:48:59.872447,10621,1751712539,872194056,,2913595442000,1751709626268779300,1751709626283147008,15.385952949523926
2025/07/05/17:48:59.972546,10622,1751712539,972119478,,2913695267000,1751709626269061831,1751709626283147008,15.578912734985352
2025/07/05/17:49:00.072661,10623,1751712540,72068876,,2913794464000,1751709626269807399,1751709626283147008,15.587858200073242
2025/07/05/17:49:00.173216,10624,1751712540,172339698,,2913894912000,1751709626269504309,1751709626283147008,15.829337120056152
2025/07/05/17:49:00.272140,10625,1751712540,271935101,,2913994468000,1751709626269801562,1751709626283147008,15.327823638916016
2025/07/05/17:49:00.372879,10626,1751712540,372402945,,2914094530000,1751709626269948272,1751709626283147008,15.8358793258667
2025/07/05/17:49:00.473715,10627,1751712540,472707792,,2914195019000,1751709626269335992,1751709626283147008,15.627202033996582
2025/07/05/17:49:00.572852,10628,1751712540,572502171,,2914295120000,1751709626269361701,1751709626283147008,15.999112129211426
2025/07/05/17:49:00.674823,10629,1751712540,672987210,,2914395298000,1751709626269424700,1751709626283147008,16.501497268676758
2025/07/05/17:49:00.772250,10630,1751712540,771442257,,2914495325000,1751709626268655911,1751709626283147008,14.919344902038574
2025/07/05/17:49:00.872169,10631,1751712540,871881479,,2914594457000,1751709626269746198,1751709626283147008,15.351869583129883
2025/07/05/17:49:00.972359,10632,1751712540,971943984,,2914694811000,1751709626269522157,1751709626283147008,15.216041564941406
2025/07/05/17:49:01.072178,10633,1751712541,72083044,,2914795125000,1751709626269122459,1751709626283147008,15.511914253234863
2025/07/05/17:49:01.174405,10634,1751712541,172651379,,2914894456000,1751709626270117531,1751709626283147008,16.1192569732666
2025/07/05/17:49:01.273847,10635,1751712541,272248696,,2914995080000,1751709626269287383,1751709626283147008,15.732274055480957
2025/07/05/17:49:01.374194,10636,1751712541,372680367,,2915095109000,1751709626269484911,1751709626283147008,16.14816665649414
2025/07/05/17:49:01.472637,10637,1751712541,472171885,,2915195455000,1751709626268883894,1751709626283147008,15.662601470947266
2025/07/05/17:49:01.571856,10638,1751712541,571680496,,2915295286000,1751709626268813004,1751709626283147008,15.159619331359863
2025/07/05/17:49:01.674672,10639,1751712541,674030990,,2915395105000,1751709626269727183,1751709626283147008,16.716787338256836
2025/07/05/17:49:01.773612,10640,1751712541,772348965,,2915495042000,1751709626269393232,1751709626283147008,15.803956985473633
2025/07/05/17:49:01.875143,10641,1751712541,872948815,,2915595113000,1751709626269668839,1751709626283147008,16.30537986755371
2025/07/05/17:49:01.973511,10642,1751712541,971685899,,2915695288000,1751709626268821665,1751709626283147008,15.1300048828125
2025/07/05/17:49:02.074496,10643,1751712542,72816093,,2915795086000,1751709626269584171,1751709626283147008,16.251155853271484
2025/07/05/17:49:02.173650,10644,1751712542,171540573,,2915895273000,1751709626268737850,1751709626283147008,15.037836074829102
2025/07/05/17:49:02.274921,10645,1751712542,273604198,,2915995296000,1751709626269348909,1751709626283147008,16.252119064331055
2025/07/05/17:49:02.373432,10646,1751712542,372259268,,2916095333000,1751709626269096536,1751709626283147008,15.639960289001465
2025/07/05/17:49:02.473037,10647,1751712542,472235796,,2916195095000,1751709626269387458,1751709626283147008,15.503150939941406
2025/07/05/17:49:02.572079,10648,1751712542,571226150,,2916295027000,1751709626268895505,1751709626283147008,14.588698387145996
2025/07/05/17:49:02.671909,10649,1751712542,671722972,,2916394535000,1751709626269679905,1751709626283147008,15.012833595275879
2025/07/05/17:49:02.771591,10650,1751712542,771279665,,2916495293000,1751709626268603518,1751709626283147008,14.762909889221191
2025/07/05/17:49:02.874705,10651,1751712542,873809056,,2916595092000,1751709626269576091,1751709626283147008,16.261699676513672
2025/07/05/17:49:02.973150,10652,1751712542,972285675,,2916694631000,1751709626269803495,1751709626283147008,15.698556900024414
2025/07/05/17:49:03.072362,10653,1751712543,71850094,,2916795288000,1751709626269932251,1751709626283147008,13.234000205993652
2025/07/05/17:49:03.174575,10654,1751712543,172971440,,2916895293000,1751709626269480737,1751709626283147008,16.370281219482422
2025/07/05/17:49:03.274491,10655,1751712543,272615421,,2916995265000,1751709626269302972,1751709626283147008,16.073331832885742
2025/07/05/17:49:03.374809,10656,1751712543,372686510,,2917095472000,1751709626269124851,1751709626283147008,16.159717559814453
2025/07/05/17:49:03.472565,10657,1751712543,472261597,,2917195470000,1751709626268959250,1751709626283147008,15.402872085571289
2025/07/05/17:49:03.572152,10658,1751712543,571907293,,2917294541000,1751709626269697083,1751709626283147008,15.334944725036621
2025/07/05/17:49:03.673979,10659,1751712543,672538325,,2917395308000,1751709626269318963,1751709626283147008,15.796531677246094
