time,.header.seq,.header.stamp.secs,.header.stamp.nsecs,.header.frame_id,.rssi,.channels
2025/07/05/17:47:55.674323,9374,1751712475,680147008,,255,()
2025/07/05/17:47:55.757803,9375,1751712475,760147008,,255,()
2025/07/05/17:47:55.874229,9376,1751712475,880147008,,255,()
2025/07/05/17:47:55.995074,9377,1751712476,1147008,,255,()
2025/07/05/17:47:56.095345,9378,1751712476,101147008,,255,()
2025/07/05/17:47:56.195482,9379,1751712476,201147008,,255,()
2025/07/05/17:47:56.295349,9380,1751712476,302147008,,255,()
2025/07/05/17:47:56.416661,9381,1751712476,422147008,,255,()
2025/07/05/17:47:56.595957,9382,1751712476,601147008,,255,()
2025/07/05/17:47:56.676185,9383,1751712476,682147008,,255,()
2025/07/05/17:47:56.754932,9384,1751712476,761147008,,255,()
2025/07/05/17:47:56.854842,9385,1751712476,861147008,,255,()
2025/07/05/17:47:56.995617,9386,1751712477,1147008,,255,()
2025/07/05/17:47:57.055075,9387,1751712477,61147008,,255,()
2025/07/05/17:47:57.134795,9388,1751712477,140147008,,255,()
2025/07/05/17:47:57.237660,9389,1751712477,243147008,,255,()
2025/07/05/17:47:57.315688,9390,1751712477,321147008,,255,()
2025/07/05/17:47:57.437927,9391,1751712477,444147008,,255,()
2025/07/05/17:47:57.596462,9392,1751712477,602147008,,255,()
2025/07/05/17:47:57.674654,9393,1751712477,680147008,,255,()
2025/07/05/17:47:57.774728,9394,1751712477,780147008,,255,()
2025/07/05/17:47:57.895597,9395,1751712477,901147008,,255,()
2025/07/05/17:47:57.996438,9396,1751712478,2147008,,255,()
2025/07/05/17:47:58.094894,9397,1751712478,101147008,,255,()
2025/07/05/17:47:58.155084,9398,1751712478,161147008,,255,()
2025/07/05/17:47:58.254412,9399,1751712478,261147008,,255,()
2025/07/05/17:47:58.395433,9400,1751712478,401147008,,255,()
2025/07/05/17:47:58.534348,9401,1751712478,540147008,,255,()
2025/07/05/17:47:58.614891,9402,1751712478,622147008,,255,()
2025/07/05/17:47:58.715749,9403,1751712478,721147008,,255,()
2025/07/05/17:47:58.815724,9404,1751712478,822147008,,255,()
2025/07/05/17:47:58.915938,9405,1751712478,922147008,,255,()
2025/07/05/17:47:59.054661,9406,1751712479,60147008,,255,()
2025/07/05/17:47:59.154746,9407,1751712479,160147008,,255,()
2025/07/05/17:47:59.254971,9408,1751712479,261147008,,255,()
2025/07/05/17:47:59.354712,9409,1751712479,361147008,,255,()
2025/07/05/17:47:59.574815,9410,1751712479,580147008,,255,()
2025/07/05/17:47:59.654660,9411,1751712479,661147008,,255,()
2025/07/05/17:47:59.774398,9412,1751712479,780147008,,255,()
2025/07/05/17:47:59.874974,9413,1751712479,880147008,,255,()
2025/07/05/17:47:59.996358,9414,1751712480,2147008,,255,()
2025/07/05/17:48:00.054707,9415,1751712480,60147008,,255,()
2025/07/05/17:48:00.174076,9416,1751712480,180147008,,255,()
2025/07/05/17:48:00.256133,9417,1751712480,260147008,,255,()
2025/07/05/17:48:00.334232,9418,1751712480,341147008,,255,()
2025/07/05/17:48:00.515741,9419,1751712480,521147008,,255,()
2025/07/05/17:48:00.618507,9420,1751712480,624147008,,255,()
2025/07/05/17:48:00.695709,9421,1751712480,702147008,,255,()
2025/07/05/17:48:00.796299,9422,1751712480,802147008,,255,()
2025/07/05/17:48:00.854238,9423,1751712480,861147008,,255,()
2025/07/05/17:48:00.974196,9424,1751712480,980147008,,255,()
2025/07/05/17:48:01.073969,9425,1751712481,80147008,,255,()
2025/07/05/17:48:01.154092,9426,1751712481,161147008,,255,()
2025/07/05/17:48:01.274401,9427,1751712481,280147008,,255,()
2025/07/05/17:48:01.396169,9428,1751712481,402147008,,255,()
2025/07/05/17:48:01.554793,9429,1751712481,561147008,,255,()
2025/07/05/17:48:01.675303,9430,1751712481,682147008,,255,()
2025/07/05/17:48:01.754844,9431,1751712481,761147008,,255,()
2025/07/05/17:48:01.854432,9432,1751712481,861147008,,255,()
2025/07/05/17:48:01.996405,9433,1751712482,2147008,,255,()
2025/07/05/17:48:02.074887,9434,1751712482,80147008,,255,()
2025/07/05/17:48:02.154611,9435,1751712482,160147008,,255,()
2025/07/05/17:48:02.274416,9436,1751712482,280147008,,255,()
2025/07/05/17:48:02.354726,9437,1751712482,360147008,,255,()
2025/07/05/17:48:02.574470,9438,1751712482,580147008,,255,()
2025/07/05/17:48:02.654783,9439,1751712482,661147008,,255,()
2025/07/05/17:48:02.754633,9440,1751712482,760147008,,255,()
2025/07/05/17:48:02.874987,9441,1751712482,881147008,,255,()
2025/07/05/17:48:02.996209,9442,1751712483,2147008,,255,()
2025/07/05/17:48:03.054326,9443,1751712483,60147008,,255,()
2025/07/05/17:48:03.174003,9444,1751712483,180147008,,255,()
2025/07/05/17:48:03.254803,9445,1751712483,260147008,,255,()
2025/07/05/17:48:03.354441,9446,1751712483,361147008,,255,()
2025/07/05/17:48:03.534571,9447,1751712483,541147008,,255,()
2025/07/05/17:48:03.637977,9448,1751712483,640147008,,255,()
2025/07/05/17:48:03.754842,9449,1751712483,760147008,,255,()
2025/07/05/17:48:03.834721,9450,1751712483,840147008,,255,()
2025/07/05/17:48:03.954196,9451,1751712483,961147008,,255,()
2025/07/05/17:48:04.075367,9452,1751712484,80147008,,255,()
2025/07/05/17:48:04.154339,9453,1751712484,161147008,,255,()
2025/07/05/17:48:04.254399,9454,1751712484,261147008,,255,()
2025/07/05/17:48:04.396239,9455,1751712484,402147008,,255,()
2025/07/05/17:48:04.556250,9456,1751712484,561147008,,255,()
2025/07/05/17:48:04.675124,9457,1751712484,681147008,,255,()
2025/07/05/17:48:04.754394,9458,1751712484,761147008,,255,()
2025/07/05/17:48:04.875849,9459,1751712484,880147008,,255,()
2025/07/05/17:48:04.995868,9460,1751712485,2147008,,255,()
2025/07/05/17:48:05.054202,9461,1751712485,61147008,,255,()
2025/07/05/17:48:05.154249,9462,1751712485,161147008,,255,()
2025/07/05/17:48:05.274289,9463,1751712485,280147008,,255,()
2025/07/05/17:48:05.354582,9464,1751712485,361147008,,255,()
2025/07/05/17:48:05.574107,9465,1751712485,581147008,,255,()
2025/07/05/17:48:05.654470,9466,1751712485,661147008,,255,()
2025/07/05/17:48:05.774076,9467,1751712485,780147008,,255,()
2025/07/05/17:48:05.874912,9468,1751712485,881147008,,255,()
2025/07/05/17:48:05.996476,9469,1751712486,2147008,,255,()
2025/07/05/17:48:06.095174,9470,1751712486,101147008,,255,()
2025/07/05/17:48:06.196064,9471,1751712486,202147008,,255,()
2025/07/05/17:48:06.254350,9472,1751712486,260147008,,255,()
2025/07/05/17:48:06.354466,9473,1751712486,360147008,,255,()
2025/07/05/17:48:06.553876,9474,1751712486,560147008,,255,()
2025/07/05/17:48:06.634482,9475,1751712486,640147008,,255,()
2025/07/05/17:48:06.715265,9476,1751712486,721147008,,255,()
2025/07/05/17:48:06.819118,9477,1751712486,824147008,,255,()
2025/07/05/17:48:06.895597,9478,1751712486,902147008,,255,()
2025/07/05/17:48:06.998538,9479,1751712487,2147008,,255,()
2025/07/05/17:48:07.095102,9480,1751712487,101147008,,255,()
2025/07/05/17:48:07.196170,9481,1751712487,202147008,,255,()
2025/07/05/17:48:07.254436,9482,1751712487,261147008,,255,()
2025/07/05/17:48:07.395932,9483,1751712487,402147008,,255,()
2025/07/05/17:48:07.534430,9484,1751712487,541147008,,255,()
2025/07/05/17:48:07.637288,9485,1751712487,643147008,,255,()
2025/07/05/17:48:07.753842,9486,1751712487,760147008,,255,()
2025/07/05/17:48:07.854205,9487,1751712487,860147008,,255,()
2025/07/05/17:48:07.973984,9488,1751712487,980147008,,255,()
2025/07/05/17:48:08.057885,9489,1751712488,61147008,,255,()
2025/07/05/17:48:08.153866,9490,1751712488,161147008,,255,()
2025/07/05/17:48:08.275690,9491,1751712488,281147008,,255,()
2025/07/05/17:48:08.418230,9492,1751712488,424147008,,255,()
2025/07/05/17:48:08.574668,9493,1751712488,580147008,,255,()
2025/07/05/17:48:08.674793,9494,1751712488,680147008,,255,()
2025/07/05/17:48:08.754121,9495,1751712488,760147008,,255,()
2025/07/05/17:48:08.834280,9496,1751712488,841147008,,255,()
2025/07/05/17:48:08.955122,9497,1751712488,960147008,,255,()
2025/07/05/17:48:09.034390,9498,1751712489,41147008,,255,()
2025/07/05/17:48:09.134444,9499,1751712489,141147008,,255,()
2025/07/05/17:48:09.233876,9500,1751712489,241147008,,255,()
2025/07/05/17:48:09.334415,9501,1751712489,341147008,,255,()
2025/07/05/17:48:09.495867,9502,1751712489,502147008,,255,()
2025/07/05/17:48:09.596362,9503,1751712489,602147008,,255,()
2025/07/05/17:48:09.675579,9504,1751712489,681147008,,255,()
2025/07/05/17:48:09.795918,9505,1751712489,802147008,,255,()
2025/07/05/17:48:09.855465,9506,1751712489,860147008,,255,()
2025/07/05/17:48:09.975357,9507,1751712489,980147008,,255,()
2025/07/05/17:48:10.076064,9508,1751712490,80147008,,255,()
2025/07/05/17:48:10.154255,9509,1751712490,161147008,,255,()
2025/07/05/17:48:10.254217,9510,1751712490,261147008,,255,()
2025/07/05/17:48:10.395484,9511,1751712490,402147008,,255,()
2025/07/05/17:48:10.534613,9512,1751712490,540147008,,255,()
2025/07/05/17:48:10.617888,9513,1751712490,624147008,,255,()
2025/07/05/17:48:10.733302,9514,1751712490,740147008,,255,()
2025/07/05/17:48:10.817893,9515,1751712490,824147008,,255,()
2025/07/05/17:48:10.915182,9516,1751712490,921147008,,255,()
2025/07/05/17:48:11.018009,9517,1751712491,24147008,,255,()
2025/07/05/17:48:11.095145,9518,1751712491,101147008,,255,()
2025/07/05/17:48:11.196295,9519,1751712491,202147008,,255,()
2025/07/05/17:48:11.279268,9520,1751712491,281147008,,255,()
2025/07/05/17:48:11.356659,9521,1751712491,361147008,,255,()
2025/07/05/17:48:11.575825,9522,1751712491,581147008,,255,()
2025/07/05/17:48:11.634452,9523,1751712491,640147008,,255,()
2025/07/05/17:48:11.734355,9524,1751712491,741147008,,255,()
2025/07/05/17:48:11.817696,9525,1751712491,824147008,,255,()
2025/07/05/17:48:11.916703,9526,1751712491,922147008,,255,()
2025/07/05/17:48:12.018752,9527,1751712492,24147008,,255,()
2025/07/05/17:48:12.095073,9528,1751712492,102147008,,255,()
2025/07/05/17:48:12.196405,9529,1751712492,202147008,,255,()
2025/07/05/17:48:12.294955,9530,1751712492,301147008,,255,()
2025/07/05/17:48:12.374901,9531,1751712492,381147008,,255,()
2025/07/05/17:48:12.534093,9532,1751712492,541147008,,255,()
2025/07/05/17:48:12.635909,9533,1751712492,641147008,,255,()
2025/07/05/17:48:12.714917,9534,1751712492,721147008,,255,()
2025/07/05/17:48:12.817980,9535,1751712492,824147008,,255,()
2025/07/05/17:48:12.895221,9536,1751712492,902147008,,255,()
2025/07/05/17:48:13.018041,9537,1751712493,24147008,,255,()
2025/07/05/17:48:13.095709,9538,1751712493,102147008,,255,()
2025/07/05/17:48:13.175310,9539,1751712493,181147008,,255,()
2025/07/05/17:48:13.254542,9540,1751712493,261147008,,255,()
2025/07/05/17:48:13.395490,9541,1751712493,402147008,,255,()
2025/07/05/17:48:13.554178,9542,1751712493,561147008,,255,()
2025/07/05/17:48:13.674340,9543,1751712493,681147008,,255,()
2025/07/05/17:48:13.754339,9544,1751712493,761147008,,255,()
2025/07/05/17:48:13.854090,9545,1751712493,861147008,,255,()
2025/07/05/17:48:13.973968,9546,1751712493,980147008,,255,()
2025/07/05/17:48:14.054399,9547,1751712494,61147008,,255,()
2025/07/05/17:48:14.154469,9548,1751712494,161147008,,255,()
2025/07/05/17:48:14.234261,9549,1751712494,240147008,,255,()
2025/07/05/17:48:14.353961,9550,1751712494,360147008,,255,()
2025/07/05/17:48:14.515046,9551,1751712494,521147008,,255,()
2025/07/05/17:48:14.595976,9552,1751712494,602147008,,255,()
2025/07/05/17:48:14.695434,9553,1751712494,701147008,,255,()
2025/07/05/17:48:14.795902,9554,1751712494,802147008,,255,()
2025/07/05/17:48:14.874481,9555,1751712494,881147008,,255,()
2025/07/05/17:48:14.975253,9556,1751712494,981147008,,255,()
2025/07/05/17:48:15.054231,9557,1751712495,61147008,,255,()
2025/07/05/17:48:15.173812,9558,1751712495,180147008,,255,()
2025/07/05/17:48:15.254356,9559,1751712495,261147008,,255,()
2025/07/05/17:48:15.354284,9560,1751712495,360147008,,255,()
2025/07/05/17:48:15.554008,9561,1751712495,560147008,,255,()
2025/07/05/17:48:15.634254,9562,1751712495,641147008,,255,()
2025/07/05/17:48:15.715075,9563,1751712495,721147008,,255,()
2025/07/05/17:48:15.817627,9564,1751712495,824147008,,255,()
2025/07/05/17:48:15.895447,9565,1751712495,902147008,,255,()
2025/07/05/17:48:15.996112,9566,1751712496,2147008,,255,()
2025/07/05/17:48:16.094795,9567,1751712496,101147008,,255,()
2025/07/05/17:48:16.174312,9568,1751712496,181147008,,255,()
2025/07/05/17:48:16.273791,9569,1751712496,280147008,,255,()
2025/07/05/17:48:16.395774,9570,1751712496,402147008,,255,()
2025/07/05/17:48:16.514886,9571,1751712496,521147008,,255,()
2025/07/05/17:48:16.596186,9572,1751712496,602147008,,255,()
2025/07/05/17:48:16.675046,9573,1751712496,681147008,,255,()
2025/07/05/17:48:16.794960,9574,1751712496,801147008,,255,()
2025/07/05/17:48:16.854361,9575,1751712496,861147008,,255,()
2025/07/05/17:48:16.974483,9576,1751712496,981147008,,255,()
2025/07/05/17:48:17.095472,9577,1751712497,101147008,,255,()
2025/07/05/17:48:17.174619,9578,1751712497,181147008,,255,()
2025/07/05/17:48:17.254210,9579,1751712497,260147008,,255,()
2025/07/05/17:48:17.334330,9580,1751712497,340147008,,255,()
2025/07/05/17:48:17.514962,9581,1751712497,521147008,,255,()
2025/07/05/17:48:17.596533,9582,1751712497,602147008,,255,()
2025/07/05/17:48:17.674561,9583,1751712497,681147008,,255,()
2025/07/05/17:48:17.754185,9584,1751712497,761147008,,255,()
2025/07/05/17:48:17.873762,9585,1751712497,880147008,,255,()
2025/07/05/17:48:17.995711,9586,1751712498,2147008,,255,()
2025/07/05/17:48:18.054144,9587,1751712498,60147008,,255,()
2025/07/05/17:48:18.173609,9588,1751712498,180147008,,255,()
2025/07/05/17:48:18.254223,9589,1751712498,261147008,,255,()
2025/07/05/17:48:18.354275,9590,1751712498,361147008,,255,()
2025/07/05/17:48:18.553850,9591,1751712498,560147008,,255,()
2025/07/05/17:48:18.634598,9592,1751712498,641147008,,255,()
2025/07/05/17:48:18.734209,9593,1751712498,741147008,,255,()
2025/07/05/17:48:18.834512,9594,1751712498,841147008,,255,()
2025/07/05/17:48:18.934136,9595,1751712498,941147008,,255,()
2025/07/05/17:48:19.034252,9596,1751712499,40147008,,255,()
2025/07/05/17:48:19.153963,9597,1751712499,160147008,,255,()
2025/07/05/17:48:19.234115,9598,1751712499,241147008,,255,()
2025/07/05/17:48:19.334357,9599,1751712499,341147008,,255,()
2025/07/05/17:48:19.454296,9600,1751712499,461147008,,255,()
2025/07/05/17:48:19.595941,9601,1751712499,602147008,,255,()
2025/07/05/17:48:19.674436,9602,1751712499,681147008,,255,()
2025/07/05/17:48:19.795391,9603,1751712499,802147008,,255,()
2025/07/05/17:48:19.854387,9604,1751712499,861147008,,255,()
2025/07/05/17:48:19.995466,9605,1751712500,2147008,,255,()
2025/07/05/17:48:20.054250,9606,1751712500,61147008,,255,()
2025/07/05/17:48:20.154265,9607,1751712500,161147008,,255,()
2025/07/05/17:48:20.273658,9608,1751712500,281147008,,255,()
2025/07/05/17:48:20.354254,9609,1751712500,361147008,,255,()
2025/07/05/17:48:20.573154,9610,1751712500,580147008,,255,()
2025/07/05/17:48:20.633997,9611,1751712500,640147008,,255,()
2025/07/05/17:48:20.734230,9612,1751712500,741147008,,255,()
2025/07/05/17:48:20.834154,9613,1751712500,841147008,,255,()
2025/07/05/17:48:20.953456,9614,1751712500,960147008,,255,()
2025/07/05/17:48:21.034690,9615,1751712501,41147008,,255,()
2025/07/05/17:48:21.134514,9616,1751712501,141147008,,255,()
2025/07/05/17:48:21.234075,9617,1751712501,240147008,,255,()
2025/07/05/17:48:21.334187,9618,1751712501,341147008,,255,()
2025/07/05/17:48:21.514656,9619,1751712501,521147008,,255,()
2025/07/05/17:48:21.617767,9620,1751712501,624147008,,255,()
2025/07/05/17:48:21.695156,9621,1751712501,702147008,,255,()
2025/07/05/17:48:21.796007,9622,1751712501,802147008,,255,()
2025/07/05/17:48:21.895112,9623,1751712501,902147008,,255,()
2025/07/05/17:48:21.995810,9624,1751712502,2147008,,255,()
2025/07/05/17:48:22.074288,9625,1751712502,81147008,,255,()
2025/07/05/17:48:22.154340,9626,1751712502,160147008,,255,()
2025/07/05/17:48:22.234058,9627,1751712502,241147008,,255,()
2025/07/05/17:48:22.333968,9628,1751712502,341147008,,255,()
2025/07/05/17:48:22.514835,9629,1751712502,521147008,,255,()
2025/07/05/17:48:22.617583,9630,1751712502,624147008,,255,()
2025/07/05/17:48:22.733583,9631,1751712502,740147008,,255,()
2025/07/05/17:48:22.817419,9632,1751712502,824147008,,255,()
2025/07/05/17:48:22.914780,9633,1751712502,921147008,,255,()
2025/07/05/17:48:22.995962,9634,1751712503,2147008,,255,()
2025/07/05/17:48:23.094411,9635,1751712503,101147008,,255,()
2025/07/05/17:48:23.195259,9636,1751712503,202147008,,255,()
2025/07/05/17:48:23.273927,9637,1751712503,280147008,,255,()
2025/07/05/17:48:23.334052,9638,1751712503,341147008,,255,()
2025/07/05/17:48:23.514757,9639,1751712503,521147008,,255,()
2025/07/05/17:48:23.617867,9640,1751712503,624147008,,255,()
2025/07/05/17:48:23.695070,9641,1751712503,702147008,,255,()
2025/07/05/17:48:23.795600,9642,1751712503,802147008,,255,()
2025/07/05/17:48:23.894922,9643,1751712503,901147008,,255,()
2025/07/05/17:48:23.995817,9644,1751712504,2147008,,255,()
2025/07/05/17:48:24.094652,9645,1751712504,101147008,,255,()
2025/07/05/17:48:24.173625,9646,1751712504,180147008,,255,()
2025/07/05/17:48:24.233939,9647,1751712504,241147008,,255,()
2025/07/05/17:48:24.353541,9648,1751712504,360147008,,255,()
2025/07/05/17:48:24.495105,9649,1751712504,502147008,,255,()
2025/07/05/17:48:24.634512,9650,1751712504,640147008,,255,()
2025/07/05/17:48:24.734057,9651,1751712504,740147008,,255,()
2025/07/05/17:48:24.833784,9652,1751712504,841147008,,255,()
2025/07/05/17:48:24.933755,9653,1751712504,941147008,,255,()
2025/07/05/17:48:25.034340,9654,1751712505,41147008,,255,()
2025/07/05/17:48:25.133785,9655,1751712505,141147008,,255,()
2025/07/05/17:48:25.233592,9656,1751712505,240147008,,255,()
2025/07/05/17:48:25.353713,9657,1751712505,360147008,,255,()
2025/07/05/17:48:25.514458,9658,1751712505,521147008,,255,()
2025/07/05/17:48:25.595201,9659,1751712505,602147008,,255,()
2025/07/05/17:48:25.694654,9660,1751712505,701147008,,255,()
2025/07/05/17:48:25.774236,9661,1751712505,781147008,,255,()
2025/07/05/17:48:25.853598,9662,1751712505,861147008,,255,()
2025/07/05/17:48:25.974321,9663,1751712505,981147008,,255,()
2025/07/05/17:48:26.053835,9664,1751712506,61147008,,255,()
2025/07/05/17:48:26.153756,9665,1751712506,160147008,,255,()
2025/07/05/17:48:26.233772,9666,1751712506,240147008,,255,()
2025/07/05/17:48:26.333956,9667,1751712506,341147008,,255,()
2025/07/05/17:48:26.494707,9668,1751712506,502147008,,255,()
2025/07/05/17:48:26.595471,9669,1751712506,601147008,,255,()
2025/07/05/17:48:26.674649,9670,1751712506,682147008,,255,()
2025/07/05/17:48:26.753758,9671,1751712506,761147008,,255,()
2025/07/05/17:48:26.854213,9672,1751712506,861147008,,255,()
2025/07/05/17:48:26.933695,9673,1751712506,941147008,,255,()
2025/07/05/17:48:27.053493,9674,1751712507,60147008,,255,()
2025/07/05/17:48:27.133535,9675,1751712507,140147008,,255,()
2025/07/05/17:48:27.236413,9676,1751712507,243147008,,255,()
2025/07/05/17:48:27.294549,9677,1751712507,302147008,,255,()
2025/07/05/17:48:27.436758,9678,1751712507,444147008,,255,()
2025/07/05/17:48:27.594789,9679,1751712507,601147008,,255,()
2025/07/05/17:48:27.653675,9680,1751712507,661147008,,255,()
2025/07/05/17:48:27.773517,9681,1751712507,780147008,,255,()
2025/07/05/17:48:27.894416,9682,1751712507,901147008,,255,()
2025/07/05/17:48:27.994027,9683,1751712508,1147008,,255,()
2025/07/05/17:48:28.074378,9684,1751712508,81147008,,255,()
2025/07/05/17:48:28.195399,9685,1751712508,202147008,,255,()
2025/07/05/17:48:28.254455,9686,1751712508,261147008,,255,()
2025/07/05/17:48:28.395138,9687,1751712508,402147008,,255,()
2025/07/05/17:48:28.534031,9688,1751712508,540147008,,255,()
2025/07/05/17:48:28.617874,9689,1751712508,624147008,,255,()
2025/07/05/17:48:28.733323,9690,1751712508,740147008,,255,()
2025/07/05/17:48:28.836541,9691,1751712508,844147008,,255,()
2025/07/05/17:48:28.975108,9692,1751712508,980147008,,255,()
2025/07/05/17:48:29.053941,9693,1751712509,61147008,,255,()
2025/07/05/17:48:29.153815,9694,1751712509,161147008,,255,()
2025/07/05/17:48:29.275095,9695,1751712509,281147008,,255,()
2025/07/05/17:48:29.417787,9696,1751712509,424147008,,255,()
2025/07/05/17:48:29.574932,9697,1751712509,580147008,,255,()
2025/07/05/17:48:29.635989,9698,1751712509,643147008,,255,()
2025/07/05/17:48:29.733571,9699,1751712509,741147008,,255,()
2025/07/05/17:48:29.836978,9700,1751712509,843147008,,255,()
2025/07/05/17:48:29.934124,9701,1751712509,940147008,,255,()
2025/07/05/17:48:30.014317,9702,1751712510,22147008,,255,()
2025/07/05/17:48:30.095334,9703,1751712510,101147008,,255,()
2025/07/05/17:48:30.194887,9704,1751712510,201147008,,255,()
2025/07/05/17:48:30.254941,9705,1751712510,260147008,,255,()
2025/07/05/17:48:30.353608,9706,1751712510,361147008,,255,()
2025/07/05/17:48:30.533899,9707,1751712510,541147008,,255,()
2025/07/05/17:48:30.635913,9708,1751712510,644147008,,255,()
2025/07/05/17:48:30.733182,9709,1751712510,740147008,,255,()
2025/07/05/17:48:30.817538,9710,1751712510,824147008,,255,()
2025/07/05/17:48:30.895272,9711,1751712510,902147008,,255,()
2025/07/05/17:48:30.995696,9712,1751712511,2147008,,255,()
2025/07/05/17:48:31.094518,9713,1751712511,101147008,,255,()
2025/07/05/17:48:31.195369,9714,1751712511,202147008,,255,()
2025/07/05/17:48:31.274908,9715,1751712511,280147008,,255,()
2025/07/05/17:48:31.395489,9716,1751712511,402147008,,255,()
2025/07/05/17:48:31.553700,9717,1751712511,560147008,,255,()
2025/07/05/17:48:31.675506,9718,1751712511,681147008,,255,()
2025/07/05/17:48:31.753710,9719,1751712511,760147008,,255,()
2025/07/05/17:48:31.853561,9720,1751712511,861147008,,255,()
2025/07/05/17:48:31.994967,9721,1751712512,2147008,,255,()
2025/07/05/17:48:32.054436,9722,1751712512,60147008,,255,()
2025/07/05/17:48:32.154032,9723,1751712512,160147008,,255,()
2025/07/05/17:48:32.233266,9724,1751712512,240147008,,255,()
2025/07/05/17:48:32.353880,9725,1751712512,360147008,,255,()
2025/07/05/17:48:32.514406,9726,1751712512,522147008,,255,()
2025/07/05/17:48:32.617511,9727,1751712512,624147008,,255,()
2025/07/05/17:48:32.695367,9728,1751712512,702147008,,255,()
2025/07/05/17:48:32.795781,9729,1751712512,802147008,,255,()
2025/07/05/17:48:32.894153,9730,1751712512,901147008,,255,()
2025/07/05/17:48:32.995079,9731,1751712513,1147008,,255,()
2025/07/05/17:48:33.055703,9732,1751712513,60147008,,255,()
2025/07/05/17:48:33.175138,9733,1751712513,180147008,,255,()
2025/07/05/17:48:33.275068,9734,1751712513,280147008,,255,()
2025/07/05/17:48:33.353796,9735,1751712513,361147008,,255,()
2025/07/05/17:48:33.533463,9736,1751712513,540147008,,255,()
2025/07/05/17:48:33.635877,9737,1751712513,644147008,,255,()
2025/07/05/17:48:33.754185,9738,1751712513,760147008,,255,()
2025/07/05/17:48:33.833520,9739,1751712513,841147008,,255,()
2025/07/05/17:48:33.953836,9740,1751712513,961147008,,255,()
2025/07/05/17:48:34.053663,9741,1751712514,61147008,,255,()
2025/07/05/17:48:34.176086,9742,1751712514,180147008,,255,()
2025/07/05/17:48:34.253671,9743,1751712514,260147008,,255,()
2025/07/05/17:48:34.394514,9744,1751712514,401147008,,255,()
2025/07/05/17:48:34.575160,9745,1751712514,580147008,,255,()
2025/07/05/17:48:34.653609,9746,1751712514,661147008,,255,()
2025/07/05/17:48:34.753600,9747,1751712514,761147008,,255,()
2025/07/05/17:48:34.833004,9748,1751712514,840147008,,255,()
2025/07/05/17:48:34.974973,9749,1751712514,981147008,,255,()
2025/07/05/17:48:35.053743,9750,1751712515,60147008,,255,()
2025/07/05/17:48:35.153682,9751,1751712515,161147008,,255,()
2025/07/05/17:48:35.253486,9752,1751712515,261147008,,255,()
2025/07/05/17:48:35.353499,9753,1751712515,361147008,,255,()
2025/07/05/17:48:35.574819,9754,1751712515,580147008,,255,()
2025/07/05/17:48:35.653806,9755,1751712515,661147008,,255,()
2025/07/05/17:48:35.753400,9756,1751712515,760147008,,255,()
2025/07/05/17:48:35.853445,9757,1751712515,861147008,,255,()
2025/07/05/17:48:35.994307,9758,1751712516,1147008,,255,()
2025/07/05/17:48:36.094430,9759,1751712516,102147008,,255,()
2025/07/05/17:48:36.194580,9760,1751712516,202147008,,255,()
2025/07/05/17:48:36.294340,9761,1751712516,301147008,,255,()
2025/07/05/17:48:36.436171,9762,1751712516,443147008,,255,()
2025/07/05/17:48:36.594169,9763,1751712516,601147008,,255,()
2025/07/05/17:48:36.654641,9764,1751712516,661147008,,255,()
2025/07/05/17:48:36.774962,9765,1751712516,781147008,,255,()
2025/07/05/17:48:36.853741,9766,1751712516,861147008,,255,()
2025/07/05/17:48:36.994693,9767,1751712517,2147008,,255,()
2025/07/05/17:48:37.094170,9768,1751712517,101147008,,255,()
2025/07/05/17:48:37.194962,9769,1751712517,202147008,,255,()
2025/07/05/17:48:37.255525,9770,1751712517,260147008,,255,()
2025/07/05/17:48:37.353343,9771,1751712517,361147008,,255,()
2025/07/05/17:48:37.533651,9772,1751712517,541147008,,255,()
2025/07/05/17:48:37.636419,9773,1751712517,644147008,,255,()
2025/07/05/17:48:37.732819,9774,1751712517,741147008,,255,()
2025/07/05/17:48:37.836228,9775,1751712517,844147008,,255,()
2025/07/05/17:48:37.974972,9776,1751712517,980147008,,255,()
2025/07/05/17:48:38.053732,9777,1751712518,60147008,,255,()
2025/07/05/17:48:38.153374,9778,1751712518,161147008,,255,()
2025/07/05/17:48:38.253175,9779,1751712518,261147008,,255,()
2025/07/05/17:48:38.353580,9780,1751712518,361147008,,255,()
2025/07/05/17:48:38.574493,9781,1751712518,580147008,,255,()
2025/07/05/17:48:38.653375,9782,1751712518,661147008,,255,()
2025/07/05/17:48:38.774843,9783,1751712518,780147008,,255,()
2025/07/05/17:48:38.853283,9784,1751712518,861147008,,255,()
2025/07/05/17:48:38.994644,9785,1751712519,2147008,,255,()
2025/07/05/17:48:39.054629,9786,1751712519,61147008,,255,()
2025/07/05/17:48:39.175263,9787,1751712519,180147008,,255,()
2025/07/05/17:48:39.253457,9788,1751712519,261147008,,255,()
2025/07/05/17:48:39.353248,9789,1751712519,361147008,,255,()
2025/07/05/17:48:39.533647,9790,1751712519,541147008,,255,()
2025/07/05/17:48:39.635940,9791,1751712519,644147008,,255,()
2025/07/05/17:48:39.734010,9792,1751712519,741147008,,255,()
2025/07/05/17:48:39.836191,9793,1751712519,843147008,,255,()
2025/07/05/17:48:39.933506,9794,1751712519,941147008,,255,()
2025/07/05/17:48:40.036329,9795,1751712520,43147008,,255,()
2025/07/05/17:48:40.134596,9796,1751712520,141147008,,255,()
2025/07/05/17:48:40.254777,9797,1751712520,260147008,,255,()
2025/07/05/17:48:40.314050,9798,1751712520,321147008,,255,()
2025/07/05/17:48:40.453332,9799,1751712520,461147008,,255,()
2025/07/05/17:48:40.573489,9800,1751712520,581147008,,255,()
2025/07/05/17:48:40.654414,9801,1751712520,661147008,,255,()
2025/07/05/17:48:40.753242,9802,1751712520,761147008,,255,()
2025/07/05/17:48:40.853522,9803,1751712520,861147008,,255,()
2025/07/05/17:48:40.994793,9804,1751712521,2147008,,255,()
2025/07/05/17:48:41.053550,9805,1751712521,61147008,,255,()
2025/07/05/17:48:41.153456,9806,1751712521,161147008,,255,()
2025/07/05/17:48:41.274709,9807,1751712521,280147008,,255,()
2025/07/05/17:48:41.353442,9808,1751712521,361147008,,255,()
2025/07/05/17:48:41.574224,9809,1751712521,580147008,,255,()
2025/07/05/17:48:41.675402,9810,1751712521,681147008,,255,()
2025/07/05/17:48:41.753358,9811,1751712521,760147008,,255,()
2025/07/05/17:48:41.874996,9812,1751712521,880147008,,255,()
2025/07/05/17:48:41.994854,9813,1751712522,2147008,,255,()
2025/07/05/17:48:42.054078,9814,1751712522,60147008,,255,()
2025/07/05/17:48:42.132878,9815,1751712522,140147008,,255,()
2025/07/05/17:48:42.233731,9816,1751712522,241147008,,255,()
2025/07/05/17:48:42.353953,9817,1751712522,360147008,,255,()
2025/07/05/17:48:42.436284,9818,1751712522,444147008,,255,()
2025/07/05/17:48:42.595236,9819,1751712522,602147008,,255,()
2025/07/05/17:48:42.673441,9820,1751712522,681147008,,255,()
2025/07/05/17:48:42.795186,9821,1751712522,802147008,,255,()
2025/07/05/17:48:42.854599,9822,1751712522,861147008,,255,()
2025/07/05/17:48:42.994429,9823,1751712523,2147008,,255,()
2025/07/05/17:48:43.093817,9824,1751712523,101147008,,255,()
2025/07/05/17:48:43.194807,9825,1751712523,202147008,,255,()
2025/07/05/17:48:43.254487,9826,1751712523,261147008,,255,()
2025/07/05/17:48:43.394839,9827,1751712523,402147008,,255,()
2025/07/05/17:48:43.594923,9828,1751712523,602147008,,255,()
2025/07/05/17:48:43.693900,9829,1751712523,701147008,,255,()
2025/07/05/17:48:43.794837,9830,1751712523,801147008,,255,()
2025/07/05/17:48:43.916131,9831,1751712523,921147008,,255,()
2025/07/05/17:48:44.014503,9832,1751712524,22147008,,255,()
2025/07/05/17:48:44.095692,9833,1751712524,102147008,,255,()
2025/07/05/17:48:44.195564,9834,1751712524,202147008,,255,()
2025/07/05/17:48:44.293644,9835,1751712524,301147008,,255,()
2025/07/05/17:48:44.414665,9836,1751712524,422147008,,255,()
2025/07/05/17:48:44.594404,9837,1751712524,602147008,,255,()
2025/07/05/17:48:44.655376,9838,1751712524,661147008,,255,()
2025/07/05/17:48:44.753212,9839,1751712524,761147008,,255,()
2025/07/05/17:48:44.875534,9840,1751712524,881147008,,255,()
2025/07/05/17:48:44.994807,9841,1751712525,2147008,,255,()
2025/07/05/17:48:45.055030,9842,1751712525,61147008,,255,()
2025/07/05/17:48:45.174635,9843,1751712525,180147008,,255,()
2025/07/05/17:48:45.232839,9844,1751712525,240147008,,255,()
2025/07/05/17:48:45.333490,9845,1751712525,341147008,,255,()
2025/07/05/17:48:45.513659,9846,1751712525,522147008,,255,()
2025/07/05/17:48:45.617410,9847,1751712525,624147008,,255,()
2025/07/05/17:48:45.696129,9848,1751712525,702147008,,255,()
2025/07/05/17:48:45.795481,9849,1751712525,802147008,,255,()
2025/07/05/17:48:45.894801,9850,1751712525,902147008,,255,()
2025/07/05/17:48:45.994840,9851,1751712526,2147008,,255,()
2025/07/05/17:48:46.073133,9852,1751712526,81147008,,255,()
2025/07/05/17:48:46.172992,9853,1751712526,181147008,,255,()
2025/07/05/17:48:46.254638,9854,1751712526,261147008,,255,()
2025/07/05/17:48:46.393735,9855,1751712526,401147008,,255,()
2025/07/05/17:48:46.574475,9856,1751712526,580147008,,255,()
2025/07/05/17:48:46.675989,9857,1751712526,681147008,,255,()
2025/07/05/17:48:46.774474,9858,1751712526,781147008,,255,()
2025/07/05/17:48:46.874574,9859,1751712526,880147008,,255,()
2025/07/05/17:48:46.994010,9860,1751712527,1147008,,255,()
2025/07/05/17:48:47.073615,9861,1751712527,81147008,,255,()
2025/07/05/17:48:47.155074,9862,1751712527,161147008,,255,()
2025/07/05/17:48:47.253059,9863,1751712527,261147008,,255,()
2025/07/05/17:48:47.353151,9864,1751712527,361147008,,255,()
2025/07/05/17:48:47.593551,9865,1751712527,601147008,,255,()
2025/07/05/17:48:47.653662,9866,1751712527,661147008,,255,()
2025/07/05/17:48:47.774772,9867,1751712527,780147008,,255,()
2025/07/05/17:48:47.853303,9868,1751712527,861147008,,255,()
2025/07/05/17:48:47.994102,9869,1751712528,1147008,,255,()
2025/07/05/17:48:48.073118,9870,1751712528,81147008,,255,()
2025/07/05/17:48:48.174403,9871,1751712528,180147008,,255,()
2025/07/05/17:48:48.253141,9872,1751712528,261147008,,255,()
2025/07/05/17:48:48.353239,9873,1751712528,360147008,,255,()
2025/07/05/17:48:48.494253,9874,1751712528,502147008,,255,()
2025/07/05/17:48:48.633135,9875,1751712528,641147008,,255,()
2025/07/05/17:48:48.753158,9876,1751712528,760147008,,255,()
2025/07/05/17:48:48.836026,9877,1751712528,843147008,,255,()
2025/07/05/17:48:48.953302,9878,1751712528,960147008,,255,()
2025/07/05/17:48:49.036553,9879,1751712529,43147008,,255,()
2025/07/05/17:48:49.113485,9880,1751712529,121147008,,255,()
2025/07/05/17:48:49.216710,9881,1751712529,224147008,,255,()
2025/07/05/17:48:49.295340,9882,1751712529,302147008,,255,()
2025/07/05/17:48:49.395491,9883,1751712529,402147008,,255,()
2025/07/05/17:48:49.553147,9884,1751712529,560147008,,255,()
2025/07/05/17:48:49.653194,9885,1751712529,661147008,,255,()
2025/07/05/17:48:49.774441,9886,1751712529,780147008,,255,()
2025/07/05/17:48:49.874428,9887,1751712529,880147008,,255,()
2025/07/05/17:48:49.994182,9888,1751712530,1147008,,255,()
2025/07/05/17:48:50.054762,9889,1751712530,60147008,,255,()
2025/07/05/17:48:50.153444,9890,1751712530,160147008,,255,()
2025/07/05/17:48:50.235536,9891,1751712530,243147008,,255,()
2025/07/05/17:48:50.353196,9892,1751712530,360147008,,255,()
2025/07/05/17:48:50.473665,9893,1751712530,481147008,,255,()
2025/07/05/17:48:50.635131,9894,1751712530,643147008,,255,()
2025/07/05/17:48:50.695174,9895,1751712530,702147008,,255,()
2025/07/05/17:48:50.813929,9896,1751712530,821147008,,255,()
2025/07/05/17:48:50.893216,9897,1751712530,901147008,,255,()
2025/07/05/17:48:50.994138,9898,1751712531,2147008,,255,()
2025/07/05/17:48:51.094112,9899,1751712531,101147008,,255,()
2025/07/05/17:48:51.173555,9900,1751712531,181147008,,255,()
2025/07/05/17:48:51.254962,9901,1751712531,261147008,,255,()
2025/07/05/17:48:51.353118,9902,1751712531,361147008,,255,()
2025/07/05/17:48:51.533089,9903,1751712531,541147008,,255,()
2025/07/05/17:48:51.635430,9904,1751712531,644147008,,255,()
2025/07/05/17:48:51.715407,9905,1751712531,721147008,,255,()
2025/07/05/17:48:51.816655,9906,1751712531,824147008,,255,()
2025/07/05/17:48:51.894697,9907,1751712531,902147008,,255,()
2025/07/05/17:48:52.016762,9908,1751712532,24147008,,255,()
2025/07/05/17:48:52.113642,9909,1751712532,121147008,,255,()
2025/07/05/17:48:52.196207,9910,1751712532,202147008,,255,()
2025/07/05/17:48:52.293464,9911,1751712532,301147008,,255,()
2025/07/05/17:48:52.394155,9912,1751712532,402147008,,255,()
2025/07/05/17:48:52.553129,9913,1751712532,561147008,,255,()
2025/07/05/17:48:52.654014,9914,1751712532,661147008,,255,()
2025/07/05/17:48:52.774441,9915,1751712532,781147008,,255,()
2025/07/05/17:48:52.852801,9916,1751712532,860147008,,255,()
2025/07/05/17:48:52.994120,9917,1751712533,1147008,,255,()
2025/07/05/17:48:53.093623,9918,1751712533,101147008,,255,()
2025/07/05/17:48:53.193728,9919,1751712533,201147008,,255,()
2025/07/05/17:48:53.254920,9920,1751712533,261147008,,255,()
2025/07/05/17:48:53.352590,9921,1751712533,361147008,,255,()
2025/07/05/17:48:53.574772,9922,1751712533,580147008,,255,()
2025/07/05/17:48:53.674461,9923,1751712533,681147008,,255,()
2025/07/05/17:48:53.753027,9924,1751712533,761147008,,255,()
2025/07/05/17:48:53.874923,9925,1751712533,880147008,,255,()
2025/07/05/17:48:53.994428,9926,1751712534,2147008,,255,()
2025/07/05/17:48:54.053426,9927,1751712534,60147008,,255,()
2025/07/05/17:48:54.174466,9928,1751712534,180147008,,255,()
2025/07/05/17:48:54.252842,9929,1751712534,261147008,,255,()
2025/07/05/17:48:54.352838,9930,1751712534,361147008,,255,()
2025/07/05/17:48:54.532567,9931,1751712534,541147008,,255,()
2025/07/05/17:48:54.632377,9932,1751712534,641147008,,255,()
2025/07/05/17:48:54.753025,9933,1751712534,760147008,,255,()
2025/07/05/17:48:54.835647,9934,1751712534,844147008,,255,()
2025/07/05/17:48:54.933059,9935,1751712534,940147008,,255,()
2025/07/05/17:48:55.014073,9936,1751712535,22147008,,255,()
2025/07/05/17:48:55.093447,9937,1751712535,102147008,,255,()
2025/07/05/17:48:55.194715,9938,1751712535,202147008,,255,()
2025/07/05/17:48:55.293464,9939,1751712535,301147008,,255,()
2025/07/05/17:48:55.394885,9940,1751712535,402147008,,255,()
2025/07/05/17:48:55.552586,9941,1751712535,560147008,,255,()
2025/07/05/17:48:55.674805,9942,1751712535,681147008,,255,()
2025/07/05/17:48:55.753358,9943,1751712535,760147008,,255,()
2025/07/05/17:48:55.832297,9944,1751712535,841147008,,255,()
2025/07/05/17:48:55.974501,9945,1751712535,980147008,,255,()
2025/07/05/17:48:56.052644,9946,1751712536,61147008,,255,()
2025/07/05/17:48:56.152713,9947,1751712536,161147008,,255,()
2025/07/05/17:48:56.232510,9948,1751712536,241147008,,255,()
2025/07/05/17:48:56.331967,9949,1751712536,341147008,,255,()
2025/07/05/17:48:56.473007,9950,1751712536,481147008,,255,()
2025/07/05/17:48:56.593502,9951,1751712536,601147008,,255,()
2025/07/05/17:48:56.673505,9952,1751712536,682147008,,255,()
2025/07/05/17:48:56.773472,9953,1751712536,781147008,,255,()
2025/07/05/17:48:56.873408,9954,1751712536,880147008,,255,()
2025/07/05/17:48:56.932268,9955,1751712536,941147008,,255,()
2025/07/05/17:48:57.054896,9956,1751712537,60147008,,255,()
2025/07/05/17:48:57.132645,9957,1751712537,141147008,,255,()
2025/07/05/17:48:57.235515,9958,1751712537,243147008,,255,()
2025/07/05/17:48:57.353454,9959,1751712537,360147008,,255,()
2025/07/05/17:48:57.493765,9960,1751712537,502147008,,255,()
2025/07/05/17:48:57.655460,9961,1751712537,663147008,,255,()
2025/07/05/17:48:57.732600,9962,1751712537,741147008,,255,()
2025/07/05/17:48:57.835796,9963,1751712537,843147008,,255,()
2025/07/05/17:48:57.932962,9964,1751712537,941147008,,255,()
2025/07/05/17:48:58.035410,9965,1751712538,43147008,,255,()
2025/07/05/17:48:58.131833,9966,1751712538,140147008,,255,()
2025/07/05/17:48:58.234818,9967,1751712538,244147008,,255,()
2025/07/05/17:48:58.351903,9968,1751712538,360147008,,255,()
2025/07/05/17:48:58.532204,9969,1751712538,540147008,,255,()
2025/07/05/17:48:58.614158,9970,1751712538,622147008,,255,()
2025/07/05/17:48:58.692981,9971,1751712538,702147008,,255,()
2025/07/05/17:48:58.792925,9972,1751712538,801147008,,255,()
2025/07/05/17:48:58.912164,9973,1751712538,921147008,,255,()
2025/07/05/17:48:58.993088,9974,1751712539,2147008,,255,()
2025/07/05/17:48:59.093054,9975,1751712539,101147008,,255,()
2025/07/05/17:48:59.172082,9976,1751712539,181147008,,255,()
2025/07/05/17:48:59.251920,9977,1751712539,261147008,,255,()
2025/07/05/17:48:59.355021,9978,1751712539,361147008,,255,()
2025/07/05/17:48:59.573797,9979,1751712539,580147008,,255,()
2025/07/05/17:48:59.652378,9980,1751712539,661147008,,255,()
2025/07/05/17:48:59.752519,9981,1751712539,761147008,,255,()
2025/07/05/17:48:59.872727,9982,1751712539,881147008,,255,()
2025/07/05/17:48:59.993372,9983,1751712540,2147008,,255,()
2025/07/05/17:49:00.094456,9984,1751712540,101147008,,255,()
2025/07/05/17:49:00.193206,9985,1751712540,201147008,,255,()
2025/07/05/17:49:00.293344,9986,1751712540,302147008,,255,()
2025/07/05/17:49:00.432770,9987,1751712540,440147008,,255,()
2025/07/05/17:49:00.552576,9988,1751712540,561147008,,255,()
2025/07/05/17:49:00.651918,9989,1751712540,661147008,,255,()
2025/07/05/17:49:00.772224,9990,1751712540,781147008,,255,()
2025/07/05/17:49:00.855941,9991,1751712540,861147008,,255,()
2025/07/05/17:49:00.973199,9992,1751712540,981147008,,255,()
2025/07/05/17:49:01.054083,9993,1751712541,60147008,,255,()
2025/07/05/17:49:01.174861,9994,1751712541,181147008,,255,()
2025/07/05/17:49:01.251992,9995,1751712541,260147008,,255,()
2025/07/05/17:49:01.393007,9996,1751712541,401147008,,255,()
2025/07/05/17:49:01.571851,9997,1751712541,580147008,,255,()
2025/07/05/17:49:01.652239,9998,1751712541,661147008,,255,()
2025/07/05/17:49:01.753715,9999,1751712541,760147008,,255,()
2025/07/05/17:49:01.852114,10000,1751712541,860147008,,255,()
2025/07/05/17:49:01.973820,10001,1751712541,980147008,,255,()
2025/07/05/17:49:02.051896,10002,1751712542,61147008,,255,()
2025/07/05/17:49:02.152009,10003,1751712542,161147008,,255,()
2025/07/05/17:49:02.252252,10004,1751712542,260147008,,255,()
2025/07/05/17:49:02.332086,10005,1751712542,341147008,,255,()
2025/07/05/17:49:02.513211,10006,1751712542,521147008,,255,()
2025/07/05/17:49:02.593494,10007,1751712542,602147008,,255,()
2025/07/05/17:49:02.672908,10008,1751712542,681147008,,255,()
2025/07/05/17:49:02.754600,10009,1751712542,761147008,,255,()
2025/07/05/17:49:02.851920,10010,1751712542,860147008,,255,()
2025/07/05/17:49:02.992828,10011,1751712543,1147008,,255,()
2025/07/05/17:49:03.053642,10012,1751712543,61147008,,255,()
2025/07/05/17:49:03.174956,10013,1751712543,181147008,,255,()
2025/07/05/17:49:03.252026,10014,1751712543,260147008,,255,()
2025/07/05/17:49:03.351878,10015,1751712543,361147008,,255,()
2025/07/05/17:49:03.493717,10016,1751712543,502147008,,255,()
2025/07/05/17:49:03.635490,10017,1751712543,644147008,,255,()
