time,.header.seq,.header.stamp.secs,.header.stamp.nsecs,.header.frame_id,.sensors_present,.sensors_enabled,.sensors_health,.load,.voltage_battery,.current_battery,.battery_remaining,.drop_rate_comm,.errors_comm,.errors_count1,.errors_count2,.errors_count3,.errors_count4
2025/07/05/17:47:55.757711,9375,1751712475,754313572,,321969199,52461615,36733231,170,0,-1,-1,0,0,0,0,0,0
2025/07/05/17:47:55.854670,9376,1751712475,854257008,,321969199,52461615,36733231,173,0,-1,-1,0,0,0,0,0,0
2025/07/05/17:47:55.974485,9377,1751712475,974196336,,321969199,52461615,36733231,170,0,-1,-1,0,0,0,0,0,0
2025/07/05/17:47:56.075075,9378,1751712476,74466524,,321969199,52461615,36733231,174,0,-1,-1,0,0,0,0,0,0
2025/07/05/17:47:56.175201,9379,1751712476,174624550,,321969199,52461615,36733231,170,0,-1,-1,0,0,0,0,0,0
2025/07/05/17:47:56.275105,9380,1751712476,274808598,,321969199,52461615,36733231,172,0,-1,-1,0,0,0,0,0,0
2025/07/05/17:47:56.416615,9381,1751712476,415822316,,321969199,52461615,36733231,169,0,-1,-1,0,0,0,0,0,0
2025/07/05/17:47:56.575012,9382,1751712476,574430922,,321969199,52461615,36733231,175,0,-1,-1,0,0,0,0,0,0
2025/07/05/17:47:56.676228,9383,1751712476,674795538,,321969199,52461615,36733231,178,0,-1,-1,0,0,0,0,0,0
2025/07/05/17:47:56.755048,9384,1751712476,754094465,,321969199,52461615,36733231,175,0,-1,-1,0,0,0,0,0,0
2025/07/05/17:47:56.854694,9385,1751712476,853983026,,321969199,52461615,36733231,178,0,-1,-1,0,0,0,0,0,0
2025/07/05/17:47:56.975030,9386,1751712476,974430378,,321969199,52461615,36733231,174,0,-1,-1,0,0,0,0,0,0
2025/07/05/17:47:57.055012,9387,1751712477,53977084,,321969199,52461615,36733231,179,0,-1,-1,0,0,0,0,0,0
2025/07/05/17:47:57.134741,9388,1751712477,134084822,,321969199,52461615,36733231,176,0,-1,-1,0,0,0,0,0,0
2025/07/05/17:47:57.237615,9389,1751712477,236816116,,321969199,52461615,36733231,173,0,-1,-1,0,0,0,0,0,0
2025/07/05/17:47:57.315613,9390,1751712477,314825227,,321969199,52461615,36733231,175,0,-1,-1,0,0,0,0,0,0
2025/07/05/17:47:57.437831,9391,1751712477,437096711,,321969199,52461615,36733231,176,0,-1,-1,0,0,0,0,0,0
2025/07/05/17:47:57.575113,9392,1751712477,574212485,,321969199,52461615,36733231,177,0,-1,-1,0,0,0,0,0,0
2025/07/05/17:47:57.655227,9393,1751712477,654291245,,321969199,52461615,36733231,183,0,-1,-1,0,0,0,0,0,0
2025/07/05/17:47:57.755098,9394,1751712477,754438535,,321969199,52461615,36733231,178,0,-1,-1,0,0,0,0,0,0
2025/07/05/17:47:57.855341,9395,1751712477,854379870,,321969199,52461615,36733231,179,0,-1,-1,0,0,0,0,0,0
2025/07/05/17:47:57.996294,9396,1751712477,995523064,,321969199,52461615,36733231,171,0,-1,-1,0,0,0,0,0,0
2025/07/05/17:47:58.075412,9397,1751712478,74555065,,321969199,52461615,36733231,175,0,-1,-1,0,0,0,0,0,0
2025/07/05/17:47:58.154339,9398,1751712478,153875616,,321969199,52461615,36733231,173,0,-1,-1,0,0,0,0,0,0
2025/07/05/17:47:58.254457,9399,1751712478,253910734,,321969199,52461615,36733231,173,0,-1,-1,0,0,0,0,0,0
2025/07/05/17:47:58.355032,9400,1751712478,354293662,,321969199,52461615,36733231,169,0,-1,-1,0,0,0,0,0,0
2025/07/05/17:47:58.534185,9401,1751712478,533803710,,321969199,52461615,36733231,174,0,-1,-1,0,0,0,0,0,0
2025/07/05/17:47:58.614832,9402,1751712478,614610509,,321969199,52461615,36733231,171,0,-1,-1,0,0,0,0,0,0
2025/07/05/17:47:58.715648,9403,1751712478,715145280,,321969199,52461615,36733231,175,0,-1,-1,0,0,0,0,0,0
2025/07/05/17:47:58.815444,9404,1751712478,814838453,,321969199,52461615,36733231,173,0,-1,-1,0,0,0,0,0,0
2025/07/05/17:47:58.915941,9405,1751712478,914930295,,321969199,52461615,36733231,178,0,-1,-1,0,0,0,0,0,0
2025/07/05/17:47:59.035195,9406,1751712479,34580999,,321969199,52461615,36733231,181,0,-1,-1,0,0,0,0,0,0
2025/07/05/17:47:59.134938,9407,1751712479,134267848,,321969199,52461615,36733231,177,0,-1,-1,0,0,0,0,0,0
2025/07/05/17:47:59.254922,9408,1751712479,254010566,,321969199,52461615,36733231,180,0,-1,-1,0,0,0,0,0,0
2025/07/05/17:47:59.354711,9409,1751712479,353866703,,321969199,52461615,36733231,174,0,-1,-1,0,0,0,0,0,0
2025/07/05/17:47:59.554836,9410,1751712479,554196282,,321969199,52461615,36733231,174,0,-1,-1,0,0,0,0,0,0
2025/07/05/17:47:59.654624,9411,1751712479,653958333,,321969199,52461615,53510447,177,0,-1,-1,0,0,0,0,0,0
2025/07/05/17:47:59.755060,9412,1751712479,754241889,,321969199,52461615,36733231,173,0,-1,-1,0,0,0,0,0,0
2025/07/05/17:47:59.855083,9413,1751712479,854169394,,321969199,52461615,36733231,173,0,-1,-1,0,0,0,0,0,0
2025/07/05/17:47:59.975293,9414,1751712479,974375524,,321969199,52461615,36733231,169,0,-1,-1,0,0,0,0,0,0
2025/07/05/17:48:00.054694,9415,1751712480,53821358,,321969199,52461615,36733231,174,0,-1,-1,0,0,0,0,0,0
2025/07/05/17:48:00.154980,9416,1751712480,154255240,,321969199,52461615,36733231,170,0,-1,-1,0,0,0,0,0,0
2025/07/05/17:48:00.234508,9417,1751712480,234089103,,321969199,52461615,36733231,176,0,-1,-1,0,0,0,0,0,0
2025/07/05/17:48:00.334181,9418,1751712480,333618747,,321969199,52461615,36733231,172,0,-1,-1,0,0,0,0,0,0
2025/07/05/17:48:00.496382,9419,1751712480,495311748,,321969199,52461615,36733231,175,0,-1,-1,0,0,0,0,0,0
2025/07/05/17:48:00.618332,9420,1751712480,617488216,,321969199,52461615,36733231,174,0,-1,-1,0,0,0,0,0,0
2025/07/05/17:48:00.695690,9421,1751712480,694833626,,321969199,52461615,36733231,177,0,-1,-1,0,0,0,0,0,0
2025/07/05/17:48:00.775542,9422,1751712480,774381947,,321969199,52461615,36733231,175,0,-1,-1,0,0,0,0,0,0
2025/07/05/17:48:00.854221,9423,1751712480,853666887,,321969199,52461615,36733231,182,0,-1,-1,0,0,0,0,0,0
2025/07/05/17:48:00.956035,9424,1751712480,955338464,,321969199,52461615,36733231,179,0,-1,-1,0,0,0,0,0,0
2025/07/05/17:48:01.054921,9425,1751712481,54254719,,321969199,52461615,36733231,180,0,-1,-1,0,0,0,0,0,0
2025/07/05/17:48:01.154116,9426,1751712481,153704316,,321969199,52461615,36733231,174,0,-1,-1,0,0,0,0,0,0
2025/07/05/17:48:01.254938,9427,1751712481,254198739,,321969199,52461615,36733231,176,0,-1,-1,0,0,0,0,0,0
2025/07/05/17:48:01.354913,9428,1751712481,354229093,,321969199,52461615,36733231,172,0,-1,-1,0,0,0,0,0,0
2025/07/05/17:48:01.554856,9429,1751712481,553950120,,321969199,52461615,36733231,176,0,-1,-1,0,0,0,0,0,0
2025/07/05/17:48:01.654973,9430,1751712481,654431495,,321969199,52461615,36733231,178,0,-1,-1,0,0,0,0,0,0
2025/07/05/17:48:01.754415,9431,1751712481,753863650,,321969199,52461615,36733231,176,0,-1,-1,0,0,0,0,0,0
2025/07/05/17:48:01.854416,9432,1751712481,853721119,,321969199,52461615,36733231,179,0,-1,-1,0,0,0,0,0,0
2025/07/05/17:48:01.975169,9433,1751712481,974414364,,321969199,52461615,36733231,175,0,-1,-1,0,0,0,0,0,0
2025/07/05/17:48:02.055337,9434,1751712482,54450704,,321969199,52461615,36733231,179,0,-1,-1,0,0,0,0,0,0
2025/07/05/17:48:02.154663,9435,1751712482,153733206,,321969199,52461615,36733231,172,0,-1,-1,0,0,0,0,0,0
2025/07/05/17:48:02.254876,9436,1751712482,254225097,,321969199,52461615,36733231,174,0,-1,-1,0,0,0,0,0,0
2025/07/05/17:48:02.354678,9437,1751712482,353867700,,321969199,52461615,36733231,171,0,-1,-1,0,0,0,0,0,0
2025/07/05/17:48:02.555153,9438,1751712482,554393775,,321969199,52461615,36733231,177,0,-1,-1,0,0,0,0,0,0
2025/07/05/17:48:02.654775,9439,1751712482,653857450,,321969199,52461615,36733231,178,0,-1,-1,0,0,0,0,0,0
2025/07/05/17:48:02.754572,9440,1751712482,753897921,,321969199,52461615,36733231,172,0,-1,-1,0,0,0,0,0,0
2025/07/05/17:48:02.854887,9441,1751712482,854254714,,321969199,52461615,36733231,175,0,-1,-1,0,0,0,0,0,0
2025/07/05/17:48:02.974946,9442,1751712482,974318730,,321969199,52461615,36733231,172,0,-1,-1,0,0,0,0,0,0
2025/07/05/17:48:03.054381,9443,1751712483,53635466,,321969199,52461615,36733231,174,0,-1,-1,0,0,0,0,0,0
2025/07/05/17:48:03.155120,9444,1751712483,154185315,,321969199,52461615,36733231,170,0,-1,-1,0,0,0,0,0,0
2025/07/05/17:48:03.254702,9445,1751712483,253806955,,321969199,52461615,36733231,172,0,-1,-1,0,0,0,0,0,0
2025/07/05/17:48:03.354419,9446,1751712483,353711493,,321969199,52461615,36733231,169,0,-1,-1,0,0,0,0,0,0
2025/07/05/17:48:03.534646,9447,1751712483,533924139,,321969199,52461615,36733231,174,0,-1,-1,0,0,0,0,0,0
2025/07/05/17:48:03.638335,9448,1751712483,637236678,,321969199,52461615,36733231,176,0,-1,-1,0,0,0,0,0,0
2025/07/05/17:48:03.735076,9449,1751712483,734694023,,321969199,52461615,36733231,173,0,-1,-1,0,0,0,0,0,0
2025/07/05/17:48:03.834663,9450,1751712483,833782262,,321969199,52461615,36733231,177,0,-1,-1,0,0,0,0,0,0
2025/07/05/17:48:03.954170,9451,1751712483,953868955,,321969199,52461615,36733231,173,0,-1,-1,0,0,0,0,0,0
2025/07/05/17:48:04.055001,9452,1751712484,54350856,,321969199,52461615,36733231,177,0,-1,-1,0,0,0,0,0,0
2025/07/05/17:48:04.154309,9453,1751712484,153463191,,321969199,52461615,36733231,173,0,-1,-1,0,0,0,0,0,0
2025/07/05/17:48:04.254336,9454,1751712484,253684229,,321969199,52461615,36733231,175,0,-1,-1,0,0,0,0,0,0
2025/07/05/17:48:04.354627,9455,1751712484,354180871,,321969199,52461615,36733231,170,0,-1,-1,0,0,0,0,0,0
2025/07/05/17:48:04.556179,9456,1751712484,554929367,,321969199,52461615,36733231,175,0,-1,-1,0,0,0,0,0,0
2025/07/05/17:48:04.654871,9457,1751712484,654338962,,321969199,52461615,53510447,175,0,-1,-1,0,0,0,0,0,0
2025/07/05/17:48:04.754305,9458,1751712484,753731838,,321969199,52461615,36733231,170,0,-1,-1,0,0,0,0,0,0
2025/07/05/17:48:04.854755,9459,1751712484,854207471,,321969199,52461615,36733231,173,0,-1,-1,0,0,0,0,0,0
2025/07/05/17:48:04.975043,9460,1751712484,974444138,,321969199,52461615,36733231,170,0,-1,-1,0,0,0,0,0,0
2025/07/05/17:48:05.053834,9461,1751712485,53459220,,321969199,52461615,36733231,177,0,-1,-1,0,0,0,0,0,0
2025/07/05/17:48:05.154198,9462,1751712485,153423061,,321969199,52461615,36733231,173,0,-1,-1,0,0,0,0,0,0
2025/07/05/17:48:05.255436,9463,1751712485,254244508,,321969199,52461615,36733231,175,0,-1,-1,0,0,0,0,0,0
2025/07/05/17:48:05.354634,9464,1751712485,353887370,,321969199,52461615,36733231,170,0,-1,-1,0,0,0,0,0,0
2025/07/05/17:48:05.554921,9465,1751712485,554146417,,321969199,52461615,36733231,174,0,-1,-1,0,0,0,0,0,0
2025/07/05/17:48:05.654419,9466,1751712485,653628988,,321969199,52461615,36733231,179,0,-1,-1,0,0,0,0,0,0
2025/07/05/17:48:05.755271,9467,1751712485,754230801,,321969199,52461615,36733231,175,0,-1,-1,0,0,0,0,0,0
2025/07/05/17:48:05.854857,9468,1751712485,854485091,,321969199,52461615,36733231,177,0,-1,-1,0,0,0,0,0,0
2025/07/05/17:48:05.996223,9469,1751712485,995518424,,321969199,52461615,36733231,172,0,-1,-1,0,0,0,0,0,0
2025/07/05/17:48:06.074951,9470,1751712486,74431884,,321969199,52461615,36733231,176,0,-1,-1,0,0,0,0,0,0
2025/07/05/17:48:06.174935,9471,1751712486,174158094,,321969199,52461615,36733231,171,0,-1,-1,0,0,0,0,0,0
2025/07/05/17:48:06.254200,9472,1751712486,253600892,,321969199,52461615,36733231,173,0,-1,-1,0,0,0,0,0,0
2025/07/05/17:48:06.354345,9473,1751712486,353671834,,321969199,52461615,36733231,167,0,-1,-1,0,0,0,0,0,0
2025/07/05/17:48:06.534591,9474,1751712486,534125916,,321969199,52461615,36733231,174,0,-1,-1,0,0,0,0,0,0
2025/07/05/17:48:06.634554,9475,1751712486,633634251,,321969199,52461615,36733231,178,0,-1,-1,0,0,0,0,0,0
2025/07/05/17:48:06.714883,9476,1751712486,714221390,,321969199,52461615,36733231,174,0,-1,-1,0,0,0,0,0,0
2025/07/05/17:48:06.819156,9477,1751712486,818001225,,321969199,52461615,36733231,171,0,-1,-1,0,0,0,0,0,0
2025/07/05/17:48:06.895391,9478,1751712486,894857037,,321969199,52461615,36733231,173,0,-1,-1,0,0,0,0,0,0
2025/07/05/17:48:06.998612,9479,1751712486,996376252,,321969199,52461615,36733231,170,0,-1,-1,0,0,0,0,0,0
2025/07/05/17:48:07.075118,9480,1751712487,74595080,,321969199,52461615,36733231,175,0,-1,-1,0,0,0,0,0,0
2025/07/05/17:48:07.174891,9481,1751712487,174138605,,321969199,52461615,36733231,171,0,-1,-1,0,0,0,0,0,0
2025/07/05/17:48:07.254407,9482,1751712487,253670947,,321969199,52461615,36733231,179,0,-1,-1,0,0,0,0,0,0
2025/07/05/17:48:07.354692,9483,1751712487,354249704,,321969199,52461615,36733231,173,0,-1,-1,0,0,0,0,0,0
2025/07/05/17:48:07.534403,9484,1751712487,533620945,,321969199,52461615,36733231,177,0,-1,-1,0,0,0,0,0,0
2025/07/05/17:48:07.637075,9485,1751712487,636388579,,321969199,52461615,36733231,174,0,-1,-1,0,0,0,0,0,0
2025/07/05/17:48:07.735171,9486,1751712487,734311743,,321969199,52461615,36733231,176,0,-1,-1,0,0,0,0,0,0
2025/07/05/17:48:07.835113,9487,1751712487,834316927,,321969199,52461615,36733231,178,0,-1,-1,0,0,0,0,0,0
2025/07/05/17:48:07.954865,9488,1751712487,954272778,,321969199,52461615,36733231,173,0,-1,-1,0,0,0,0,0,0
2025/07/05/17:48:08.057840,9489,1751712488,57080131,,321969199,52461615,36733231,176,0,-1,-1,0,0,0,0,0,0
2025/07/05/17:48:08.153835,9490,1751712488,153364421,,321969199,52461615,36733231,172,0,-1,-1,0,0,0,0,0,0
2025/07/05/17:48:08.254793,9491,1751712488,254249355,,321969199,52461615,36733231,176,0,-1,-1,0,0,0,0,0,0
2025/07/05/17:48:08.354606,9492,1751712488,354308999,,321969199,52461615,36733231,172,0,-1,-1,0,0,0,0,0,0
2025/07/05/17:48:08.555171,9493,1751712488,554330068,,321969199,52461615,36733231,173,0,-1,-1,0,0,0,0,0,0
2025/07/05/17:48:08.654517,9494,1751712488,654141989,,321969199,52461615,36733231,175,0,-1,-1,0,0,0,0,0,0
2025/07/05/17:48:08.754043,9495,1751712488,753515533,,321969199,52461615,36733231,171,0,-1,-1,0,0,0,0,0,0
2025/07/05/17:48:08.834224,9496,1751712488,833398467,,321969199,52461615,36733231,180,0,-1,-1,0,0,0,0,0,0
2025/07/05/17:48:08.934536,9497,1751712488,934075719,,321969199,52461615,36733231,177,0,-1,-1,0,0,0,0,0,0
2025/07/05/17:48:09.034331,9498,1751712489,33748876,,321969199,52461615,36733231,179,0,-1,-1,0,0,0,0,0,0
2025/07/05/17:48:09.134422,9499,1751712489,133623532,,321969199,52461615,36733231,175,0,-1,-1,0,0,0,0,0,0
2025/07/05/17:48:09.233849,9500,1751712489,233326534,,321969199,52461615,36733231,179,0,-1,-1,0,0,0,0,0,0
2025/07/05/17:48:09.334375,9501,1751712489,333544501,,321969199,52461615,36733231,175,0,-1,-1,0,0,0,0,0,0
2025/07/05/17:48:09.495681,9502,1751712489,495182832,,321969199,52461615,36733231,176,0,-1,-1,0,0,0,0,0,0
2025/07/05/17:48:09.596125,9503,1751712489,595446058,,321969199,52461615,36733231,172,0,-1,-1,0,0,0,0,0,0
2025/07/05/17:48:09.675442,9504,1751712489,674533880,,321969199,52461615,36733231,176,0,-1,-1,0,0,0,0,0,0
2025/07/05/17:48:09.776254,9505,1751712489,774996759,,321969199,52461615,53510447,171,0,-1,-1,0,0,0,0,0,0
2025/07/05/17:48:09.855506,9506,1751712489,853849454,,321969199,52461615,36733231,176,0,-1,-1,0,0,0,0,0,0
2025/07/05/17:48:09.954997,9507,1751712489,954329105,,321969199,52461615,36733231,175,0,-1,-1,0,0,0,0,0,0
2025/07/05/17:48:10.054902,9508,1751712490,54372181,,321969199,52461615,36733231,176,0,-1,-1,0,0,0,0,0,0
2025/07/05/17:48:10.154153,9509,1751712490,153647936,,321969199,52461615,36733231,171,0,-1,-1,0,0,0,0,0,0
2025/07/05/17:48:10.254172,9510,1751712490,253637881,,321969199,52461615,36733231,174,0,-1,-1,0,0,0,0,0,0
2025/07/05/17:48:10.354961,9511,1751712490,354334122,,321969199,52461615,36733231,170,0,-1,-1,0,0,0,0,0,0
2025/07/05/17:48:10.515097,9512,1751712490,514741129,,321969199,52461615,36733231,178,0,-1,-1,0,0,0,0,0,0
2025/07/05/17:48:10.617437,9513,1751712490,617157073,,321969199,52461615,36733231,175,0,-1,-1,0,0,0,0,0,0
2025/07/05/17:48:10.714218,9514,1751712490,713990602,,321969199,52461615,36733231,178,0,-1,-1,0,0,0,0,0,0
2025/07/05/17:48:10.817340,9515,1751712490,816955845,,321969199,52461615,36733231,174,0,-1,-1,0,0,0,0,0,0
2025/07/05/17:48:10.915060,9516,1751712490,914174747,,321969199,52461615,36733231,177,0,-1,-1,0,0,0,0,0,0
2025/07/05/17:48:11.017776,9517,1751712491,17213200,,321969199,52461615,36733231,174,0,-1,-1,0,0,0,0,0,0
2025/07/05/17:48:11.094721,9518,1751712491,94299382,,321969199,52461615,36733231,171,0,-1,-1,0,0,0,0,0,0
2025/07/05/17:48:11.196027,9519,1751712491,195236159,,321969199,52461615,36733231,168,0,-1,-1,0,0,0,0,0,0
2025/07/05/17:48:11.279296,9520,1751712491,278472549,,321969199,52461615,36733231,173,0,-1,-1,0,0,0,0,0,0
2025/07/05/17:48:11.356604,9521,1751712491,354414336,,321969199,52461615,36733231,171,0,-1,-1,0,0,0,0,0,0
2025/07/05/17:48:11.554801,9522,1751712491,554175855,,321969199,52461615,36733231,176,0,-1,-1,0,0,0,0,0,0
2025/07/05/17:48:11.634008,9523,1751712491,633339012,,321969199,52461615,36733231,180,0,-1,-1,0,0,0,0,0,0
2025/07/05/17:48:11.734320,9524,1751712491,733390960,,321969199,52461615,36733231,177,0,-1,-1,0,0,0,0,0,0
2025/07/05/17:48:11.817727,9525,1751712491,817239662,,321969199,52461615,36733231,175,0,-1,-1,0,0,0,0,0,0
2025/07/05/17:48:11.916754,9526,1751712491,915279595,,321969199,52461615,36733231,178,0,-1,-1,0,0,0,0,0,0
2025/07/05/17:48:12.018774,9527,1751712492,17814050,,321969199,52461615,36733231,177,0,-1,-1,0,0,0,0,0,0
2025/07/05/17:48:12.094894,9528,1751712492,94214916,,321969199,52461615,36733231,179,0,-1,-1,0,0,0,0,0,0
2025/07/05/17:48:12.196118,9529,1751712492,195167526,,321969199,52461615,36733231,175,0,-1,-1,0,0,0,0,0,0
2025/07/05/17:48:12.275475,9530,1751712492,274828274,,321969199,52461615,36733231,179,0,-1,-1,0,0,0,0,0,0
2025/07/05/17:48:12.374696,9531,1751712492,373519140,,321969199,52461615,36733231,173,0,-1,-1,0,0,0,0,0,0
2025/07/05/17:48:12.534033,9532,1751712492,533437865,,321969199,52461615,36733231,178,0,-1,-1,0,0,0,0,0,0
2025/07/05/17:48:12.635819,9533,1751712492,633711714,,321969199,52461615,36733231,179,0,-1,-1,0,0,0,0,0,0
2025/07/05/17:48:12.714693,9534,1751712492,713988700,,321969199,52461615,36733231,176,0,-1,-1,0,0,0,0,0,0
2025/07/05/17:48:12.817916,9535,1751712492,817025904,,321969199,52461615,36733231,173,0,-1,-1,0,0,0,0,0,0
2025/07/05/17:48:12.895175,9536,1751712492,894563362,,321969199,52461615,36733231,176,0,-1,-1,0,0,0,0,0,0
2025/07/05/17:48:13.017608,9537,1751712493,17045885,,321969199,52461615,36733231,174,0,-1,-1,0,0,0,0,0,0
2025/07/05/17:48:13.095660,9538,1751712493,94391223,,321969199,52461615,36733231,175,0,-1,-1,0,0,0,0,0,0
2025/07/05/17:48:13.175618,9539,1751712493,174904206,,321969199,52461615,36733231,172,0,-1,-1,0,0,0,0,0,0
2025/07/05/17:48:13.254452,9540,1751712493,253472337,,321969199,52461615,36733231,175,0,-1,-1,0,0,0,0,0,0
2025/07/05/17:48:13.354730,9541,1751712493,354270144,,321969199,52461615,36733231,170,0,-1,-1,0,0,0,0,0,0
2025/07/05/17:48:13.554138,9542,1751712493,553305220,,321969199,52461615,36733231,172,0,-1,-1,0,0,0,0,0,0
2025/07/05/17:48:13.655102,9543,1751712493,654334844,,321969199,52461615,36733231,176,0,-1,-1,0,0,0,0,0,0
2025/07/05/17:48:13.754297,9544,1751712493,753333181,,321969199,52461615,36733231,171,0,-1,-1,0,0,0,0,0,0
2025/07/05/17:48:13.853926,9545,1751712493,853191169,,321969199,52461615,36733231,173,0,-1,-1,0,0,0,0,0,0
2025/07/05/17:48:13.955101,9546,1751712493,954359489,,321969199,52461615,36733231,172,0,-1,-1,0,0,0,0,0,0
2025/07/05/17:48:14.054358,9547,1751712494,53546668,,321969199,52461615,36733231,176,0,-1,-1,0,0,0,0,0,0
2025/07/05/17:48:14.154400,9548,1751712494,153456716,,321969199,52461615,36733231,172,0,-1,-1,0,0,0,0,0,0
2025/07/05/17:48:14.234124,9549,1751712494,233335692,,321969199,52461615,36733231,176,0,-1,-1,0,0,0,0,0,0
2025/07/05/17:48:14.334992,9550,1751712494,334338738,,321969199,52461615,36733231,172,0,-1,-1,0,0,0,0,0,0
2025/07/05/17:48:14.475079,9551,1751712494,474459942,,321969199,52461615,36733231,176,0,-1,-1,0,0,0,0,0,0
2025/07/05/17:48:14.596029,9552,1751712494,594799842,,321969199,52461615,36733231,170,0,-1,-1,0,0,0,0,0,0
2025/07/05/17:48:14.674787,9553,1751712494,674289108,,321969199,52461615,36733231,175,0,-1,-1,0,0,0,0,0,0
2025/07/05/17:48:14.775161,9554,1751712494,774458962,,321969199,52461615,36733231,171,0,-1,-1,0,0,0,0,0,0
2025/07/05/17:48:14.854952,9555,1751712494,854371723,,321969199,52461615,53510447,175,0,-1,-1,0,0,0,0,0,0
2025/07/05/17:48:14.975191,9556,1751712494,973867508,,321969199,52461615,36733231,171,0,-1,-1,0,0,0,0,0,0
2025/07/05/17:48:15.054163,9557,1751712495,53335182,,321969199,52461615,36733231,176,0,-1,-1,0,0,0,0,0,0
2025/07/05/17:48:15.154078,9558,1751712495,153401824,,321969199,52461615,36733231,172,0,-1,-1,0,0,0,0,0,0
2025/07/05/17:48:15.254334,9559,1751712495,253441289,,321969199,52461615,36733231,177,0,-1,-1,0,0,0,0,0,0
2025/07/05/17:48:15.354246,9560,1751712495,353351977,,321969199,52461615,36733231,172,0,-1,-1,0,0,0,0,0,0
2025/07/05/17:48:15.534750,9561,1751712495,534228060,,321969199,52461615,36733231,176,0,-1,-1,0,0,0,0,0,0
2025/07/05/17:48:15.634169,9562,1751712495,633355508,,321969199,52461615,36733231,179,0,-1,-1,0,0,0,0,0,0
2025/07/05/17:48:15.714713,9563,1751712495,714006148,,321969199,52461615,36733231,176,0,-1,-1,0,0,0,0,0,0
2025/07/05/17:48:15.817575,9564,1751712495,816725054,,321969199,52461615,36733231,174,0,-1,-1,0,0,0,0,0,0
2025/07/05/17:48:15.895413,9565,1751712495,894974326,,321969199,52461615,36733231,174,0,-1,-1,0,0,0,0,0,0
2025/07/05/17:48:15.995834,9566,1751712495,995260948,,321969199,52461615,36733231,172,0,-1,-1,0,0,0,0,0,0
2025/07/05/17:48:16.075077,9567,1751712496,74584898,,321969199,52461615,36733231,175,0,-1,-1,0,0,0,0,0,0
2025/07/05/17:48:16.174127,9568,1751712496,173375900,,321969199,52461615,36733231,169,0,-1,-1,0,0,0,0,0,0
2025/07/05/17:48:16.254223,9569,1751712496,253319722,,321969199,52461615,36733231,175,0,-1,-1,0,0,0,0,0,0
2025/07/05/17:48:16.355090,9570,1751712496,354331991,,321969199,52461615,36733231,172,0,-1,-1,0,0,0,0,0,0
2025/07/05/17:48:16.495855,9571,1751712496,495404303,,321969199,52461615,36733231,176,0,-1,-1,0,0,0,0,0,0
2025/07/05/17:48:16.595654,9572,1751712496,595058321,,321969199,52461615,36733231,173,0,-1,-1,0,0,0,0,0,0
2025/07/05/17:48:16.674991,9573,1751712496,674413704,,321969199,52461615,36733231,176,0,-1,-1,0,0,0,0,0,0
2025/07/05/17:48:16.774252,9574,1751712496,773322000,,321969199,52461615,36733231,173,0,-1,-1,0,0,0,0,0,0
2025/07/05/17:48:16.854269,9575,1751712496,853378487,,321969199,52461615,36733231,178,0,-1,-1,0,0,0,0,0,0
2025/07/05/17:48:16.974404,9576,1751712496,973537508,,321969199,52461615,36733231,174,0,-1,-1,0,0,0,0,0,0
2025/07/05/17:48:17.075197,9577,1751712497,74225041,,321969199,52461615,36733231,176,0,-1,-1,0,0,0,0,0,0
2025/07/05/17:48:17.174301,9578,1751712497,173743300,,321969199,52461615,36733231,169,0,-1,-1,0,0,0,0,0,0
2025/07/05/17:48:17.254102,9579,1751712497,253292624,,321969199,52461615,36733231,176,0,-1,-1,0,0,0,0,0,0
2025/07/05/17:48:17.334177,9580,1751712497,333354043,,321969199,52461615,36733231,173,0,-1,-1,0,0,0,0,0,0
2025/07/05/17:48:17.474861,9581,1751712497,474424741,,321969199,52461615,36733231,175,0,-1,-1,0,0,0,0,0,0
2025/07/05/17:48:17.596110,9582,1751712497,595199177,,321969199,52461615,36733231,171,0,-1,-1,0,0,0,0,0,0
2025/07/05/17:48:17.674298,9583,1751712497,673741595,,321969199,52461615,36733231,176,0,-1,-1,0,0,0,0,0,0
2025/07/05/17:48:17.754141,9584,1751712497,753277479,,321969199,52461615,36733231,175,0,-1,-1,0,0,0,0,0,0
2025/07/05/17:48:17.854939,9585,1751712497,854271517,,321969199,52461615,36733231,178,0,-1,-1,0,0,0,0,0,0
2025/07/05/17:48:17.974019,9586,1751712497,973288914,,321969199,52461615,36733231,174,0,-1,-1,0,0,0,0,0,0
2025/07/05/17:48:18.054063,9587,1751712498,53228103,,321969199,52461615,36733231,177,0,-1,-1,0,0,0,0,0,0
2025/07/05/17:48:18.154052,9588,1751712498,153444012,,321969199,52461615,36733231,171,0,-1,-1,0,0,0,0,0,0
2025/07/05/17:48:18.254097,9589,1751712498,253393497,,321969199,52461615,36733231,174,0,-1,-1,0,0,0,0,0,0
2025/07/05/17:48:18.354150,9590,1751712498,353361516,,321969199,52461615,36733231,170,0,-1,-1,0,0,0,0,0,0
2025/07/05/17:48:18.534082,9591,1751712498,533210056,,321969199,52461615,36733231,180,0,-1,-1,0,0,0,0,0,0
2025/07/05/17:48:18.634501,9592,1751712498,633284782,,321969199,52461615,36733231,182,0,-1,-1,0,0,0,0,0,0
2025/07/05/17:48:18.734132,9593,1751712498,733237523,,321969199,52461615,36733231,178,0,-1,-1,0,0,0,0,0,0
2025/07/05/17:48:18.834394,9594,1751712498,833315207,,321969199,52461615,36733231,180,0,-1,-1,0,0,0,0,0,0
2025/07/05/17:48:18.934088,9595,1751712498,933276924,,321969199,52461615,36733231,176,0,-1,-1,0,0,0,0,0,0
2025/07/05/17:48:19.034003,9596,1751712499,33197569,,321969199,52461615,36733231,177,0,-1,-1,0,0,0,0,0,0
2025/07/05/17:48:19.135049,9597,1751712499,134291944,,321969199,52461615,36733231,173,0,-1,-1,0,0,0,0,0,0
2025/07/05/17:48:19.234029,9598,1751712499,233153381,,321969199,52461615,36733231,176,0,-1,-1,0,0,0,0,0,0
2025/07/05/17:48:19.334315,9599,1751712499,333332260,,321969199,52461615,36733231,173,0,-1,-1,0,0,0,0,0,0
2025/07/05/17:48:19.454155,9600,1751712499,453427011,,321969199,52461615,36733231,181,0,-1,-1,0,0,0,0,0,0
2025/07/05/17:48:19.595627,9601,1751712499,595022242,,321969199,52461615,36733231,175,0,-1,-1,0,0,0,0,0,0
2025/07/05/17:48:19.674360,9602,1751712499,673654050,,321969199,52461615,36733231,178,0,-1,-1,0,0,0,0,0,0
2025/07/05/17:48:19.774088,9603,1751712499,773486451,,321969199,52461615,36733231,170,0,-1,-1,0,0,0,0,0,0
2025/07/05/17:48:19.854018,9604,1751712499,853322806,,321969199,52461615,36733231,174,0,-1,-1,0,0,0,0,0,0
2025/07/05/17:48:19.974391,9605,1751712499,973382550,,321969199,52461615,53510447,171,0,-1,-1,0,0,0,0,0,0
2025/07/05/17:48:20.054152,9606,1751712500,53485907,,321969199,52461615,36733231,179,0,-1,-1,0,0,0,0,0,0
2025/07/05/17:48:20.154194,9607,1751712500,153208026,,321969199,52461615,36733231,173,0,-1,-1,0,0,0,0,0,0
2025/07/05/17:48:20.253938,9608,1751712500,253249548,,321969199,52461615,36733231,175,0,-1,-1,0,0,0,0,0,0
2025/07/05/17:48:20.354117,9609,1751712500,353323549,,321969199,52461615,36733231,170,0,-1,-1,0,0,0,0,0,0
2025/07/05/17:48:20.554128,9610,1751712500,553372443,,321969199,52461615,36733231,173,0,-1,-1,0,0,0,0,0,0
2025/07/05/17:48:20.633847,9611,1751712500,633104896,,321969199,52461615,36733231,177,0,-1,-1,0,0,0,0,0,0
2025/07/05/17:48:20.734056,9612,1751712500,733127145,,321969199,52461615,36733231,173,0,-1,-1,0,0,0,0,0,0
2025/07/05/17:48:20.834038,9613,1751712500,833162348,,321969199,52461615,36733231,176,0,-1,-1,0,0,0,0,0,0
2025/07/05/17:48:20.935119,9614,1751712500,934262072,,321969199,52461615,36733231,175,0,-1,-1,0,0,0,0,0,0
2025/07/05/17:48:21.034598,9615,1751712501,33124824,,321969199,52461615,36733231,181,0,-1,-1,0,0,0,0,0,0
2025/07/05/17:48:21.134084,9616,1751712501,133352223,,321969199,52461615,36733231,175,0,-1,-1,0,0,0,0,0,0
2025/07/05/17:48:21.233887,9617,1751712501,233079195,,321969199,52461615,36733231,178,0,-1,-1,0,0,0,0,0,0
2025/07/05/17:48:21.334135,9618,1751712501,333094510,,321969199,52461615,36733231,173,0,-1,-1,0,0,0,0,0,0
2025/07/05/17:48:21.495888,9619,1751712501,495268598,,321969199,52461615,36733231,177,0,-1,-1,0,0,0,0,0,0
2025/07/05/17:48:21.617396,9620,1751712501,616715543,,321969199,52461615,36733231,177,0,-1,-1,0,0,0,0,0,0
2025/07/05/17:48:21.695074,9621,1751712501,694325669,,321969199,52461615,36733231,180,0,-1,-1,0,0,0,0,0,0
2025/07/05/17:48:21.795636,9622,1751712501,795000382,,321969199,52461615,36733231,176,0,-1,-1,0,0,0,0,0,0
2025/07/05/17:48:21.894622,9623,1751712501,894202415,,321969199,52461615,36733231,178,0,-1,-1,0,0,0,0,0,0
2025/07/05/17:48:21.995660,9624,1751712501,994981933,,321969199,52461615,36733231,174,0,-1,-1,0,0,0,0,0,0
2025/07/05/17:48:22.073920,9625,1751712502,73630624,,321969199,52461615,36733231,177,0,-1,-1,0,0,0,0,0,0
2025/07/05/17:48:22.153891,9626,1751712502,152963067,,321969199,52461615,36733231,174,0,-1,-1,0,0,0,0,0,0
2025/07/05/17:48:22.233876,9627,1751712502,233052350,,321969199,52461615,36733231,177,0,-1,-1,0,0,0,0,0,0
2025/07/05/17:48:22.333658,9628,1751712502,333157136,,321969199,52461615,36733231,172,0,-1,-1,0,0,0,0,0,0
2025/07/05/17:48:22.514806,9629,1751712502,514023261,,321969199,52461615,36733231,177,0,-1,-1,0,0,0,0,0,0
2025/07/05/17:48:22.617513,9630,1751712502,616689301,,321969199,52461615,36733231,175,0,-1,-1,0,0,0,0,0,0
2025/07/05/17:48:22.715066,9631,1751712502,714353040,,321969199,52461615,36733231,178,0,-1,-1,0,0,0,0,0,0
2025/07/05/17:48:22.817406,9632,1751712502,816781388,,321969199,52461615,36733231,174,0,-1,-1,0,0,0,0,0,0
2025/07/05/17:48:22.914834,9633,1751712502,913962221,,321969199,52461615,36733231,177,0,-1,-1,0,0,0,0,0,0
2025/07/05/17:48:22.995956,9634,1751712502,994695437,,321969199,52461615,36733231,172,0,-1,-1,0,0,0,0,0,0
2025/07/05/17:48:23.074307,9635,1751712503,73560430,,321969199,52461615,36733231,176,0,-1,-1,0,0,0,0,0,0
2025/07/05/17:48:23.173952,9636,1751712503,173448837,,321969199,52461615,36733231,172,0,-1,-1,0,0,0,0,0,0
2025/07/05/17:48:23.254125,9637,1751712503,253389815,,321969199,52461615,36733231,178,0,-1,-1,0,0,0,0,0,0
2025/07/05/17:48:23.333832,9638,1751712503,333034881,,321969199,52461615,36733231,174,0,-1,-1,0,0,0,0,0,0
2025/07/05/17:48:23.514814,9639,1751712503,514041439,,321969199,52461615,36733231,177,0,-1,-1,0,0,0,0,0,0
2025/07/05/17:48:23.617785,9640,1751712503,616744303,,321969199,52461615,36733231,174,0,-1,-1,0,0,0,0,0,0
2025/07/05/17:48:23.694731,9641,1751712503,694126633,,321969199,52461615,36733231,177,0,-1,-1,0,0,0,0,0,0
2025/07/05/17:48:23.795646,9642,1751712503,794990499,,321969199,52461615,36733231,174,0,-1,-1,0,0,0,0,0,0
2025/07/05/17:48:23.874306,9643,1751712503,873645073,,321969199,52461615,36733231,173,0,-1,-1,0,0,0,0,0,0
2025/07/05/17:48:23.995757,9644,1751712503,994895368,,321969199,52461615,36733231,169,0,-1,-1,0,0,0,0,0,0
2025/07/05/17:48:24.074145,9645,1751712504,73334469,,321969199,52461615,36733231,173,0,-1,-1,0,0,0,0,0,0
2025/07/05/17:48:24.154068,9646,1751712504,153553602,,321969199,52461615,36733231,171,0,-1,-1,0,0,0,0,0,0
2025/07/05/17:48:24.233822,9647,1751712504,233036007,,321969199,52461615,36733231,177,0,-1,-1,0,0,0,0,0,0
2025/07/05/17:48:24.334124,9648,1751712504,333302785,,321969199,52461615,36733231,174,0,-1,-1,0,0,0,0,0,0
2025/07/05/17:48:24.495052,9649,1751712504,494296091,,321969199,52461615,36733231,176,0,-1,-1,0,0,0,0,0,0
2025/07/05/17:48:24.634402,9650,1751712504,633192603,,321969199,52461615,36733231,180,0,-1,-1,0,0,0,0,0,0
2025/07/05/17:48:24.733977,9651,1751712504,732986476,,321969199,52461615,36733231,175,0,-1,-1,0,0,0,0,0,0
2025/07/05/17:48:24.833774,9652,1751712504,832961347,,321969199,52461615,36733231,180,0,-1,-1,0,0,0,0,0,0
2025/07/05/17:48:24.933709,9653,1751712504,932968432,,321969199,52461615,36733231,177,0,-1,-1,0,0,0,0,0,0
2025/07/05/17:48:25.033740,9654,1751712505,32991126,,321969199,52461615,53510447,179,0,-1,-1,0,0,0,0,0,0
2025/07/05/17:48:25.133691,9655,1751712505,133136332,,321969199,52461615,36733231,175,0,-1,-1,0,0,0,0,0,0
2025/07/05/17:48:25.233573,9656,1751712505,232839726,,321969199,52461615,36733231,178,0,-1,-1,0,0,0,0,0,0
2025/07/05/17:48:25.334000,9657,1751712505,333324985,,321969199,52461615,36733231,174,0,-1,-1,0,0,0,0,0,0
2025/07/05/17:48:25.454181,9658,1751712505,453244430,,321969199,52461615,36733231,177,0,-1,-1,0,0,0,0,0,0
2025/07/05/17:48:25.594915,9659,1751712505,594058213,,321969199,52461615,36733231,171,0,-1,-1,0,0,0,0,0,0
2025/07/05/17:48:25.674115,9660,1751712505,673473836,,321969199,52461615,36733231,175,0,-1,-1,0,0,0,0,0,0
2025/07/05/17:48:25.773702,9661,1751712505,773015812,,321969199,52461615,36733231,169,0,-1,-1,0,0,0,0,0,0
2025/07/05/17:48:25.853518,9662,1751712505,852984128,,321969199,52461615,36733231,175,0,-1,-1,0,0,0,0,0,0
2025/07/05/17:48:25.974202,9663,1751712505,973485951,,321969199,52461615,36733231,171,0,-1,-1,0,0,0,0,0,0
2025/07/05/17:48:26.053759,9664,1751712506,53169264,,321969199,52461615,36733231,175,0,-1,-1,0,0,0,0,0,0
2025/07/05/17:48:26.153686,9665,1751712506,152857541,,321969199,52461615,36733231,170,0,-1,-1,0,0,0,0,0,0
2025/07/05/17:48:26.233694,9666,1751712506,232784128,,321969199,52461615,36733231,177,0,-1,-1,0,0,0,0,0,0
2025/07/05/17:48:26.333596,9667,1751712506,332857785,,321969199,52461615,36733231,172,0,-1,-1,0,0,0,0,0,0
2025/07/05/17:48:26.473869,9668,1751712506,473284322,,321969199,52461615,36733231,179,0,-1,-1,0,0,0,0,0,0
2025/07/05/17:48:26.594575,9669,1751712506,594103739,,321969199,52461615,36733231,174,0,-1,-1,0,0,0,0,0,0
2025/07/05/17:48:26.674607,9670,1751712506,673737964,,321969199,52461615,36733231,178,0,-1,-1,0,0,0,0,0,0
2025/07/05/17:48:26.753711,9671,1751712506,752854437,,321969199,52461615,36733231,174,0,-1,-1,0,0,0,0,0,0
2025/07/05/17:48:26.854132,9672,1751712506,853005019,,321969199,52461615,36733231,177,0,-1,-1,0,0,0,0,0,0
2025/07/05/17:48:26.933686,9673,1751712506,932835736,,321969199,52461615,36733231,176,0,-1,-1,0,0,0,0,0,0
2025/07/05/17:48:27.037064,9674,1751712507,36339179,,321969199,52461615,36733231,174,0,-1,-1,0,0,0,0,0,0
2025/07/05/17:48:27.114114,9675,1751712507,113333418,,321969199,52461615,36733231,177,0,-1,-1,0,0,0,0,0,0
2025/07/05/17:48:27.215101,9676,1751712507,214140769,,321969199,52461615,36733231,171,0,-1,-1,0,0,0,0,0,0
2025/07/05/17:48:27.294492,9677,1751712507,294115987,,321969199,52461615,36733231,174,0,-1,-1,0,0,0,0,0,0
2025/07/05/17:48:27.436526,9678,1751712507,435892082,,321969199,52461615,36733231,175,0,-1,-1,0,0,0,0,0,0
2025/07/05/17:48:27.573937,9679,1751712507,573343988,,321969199,52461615,36733231,177,0,-1,-1,0,0,0,0,0,0
2025/07/05/17:48:27.653646,9680,1751712507,653005390,,321969199,52461615,36733231,180,0,-1,-1,0,0,0,0,0,0
2025/07/05/17:48:27.754001,9681,1751712507,753332917,,321969199,52461615,36733231,174,0,-1,-1,0,0,0,0,0,0
2025/07/05/17:48:27.854072,9682,1751712507,853255788,,321969199,52461615,36733231,175,0,-1,-1,0,0,0,0,0,0
2025/07/05/17:48:27.974118,9683,1751712507,973249290,,321969199,52461615,36733231,171,0,-1,-1,0,0,0,0,0,0
2025/07/05/17:48:28.074331,9684,1751712508,73566233,,321969199,52461615,36733231,174,0,-1,-1,0,0,0,0,0,0
2025/07/05/17:48:28.173960,9685,1751712508,173383436,,321969199,52461615,36733231,171,0,-1,-1,0,0,0,0,0,0
2025/07/05/17:48:28.254497,9686,1751712508,253760166,,321969199,52461615,36733231,176,0,-1,-1,0,0,0,0,0,0
2025/07/05/17:48:28.354194,9687,1751712508,353284492,,321969199,52461615,36733231,171,0,-1,-1,0,0,0,0,0,0
2025/07/05/17:48:28.533959,9688,1751712508,532576395,,321969199,52461615,36733231,177,0,-1,-1,0,0,0,0,0,0
2025/07/05/17:48:28.617772,9689,1751712508,616493805,,321969199,52461615,36733231,174,0,-1,-1,0,0,0,0,0,0
2025/07/05/17:48:28.716296,9690,1751712508,714127003,,321969199,52461615,36733231,173,0,-1,-1,0,0,0,0,0,0
2025/07/05/17:48:28.836491,9691,1751712508,835734338,,321969199,52461615,36733231,171,0,-1,-1,0,0,0,0,0,0
2025/07/05/17:48:28.954133,9692,1751712508,953371340,,321969199,52461615,36733231,172,0,-1,-1,0,0,0,0,0,0
2025/07/05/17:48:29.053910,9693,1751712509,53230138,,321969199,52461615,36733231,175,0,-1,-1,0,0,0,0,0,0
2025/07/05/17:48:29.153821,9694,1751712509,152831114,,321969199,52461615,36733231,171,0,-1,-1,0,0,0,0,0,0
2025/07/05/17:48:29.254075,9695,1751712509,253325719,,321969199,52461615,36733231,174,0,-1,-1,0,0,0,0,0,0
2025/07/05/17:48:29.354224,9696,1751712509,353399279,,321969199,52461615,36733231,169,0,-1,-1,0,0,0,0,0,0
2025/07/05/17:48:29.554021,9697,1751712509,553662669,,321969199,52461615,36733231,173,0,-1,-1,0,0,0,0,0,0
2025/07/05/17:48:29.635854,9698,1751712509,635431339,,321969199,52461615,36733231,174,0,-1,-1,0,0,0,0,0,0
2025/07/05/17:48:29.733544,9699,1751712509,732785842,,321969199,52461615,36733231,176,0,-1,-1,0,0,0,0,0,0
2025/07/05/17:48:29.836761,9700,1751712509,836000723,,321969199,52461615,36733231,174,0,-1,-1,0,0,0,0,0,0
2025/07/05/17:48:29.914897,9701,1751712509,914118146,,321969199,52461615,36733231,176,0,-1,-1,0,0,0,0,0,0
2025/07/05/17:48:30.014286,9702,1751712510,13725186,,321969199,52461615,36733231,173,0,-1,-1,0,0,0,0,0,0
2025/07/05/17:48:30.094721,9703,1751712510,94154518,,321969199,52461615,36733231,175,0,-1,-1,0,0,0,0,0,0
2025/07/05/17:48:30.173939,9704,1751712510,173298514,,321969199,52461615,53510447,171,0,-1,-1,0,0,0,0,0,0
2025/07/05/17:48:30.254876,9705,1751712510,253978205,,321969199,52461615,36733231,172,0,-1,-1,0,0,0,0,0,0
2025/07/05/17:48:30.353409,9706,1751712510,352853493,,321969199,52461615,36733231,168,0,-1,-1,0,0,0,0,0,0
2025/07/05/17:48:30.533816,9707,1751712510,532854383,,321969199,52461615,36733231,174,0,-1,-1,0,0,0,0,0,0
2025/07/05/17:48:30.635892,9708,1751712510,635546213,,321969199,52461615,36733231,172,0,-1,-1,0,0,0,0,0,0
2025/07/05/17:48:30.715052,9709,1751712510,714417841,,321969199,52461615,36733231,175,0,-1,-1,0,0,0,0,0,0
2025/07/05/17:48:30.817308,9710,1751712510,816588237,,321969199,52461615,36733231,173,0,-1,-1,0,0,0,0,0,0
2025/07/05/17:48:30.895243,9711,1751712510,894407849,,321969199,52461615,36733231,174,0,-1,-1,0,0,0,0,0,0
2025/07/05/17:48:30.995641,9712,1751712510,994887058,,321969199,52461615,36733231,171,0,-1,-1,0,0,0,0,0,0
2025/07/05/17:48:31.074289,9713,1751712511,73605900,,321969199,52461615,36733231,176,0,-1,-1,0,0,0,0,0,0
2025/07/05/17:48:31.174108,9714,1751712511,173300597,,321969199,52461615,36733231,173,0,-1,-1,0,0,0,0,0,0
2025/07/05/17:48:31.254508,9715,1751712511,253957184,,321969199,52461615,36733231,179,0,-1,-1,0,0,0,0,0,0
2025/07/05/17:48:31.354291,9716,1751712511,353412825,,321969199,52461615,36733231,174,0,-1,-1,0,0,0,0,0,0
2025/07/05/17:48:31.553684,9717,1751712511,552765459,,321969199,52461615,36733231,172,0,-1,-1,0,0,0,0,0,0
2025/07/05/17:48:31.654084,9718,1751712511,653360543,,321969199,52461615,36733231,175,0,-1,-1,0,0,0,0,0,0
2025/07/05/17:48:31.753632,9719,1751712511,752674087,,321969199,52461615,36733231,172,0,-1,-1,0,0,0,0,0,0
2025/07/05/17:48:31.853487,9720,1751712511,852839032,,321969199,52461615,36733231,172,0,-1,-1,0,0,0,0,0,0
2025/07/05/17:48:31.973873,9721,1751712511,973223339,,321969199,52461615,36733231,169,0,-1,-1,0,0,0,0,0,0
2025/07/05/17:48:32.054381,9722,1751712512,53475091,,321969199,52461615,36733231,173,0,-1,-1,0,0,0,0,0,0
2025/07/05/17:48:32.153936,9723,1751712512,152961757,,321969199,52461615,36733231,170,0,-1,-1,0,0,0,0,0,0
2025/07/05/17:48:32.233229,9724,1751712512,232668231,,321969199,52461615,36733231,176,0,-1,-1,0,0,0,0,0,0
2025/07/05/17:48:32.333329,9725,1751712512,333094060,,321969199,52461615,36733231,173,0,-1,-1,0,0,0,0,0,0
2025/07/05/17:48:32.514341,9726,1751712512,513518159,,321969199,52461615,36733231,177,0,-1,-1,0,0,0,0,0,0
2025/07/05/17:48:32.617277,9727,1751712512,616223536,,321969199,52461615,36733231,175,0,-1,-1,0,0,0,0,0,0
2025/07/05/17:48:32.695397,9728,1751712512,694117948,,321969199,52461615,36733231,176,0,-1,-1,0,0,0,0,0,0
2025/07/05/17:48:32.795615,9729,1751712512,794782239,,321969199,52461615,36733231,173,0,-1,-1,0,0,0,0,0,0
2025/07/05/17:48:32.873792,9730,1751712512,873100304,,321969199,52461615,36733231,177,0,-1,-1,0,0,0,0,0,0
2025/07/05/17:48:32.973720,9731,1751712512,972955852,,321969199,52461615,36733231,173,0,-1,-1,0,0,0,0,0,0
2025/07/05/17:48:33.055584,9732,1751712513,52951877,,321969199,52461615,36733231,177,0,-1,-1,0,0,0,0,0,0
2025/07/05/17:48:33.154176,9733,1751712513,153293865,,321969199,52461615,36733231,171,0,-1,-1,0,0,0,0,0,0
2025/07/05/17:48:33.254154,9734,1751712513,253531619,,321969199,52461615,36733231,175,0,-1,-1,0,0,0,0,0,0
2025/07/05/17:48:33.353753,9735,1751712513,352832568,,321969199,52461615,36733231,171,0,-1,-1,0,0,0,0,0,0
2025/07/05/17:48:33.533437,9736,1751712513,532741326,,321969199,52461615,36733231,177,0,-1,-1,0,0,0,0,0,0
2025/07/05/17:48:33.635648,9737,1751712513,635469860,,321969199,52461615,36733231,172,0,-1,-1,0,0,0,0,0,0
2025/07/05/17:48:33.734130,9738,1751712513,733317041,,321969199,52461615,36733231,175,0,-1,-1,0,0,0,0,0,0
2025/07/05/17:48:33.833573,9739,1751712513,832657054,,321969199,52461615,36733231,180,0,-1,-1,0,0,0,0,0,0
2025/07/05/17:48:33.953823,9740,1751712513,952634960,,321969199,52461615,36733231,176,0,-1,-1,0,0,0,0,0,0
2025/07/05/17:48:34.053552,9741,1751712514,52723061,,321969199,52461615,36733231,179,0,-1,-1,0,0,0,0,0,0
2025/07/05/17:48:34.153955,9742,1751712514,153308494,,321969199,52461615,36733231,173,0,-1,-1,0,0,0,0,0,0
2025/07/05/17:48:34.253556,9743,1751712514,252690750,,321969199,52461615,36733231,176,0,-1,-1,0,0,0,0,0,0
2025/07/05/17:48:34.354135,9744,1751712514,353332058,,321969199,52461615,36733231,172,0,-1,-1,0,0,0,0,0,0
2025/07/05/17:48:34.554143,9745,1751712514,553397254,,321969199,52461615,36733231,176,0,-1,-1,0,0,0,0,0,0
2025/07/05/17:48:34.653365,9746,1751712514,652732483,,321969199,52461615,36733231,179,0,-1,-1,0,0,0,0,0,0
2025/07/05/17:48:34.753566,9747,1751712514,752715369,,321969199,52461615,36733231,173,0,-1,-1,0,0,0,0,0,0
2025/07/05/17:48:34.832976,9748,1751712514,832559546,,321969199,52461615,36733231,179,0,-1,-1,0,0,0,0,0,0
2025/07/05/17:48:34.954103,9749,1751712514,953333471,,321969199,52461615,36733231,174,0,-1,-1,0,0,0,0,0,0
2025/07/05/17:48:35.053672,9750,1751712515,52603665,,321969199,52461615,36733231,174,0,-1,-1,0,0,0,0,0,0
2025/07/05/17:48:35.153650,9751,1751712515,152583348,,321969199,52461615,36733231,169,0,-1,-1,0,0,0,0,0,0
2025/07/05/17:48:35.253388,9752,1751712515,252563180,,321969199,52461615,53510447,173,0,-1,-1,0,0,0,0,0,0
2025/07/05/17:48:35.353419,9753,1751712515,352482852,,321969199,52461615,36733231,170,0,-1,-1,0,0,0,0,0,0
2025/07/05/17:48:35.553976,9754,1751712515,553518165,,321969199,52461615,36733231,174,0,-1,-1,0,0,0,0,0,0
2025/07/05/17:48:35.653798,9755,1751712515,652672268,,321969199,52461615,36733231,176,0,-1,-1,0,0,0,0,0,0
2025/07/05/17:48:35.753314,9756,1751712515,752659308,,321969199,52461615,36733231,171,0,-1,-1,0,0,0,0,0,0
2025/07/05/17:48:35.853207,9757,1751712515,852568711,,321969199,52461615,36733231,175,0,-1,-1,0,0,0,0,0,0
2025/07/05/17:48:35.973624,9758,1751712515,972753334,,321969199,52461615,36733231,172,0,-1,-1,0,0,0,0,0,0
2025/07/05/17:48:36.094406,9759,1751712516,93741658,,321969199,52461615,36733231,174,0,-1,-1,0,0,0,0,0,0
2025/07/05/17:48:36.194631,9760,1751712516,193838335,,321969199,52461615,36733231,171,0,-1,-1,0,0,0,0,0,0
2025/07/05/17:48:36.273743,9761,1751712516,273295839,,321969199,52461615,36733231,175,0,-1,-1,0,0,0,0,0,0
2025/07/05/17:48:36.373418,9762,1751712516,372654191,,321969199,52461615,36733231,170,0,-1,-1,0,0,0,0,0,0
2025/07/05/17:48:36.573135,9763,1751712516,572594037,,321969199,52461615,36733231,173,0,-1,-1,0,0,0,0,0,0
2025/07/05/17:48:36.654585,9764,1751712516,652716699,,321969199,52461615,36733231,178,0,-1,-1,0,0,0,0,0,0
2025/07/05/17:48:36.754025,9765,1751712516,753380761,,321969199,52461615,36733231,174,0,-1,-1,0,0,0,0,0,0
2025/07/05/17:48:36.853695,9766,1751712516,852619293,,321969199,52461615,36733231,176,0,-1,-1,0,0,0,0,0,0
2025/07/05/17:48:36.974081,9767,1751712516,973321787,,321969199,52461615,36733231,172,0,-1,-1,0,0,0,0,0,0
2025/07/05/17:48:37.074087,9768,1751712517,73609380,,321969199,52461615,36733231,175,0,-1,-1,0,0,0,0,0,0
2025/07/05/17:48:37.173831,9769,1751712517,173276170,,321969199,52461615,36733231,171,0,-1,-1,0,0,0,0,0,0
2025/07/05/17:48:37.255290,9770,1751712517,252568977,,321969199,52461615,36733231,176,0,-1,-1,0,0,0,0,0,0
2025/07/05/17:48:37.353292,9771,1751712517,352492278,,321969199,52461615,36733231,170,0,-1,-1,0,0,0,0,0,0
2025/07/05/17:48:37.533569,9772,1751712517,532611986,,321969199,52461615,36733231,175,0,-1,-1,0,0,0,0,0,0
2025/07/05/17:48:37.636294,9773,1751712517,635454356,,321969199,52461615,36733231,174,0,-1,-1,0,0,0,0,0,0
2025/07/05/17:48:37.732776,9774,1751712517,732416745,,321969199,52461615,36733231,177,0,-1,-1,0,0,0,0,0,0
2025/07/05/17:48:37.836021,9775,1751712517,835408243,,321969199,52461615,36733231,174,0,-1,-1,0,0,0,0,0,0
2025/07/05/17:48:37.954098,9776,1751712517,953365461,,321969199,52461615,36733231,173,0,-1,-1,0,0,0,0,0,0
2025/07/05/17:48:38.053471,9777,1751712518,52407276,,321969199,52461615,36733231,177,0,-1,-1,0,0,0,0,0,0
2025/07/05/17:48:38.153296,9778,1751712518,152613024,,321969199,52461615,36733231,172,0,-1,-1,0,0,0,0,0,0
2025/07/05/17:48:38.253125,9779,1751712518,252542844,,321969199,52461615,36733231,177,0,-1,-1,0,0,0,0,0,0
2025/07/05/17:48:38.353561,9780,1751712518,352604739,,321969199,52461615,36733231,172,0,-1,-1,0,0,0,0,0,0
2025/07/05/17:48:38.554075,9781,1751712518,553362733,,321969199,52461615,36733231,175,0,-1,-1,0,0,0,0,0,0
2025/07/05/17:48:38.653316,9782,1751712518,652459475,,321969199,52461615,36733231,178,0,-1,-1,0,0,0,0,0,0
2025/07/05/17:48:38.754299,9783,1751712518,753417177,,321969199,52461615,36733231,173,0,-1,-1,0,0,0,0,0,0
2025/07/05/17:48:38.853240,9784,1751712518,852558945,,321969199,52461615,36733231,176,0,-1,-1,0,0,0,0,0,0
2025/07/05/17:48:38.974069,9785,1751712518,973411542,,321969199,52461615,36733231,170,0,-1,-1,0,0,0,0,0,0
2025/07/05/17:48:39.054464,9786,1751712519,52420727,,321969199,52461615,36733231,174,0,-1,-1,0,0,0,0,0,0
2025/07/05/17:48:39.154029,9787,1751712519,153218446,,321969199,52461615,36733231,171,0,-1,-1,0,0,0,0,0,0
2025/07/05/17:48:39.253382,9788,1751712519,252536795,,321969199,52461615,36733231,176,0,-1,-1,0,0,0,0,0,0
2025/07/05/17:48:39.353229,9789,1751712519,352581275,,321969199,52461615,36733231,171,0,-1,-1,0,0,0,0,0,0
2025/07/05/17:48:39.533610,9790,1751712519,532427508,,321969199,52461615,36733231,176,0,-1,-1,0,0,0,0,0,0
2025/07/05/17:48:39.635582,9791,1751712519,635271340,,321969199,52461615,36733231,173,0,-1,-1,0,0,0,0,0,0
2025/07/05/17:48:39.733801,9792,1751712519,732485122,,321969199,52461615,36733231,174,0,-1,-1,0,0,0,0,0,0
2025/07/05/17:48:39.836105,9793,1751712519,835409085,,321969199,52461615,36733231,172,0,-1,-1,0,0,0,0,0,0
2025/07/05/17:48:39.933455,9794,1751712519,932461623,,321969199,52461615,36733231,177,0,-1,-1,0,0,0,0,0,0
2025/07/05/17:48:40.036271,9795,1751712520,35441555,,321969199,52461615,36733231,174,0,-1,-1,0,0,0,0,0,0
2025/07/05/17:48:40.134494,9796,1751712520,133191438,,321969199,52461615,36733231,175,0,-1,-1,0,0,0,0,0,0
2025/07/05/17:48:40.235427,9797,1751712520,235095011,,321969199,52461615,36733231,173,0,-1,-1,0,0,0,0,0,0
2025/07/05/17:48:40.313874,9798,1751712520,313079291,,321969199,52461615,53510447,176,0,-1,-1,0,0,0,0,0,0
2025/07/05/17:48:40.453250,9799,1751712520,452512868,,321969199,52461615,36733231,180,0,-1,-1,0,0,0,0,0,0
2025/07/05/17:48:40.573432,9800,1751712520,572610888,,321969199,52461615,36733231,175,0,-1,-1,0,0,0,0,0,0
2025/07/05/17:48:40.654378,9801,1751712520,653659670,,321969199,52461615,36733231,180,0,-1,-1,0,0,0,0,0,0
2025/07/05/17:48:40.753131,9802,1751712520,752483009,,321969199,52461615,36733231,175,0,-1,-1,0,0,0,0,0,0
2025/07/05/17:48:40.853430,9803,1751712520,852454905,,321969199,52461615,36733231,179,0,-1,-1,0,0,0,0,0,0
2025/07/05/17:48:40.974069,9804,1751712520,973336824,,321969199,52461615,36733231,175,0,-1,-1,0,0,0,0,0,0
2025/07/05/17:48:41.053465,9805,1751712521,53004333,,321969199,52461615,36733231,178,0,-1,-1,0,0,0,0,0,0
2025/07/05/17:48:41.153373,9806,1751712521,152553273,,321969199,52461615,36733231,172,0,-1,-1,0,0,0,0,0,0
2025/07/05/17:48:41.254004,9807,1751712521,253456047,,321969199,52461615,36733231,175,0,-1,-1,0,0,0,0,0,0
2025/07/05/17:48:41.353361,9808,1751712521,352423198,,321969199,52461615,36733231,171,0,-1,-1,0,0,0,0,0,0
2025/07/05/17:48:41.554139,9809,1751712521,553366506,,321969199,52461615,36733231,172,0,-1,-1,0,0,0,0,0,0
2025/07/05/17:48:41.654308,9810,1751712521,653335007,,321969199,52461615,36733231,174,0,-1,-1,0,0,0,0,0,0
2025/07/05/17:48:41.753278,9811,1751712521,752361302,,321969199,52461615,36733231,173,0,-1,-1,0,0,0,0,0,0
2025/07/05/17:48:41.854010,9812,1751712521,853271037,,321969199,52461615,36733231,176,0,-1,-1,0,0,0,0,0,0
2025/07/05/17:48:41.974088,9813,1751712521,973514979,,321969199,52461615,36733231,173,0,-1,-1,0,0,0,0,0,0
2025/07/05/17:48:42.053747,9814,1751712522,52240405,,321969199,52461615,36733231,176,0,-1,-1,0,0,0,0,0,0
2025/07/05/17:48:42.132582,9815,1751712522,132237784,,321969199,52461615,36733231,173,0,-1,-1,0,0,0,0,0,0
2025/07/05/17:48:42.233644,9816,1751712522,232320003,,321969199,52461615,36733231,176,0,-1,-1,0,0,0,0,0,0
2025/07/05/17:48:42.334140,9817,1751712522,333319495,,321969199,52461615,36733231,173,0,-1,-1,0,0,0,0,0,0
2025/07/05/17:48:42.436261,9818,1751712522,435336597,,321969199,52461615,36733231,175,0,-1,-1,0,0,0,0,0,0
2025/07/05/17:48:42.594842,9819,1751712522,594318814,,321969199,52461615,36733231,175,0,-1,-1,0,0,0,0,0,0
2025/07/05/17:48:42.673469,9820,1751712522,672838187,,321969199,52461615,36733231,178,0,-1,-1,0,0,0,0,0,0
2025/07/05/17:48:42.773726,9821,1751712522,773370957,,321969199,52461615,36733231,172,0,-1,-1,0,0,0,0,0,0
2025/07/05/17:48:42.854683,9822,1751712522,853725303,,321969199,52461615,36733231,176,0,-1,-1,0,0,0,0,0,0
2025/07/05/17:48:42.994400,9823,1751712522,993481973,,321969199,52461615,36733231,171,0,-1,-1,0,0,0,0,0,0
2025/07/05/17:48:43.073867,9824,1751712523,73503491,,321969199,52461615,36733231,175,0,-1,-1,0,0,0,0,0,0
2025/07/05/17:48:43.173918,9825,1751712523,173310997,,321969199,52461615,36733231,171,0,-1,-1,0,0,0,0,0,0
2025/07/05/17:48:43.254548,9826,1751712523,253277485,,321969199,52461615,36733231,175,0,-1,-1,0,0,0,0,0,0
2025/07/05/17:48:43.354081,9827,1751712523,353445216,,321969199,52461615,36733231,172,0,-1,-1,0,0,0,0,0,0
2025/07/05/17:48:43.574013,9828,1751712523,573390959,,321969199,52461615,36733231,175,0,-1,-1,0,0,0,0,0,0
2025/07/05/17:48:43.674265,9829,1751712523,673683549,,321969199,52461615,36733231,178,0,-1,-1,0,0,0,0,0,0
2025/07/05/17:48:43.773814,9830,1751712523,773243420,,321969199,52461615,36733231,172,0,-1,-1,0,0,0,0,0,0
2025/07/05/17:48:43.874469,9831,1751712523,873439120,,321969199,52461615,36733231,175,0,-1,-1,0,0,0,0,0,0
2025/07/05/17:48:44.014145,9832,1751712524,13440838,,321969199,52461615,36733231,174,0,-1,-1,0,0,0,0,0,0
2025/07/05/17:48:44.095733,9833,1751712524,93903815,,321969199,52461615,36733231,177,0,-1,-1,0,0,0,0,0,0
2025/07/05/17:48:44.194663,9834,1751712524,194153688,,321969199,52461615,36733231,172,0,-1,-1,0,0,0,0,0,0
2025/07/05/17:48:44.273820,9835,1751712524,273513043,,321969199,52461615,36733231,176,0,-1,-1,0,0,0,0,0,0
2025/07/05/17:48:44.414742,9836,1751712524,413946403,,321969199,52461615,36733231,171,0,-1,-1,0,0,0,0,0,0
2025/07/05/17:48:44.574011,9837,1751712524,573335753,,321969199,52461615,36733231,172,0,-1,-1,0,0,0,0,0,0
2025/07/05/17:48:44.655444,9838,1751712524,652955037,,321969199,52461615,36733231,174,0,-1,-1,0,0,0,0,0,0
2025/07/05/17:48:44.753074,9839,1751712524,752273480,,321969199,52461615,36733231,170,0,-1,-1,0,0,0,0,0,0
2025/07/05/17:48:44.853080,9840,1751712524,852397428,,321969199,52461615,36733231,174,0,-1,-1,0,0,0,0,0,0
2025/07/05/17:48:44.973954,9841,1751712524,973476419,,321969199,52461615,36733231,171,0,-1,-1,0,0,0,0,0,0
2025/07/05/17:48:45.054938,9842,1751712525,52265214,,321969199,52461615,36733231,178,0,-1,-1,0,0,0,0,0,0
2025/07/05/17:48:45.153185,9843,1751712525,152357527,,321969199,52461615,36733231,173,0,-1,-1,0,0,0,0,0,0
2025/07/05/17:48:45.232318,9844,1751712525,232117819,,321969199,52461615,36733231,178,0,-1,-1,0,0,0,0,0,0
2025/07/05/17:48:45.333430,9845,1751712525,332239089,,321969199,52461615,36733231,173,0,-1,-1,0,0,0,0,0,0
2025/07/05/17:48:45.495315,9846,1751712525,494598625,,321969199,52461615,36733231,176,0,-1,-1,0,0,0,0,0,0
2025/07/05/17:48:45.617010,9847,1751712525,616087500,,321969199,52461615,36733231,176,0,-1,-1,0,0,0,0,0,0
2025/07/05/17:48:45.696171,9848,1751712525,693841579,,321969199,52461615,36733231,180,0,-1,-1,0,0,0,0,0,0
2025/07/05/17:48:45.795163,9849,1751712525,794276535,,321969199,52461615,36733231,175,0,-1,-1,0,0,0,0,0,0
2025/07/05/17:48:45.894504,9850,1751712525,893905054,,321969199,52461615,36733231,177,0,-1,-1,0,0,0,0,0,0
2025/07/05/17:48:45.994730,9851,1751712525,993926278,,321969199,52461615,36733231,173,0,-1,-1,0,0,0,0,0,0
2025/07/05/17:48:46.073054,9852,1751712526,72476327,,321969199,52461615,36733231,178,0,-1,-1,0,0,0,0,0,0
2025/07/05/17:48:46.172631,9853,1751712526,172135634,,321969199,52461615,36733231,173,0,-1,-1,0,0,0,0,0,0
2025/07/05/17:48:46.254552,9854,1751712526,252114591,,321969199,52461615,36733231,174,0,-1,-1,0,0,0,0,0,0
2025/07/05/17:48:46.353189,9855,1751712526,352113140,,321969199,52461615,36733231,170,0,-1,-1,0,0,0,0,0,0
2025/07/05/17:48:46.553170,9856,1751712526,552382154,,321969199,52461615,36733231,173,0,-1,-1,0,0,0,0,0,0
2025/07/05/17:48:46.653023,9857,1751712526,652211668,,321969199,52461615,36733231,177,0,-1,-1,0,0,0,0,0,0
2025/07/05/17:48:46.752994,9858,1751712526,752405276,,321969199,52461615,36733231,174,0,-1,-1,0,0,0,0,0,0
2025/07/05/17:48:46.853108,9859,1751712526,852305740,,321969199,52461615,36733231,176,0,-1,-1,0,0,0,0,0,0
2025/07/05/17:48:46.973212,9860,1751712526,972360123,,321969199,52461615,36733231,172,0,-1,-1,0,0,0,0,0,0
2025/07/05/17:48:47.073561,9861,1751712527,72624616,,321969199,52461615,36733231,176,0,-1,-1,0,0,0,0,0,0
2025/07/05/17:48:47.155162,9862,1751712527,153200666,,321969199,52461615,36733231,175,0,-1,-1,0,0,0,0,0,0
2025/07/05/17:48:47.253007,9863,1751712527,252181699,,321969199,52461615,36733231,181,0,-1,-1,0,0,0,0,0,0
2025/07/05/17:48:47.353054,9864,1751712527,352310125,,321969199,52461615,36733231,175,0,-1,-1,0,0,0,0,0,0
2025/07/05/17:48:47.572989,9865,1751712527,572302698,,321969199,52461615,36733231,175,0,-1,-1,0,0,0,0,0,0
2025/07/05/17:48:47.653735,9866,1751712527,653048652,,321969199,52461615,36733231,180,0,-1,-1,0,0,0,0,0,0
2025/07/05/17:48:47.753260,9867,1751712527,752381268,,321969199,52461615,36733231,175,0,-1,-1,0,0,0,0,0,0
2025/07/05/17:48:47.853234,9868,1751712527,852224619,,321969199,52461615,36733231,180,0,-1,-1,0,0,0,0,0,0
2025/07/05/17:48:47.973971,9869,1751712527,973467175,,321969199,52461615,36733231,176,0,-1,-1,0,0,0,0,0,0
2025/07/05/17:48:48.072989,9870,1751712528,72437571,,321969199,52461615,36733231,178,0,-1,-1,0,0,0,0,0,0
2025/07/05/17:48:48.154611,9871,1751712528,153244944,,321969199,52461615,36733231,176,0,-1,-1,0,0,0,0,0,0
2025/07/05/17:48:48.252986,9872,1751712528,252024249,,321969199,52461615,36733231,179,0,-1,-1,0,0,0,0,0,0
2025/07/05/17:48:48.352841,9873,1751712528,352209013,,321969199,52461615,36733231,174,0,-1,-1,0,0,0,0,0,0
2025/07/05/17:48:48.494242,9874,1751712528,493482698,,321969199,52461615,36733231,176,0,-1,-1,0,0,0,0,0,0
2025/07/05/17:48:48.633071,9875,1751712528,632156408,,321969199,52461615,36733231,179,0,-1,-1,0,0,0,0,0,0
2025/07/05/17:48:48.733064,9876,1751712528,732269231,,321969199,52461615,36733231,176,0,-1,-1,0,0,0,0,0,0
2025/07/05/17:48:48.836228,9877,1751712528,834960748,,321969199,52461615,36733231,176,0,-1,-1,0,0,0,0,0,0
2025/07/05/17:48:48.933221,9878,1751712528,932203608,,321969199,52461615,36733231,179,0,-1,-1,0,0,0,0,0,0
2025/07/05/17:48:49.035791,9879,1751712529,34999966,,321969199,52461615,36733231,177,0,-1,-1,0,0,0,0,0,0
2025/07/05/17:48:49.113433,9880,1751712529,112726397,,321969199,52461615,36733231,179,0,-1,-1,0,0,0,0,0,0
2025/07/05/17:48:49.216619,9881,1751712529,215657569,,321969199,52461615,36733231,174,0,-1,-1,0,0,0,0,0,0
2025/07/05/17:48:49.295194,9882,1751712529,293630181,,321969199,52461615,36733231,175,0,-1,-1,0,0,0,0,0,0
2025/07/05/17:48:49.394847,9883,1751712529,394011858,,321969199,52461615,36733231,172,0,-1,-1,0,0,0,0,0,0
2025/07/05/17:48:49.552899,9884,1751712529,552065636,,321969199,52461615,36733231,174,0,-1,-1,0,0,0,0,0,0
2025/07/05/17:48:49.652890,9885,1751712529,652284646,,321969199,52461615,36733231,177,0,-1,-1,0,0,0,0,0,0
2025/07/05/17:48:49.753150,9886,1751712529,752353524,,321969199,52461615,36733231,173,0,-1,-1,0,0,0,0,0,0
2025/07/05/17:48:49.853128,9887,1751712529,852487904,,321969199,52461615,36733231,176,0,-1,-1,0,0,0,0,0,0
2025/07/05/17:48:49.974247,9888,1751712529,973357289,,321969199,52461615,36733231,172,0,-1,-1,0,0,0,0,0,0
2025/07/05/17:48:50.054688,9889,1751712530,52180716,,321969199,52461615,36733231,177,0,-1,-1,0,0,0,0,0,0
2025/07/05/17:48:50.152730,9890,1751712530,152112440,,321969199,52461615,36733231,170,0,-1,-1,0,0,0,0,0,0
2025/07/05/17:48:50.235469,9891,1751712530,234966941,,321969199,52461615,36733231,169,0,-1,-1,0,0,0,0,0,0
2025/07/05/17:48:50.332694,9892,1751712530,332134549,,321969199,52461615,36733231,172,0,-1,-1,0,0,0,0,0,0
2025/07/05/17:48:50.473610,9893,1751712530,472855452,,321969199,52461615,53510447,180,0,-1,-1,0,0,0,0,0,0
2025/07/05/17:48:50.613967,9894,1751712530,613336238,,321969199,52461615,36733231,178,0,-1,-1,0,0,0,0,0,0
2025/07/05/17:48:50.694697,9895,1751712530,693400212,,321969199,52461615,36733231,180,0,-1,-1,0,0,0,0,0,0
2025/07/05/17:48:50.793940,9896,1751712530,793395635,,321969199,52461615,36733231,174,0,-1,-1,0,0,0,0,0,0
2025/07/05/17:48:50.873024,9897,1751712530,872499347,,321969199,52461615,36733231,178,0,-1,-1,0,0,0,0,0,0
2025/07/05/17:48:50.993829,9898,1751712530,992912480,,321969199,52461615,36733231,174,0,-1,-1,0,0,0,0,0,0
2025/07/05/17:48:51.072807,9899,1751712531,72327008,,321969199,52461615,36733231,178,0,-1,-1,0,0,0,0,0,0
2025/07/05/17:48:51.173322,9900,1751712531,172705209,,321969199,52461615,36733231,174,0,-1,-1,0,0,0,0,0,0
2025/07/05/17:48:51.254880,9901,1751712531,253112655,,321969199,52461615,36733231,179,0,-1,-1,0,0,0,0,0,0
2025/07/05/17:48:51.352831,9902,1751712531,352151127,,321969199,52461615,36733231,175,0,-1,-1,0,0,0,0,0,0
2025/07/05/17:48:51.532573,9903,1751712531,532029985,,321969199,52461615,36733231,181,0,-1,-1,0,0,0,0,0,0
2025/07/05/17:48:51.635602,9904,1751712531,634841194,,321969199,52461615,36733231,178,0,-1,-1,0,0,0,0,0,0
2025/07/05/17:48:51.715354,9905,1751712531,712881310,,321969199,52461615,36733231,180,0,-1,-1,0,0,0,0,0,0
2025/07/05/17:48:51.816524,9906,1751712531,815559951,,321969199,52461615,36733231,176,0,-1,-1,0,0,0,0,0,0
2025/07/05/17:48:51.894670,9907,1751712531,893322018,,321969199,52461615,36733231,178,0,-1,-1,0,0,0,0,0,0
2025/07/05/17:48:52.016528,9908,1751712532,15562423,,321969199,52461615,36733231,177,0,-1,-1,0,0,0,0,0,0
2025/07/05/17:48:52.113559,9909,1751712532,112897153,,321969199,52461615,36733231,179,0,-1,-1,0,0,0,0,0,0
2025/07/05/17:48:52.196236,9910,1751712532,193687914,,321969199,52461615,36733231,175,0,-1,-1,0,0,0,0,0,0
2025/07/05/17:48:52.273084,9911,1751712532,272458724,,321969199,52461615,36733231,178,0,-1,-1,0,0,0,0,0,0
2025/07/05/17:48:52.393942,9912,1751712532,393117056,,321969199,52461615,36733231,170,0,-1,-1,0,0,0,0,0,0
2025/07/05/17:48:52.552709,9913,1751712532,552058537,,321969199,52461615,36733231,174,0,-1,-1,0,0,0,0,0,0
2025/07/05/17:48:52.653836,9914,1751712532,652982798,,321969199,52461615,36733231,179,0,-1,-1,0,0,0,0,0,0
2025/07/05/17:48:52.753164,9915,1751712532,752317492,,321969199,52461615,36733231,173,0,-1,-1,0,0,0,0,0,0
2025/07/05/17:48:52.852763,9916,1751712532,851882427,,321969199,52461615,36733231,176,0,-1,-1,0,0,0,0,0,0
2025/07/05/17:48:52.973157,9917,1751712532,972313833,,321969199,52461615,36733231,172,0,-1,-1,0,0,0,0,0,0
2025/07/05/17:48:53.073388,9918,1751712533,72357653,,321969199,52461615,36733231,175,0,-1,-1,0,0,0,0,0,0
2025/07/05/17:48:53.173154,9919,1751712533,172334688,,321969199,52461615,36733231,172,0,-1,-1,0,0,0,0,0,0
2025/07/05/17:48:53.254849,9920,1751712533,252327613,,321969199,52461615,36733231,176,0,-1,-1,0,0,0,0,0,0
2025/07/05/17:48:53.352555,9921,1751712533,351871816,,321969199,52461615,36733231,170,0,-1,-1,0,0,0,0,0,0
2025/07/05/17:48:53.553027,9922,1751712533,552313976,,321969199,52461615,36733231,174,0,-1,-1,0,0,0,0,0,0
2025/07/05/17:48:53.653243,9923,1751712533,652493669,,321969199,52461615,36733231,180,0,-1,-1,0,0,0,0,0,0
2025/07/05/17:48:53.753011,9924,1751712533,752023112,,321969199,52461615,36733231,175,0,-1,-1,0,0,0,0,0,0
2025/07/05/17:48:53.853120,9925,1751712533,852417208,,321969199,52461615,36733231,177,0,-1,-1,0,0,0,0,0,0
2025/07/05/17:48:53.973215,9926,1751712533,972396878,,321969199,52461615,36733231,172,0,-1,-1,0,0,0,0,0,0
2025/07/05/17:48:54.053280,9927,1751712534,52070313,,321969199,52461615,36733231,177,0,-1,-1,0,0,0,0,0,0
2025/07/05/17:48:54.153085,9928,1751712534,152334410,,321969199,52461615,36733231,172,0,-1,-1,0,0,0,0,0,0
2025/07/05/17:48:54.252785,9929,1751712534,251979990,,321969199,52461615,36733231,172,0,-1,-1,0,0,0,0,0,0
2025/07/05/17:48:54.352921,9930,1751712534,352214704,,321969199,52461615,36733231,168,0,-1,-1,0,0,0,0,0,0
2025/07/05/17:48:54.532560,9931,1751712534,531878069,,321969199,52461615,36733231,174,0,-1,-1,0,0,0,0,0,0
2025/07/05/17:48:54.632437,9932,1751712534,631866848,,321969199,52461615,36733231,178,0,-1,-1,0,0,0,0,0,0
2025/07/05/17:48:54.733225,9933,1751712534,732278327,,321969199,52461615,36733231,175,0,-1,-1,0,0,0,0,0,0
2025/07/05/17:48:54.835397,9934,1751712534,834975855,,321969199,52461615,36733231,173,0,-1,-1,0,0,0,0,0,0
2025/07/05/17:48:54.932909,9935,1751712534,931810929,,321969199,52461615,36733231,175,0,-1,-1,0,0,0,0,0,0
2025/07/05/17:48:55.013878,9936,1751712535,13443197,,321969199,52461615,36733231,172,0,-1,-1,0,0,0,0,0,0
2025/07/05/17:48:55.093204,9937,1751712535,93085731,,321969199,52461615,36733231,174,0,-1,-1,0,0,0,0,0,0
2025/07/05/17:48:55.194637,9938,1751712535,193608765,,321969199,52461615,36733231,171,0,-1,-1,0,0,0,0,0,0
2025/07/05/17:48:55.272968,9939,1751712535,272328170,,321969199,52461615,36733231,176,0,-1,-1,0,0,0,0,0,0
2025/07/05/17:48:55.394811,9940,1751712535,393667830,,321969199,52461615,36733231,171,0,-1,-1,0,0,0,0,0,0
2025/07/05/17:48:55.552678,9941,1751712535,551977085,,321969199,52461615,53510447,173,0,-1,-1,0,0,0,0,0,0
2025/07/05/17:48:55.653007,9942,1751712535,652375778,,321969199,52461615,36733231,175,0,-1,-1,0,0,0,0,0,0
2025/07/05/17:48:55.753196,9943,1751712535,751831139,,321969199,52461615,36733231,172,0,-1,-1,0,0,0,0,0,0
2025/07/05/17:48:55.832320,9944,1751712535,831844653,,321969199,52461615,36733231,176,0,-1,-1,0,0,0,0,0,0
2025/07/05/17:48:55.952823,9945,1751712535,952281078,,321969199,52461615,36733231,171,0,-1,-1,0,0,0,0,0,0
2025/07/05/17:48:56.052442,9946,1751712536,51728551,,321969199,52461615,36733231,174,0,-1,-1,0,0,0,0,0,0
2025/07/05/17:48:56.152612,9947,1751712536,151723340,,321969199,52461615,36733231,171,0,-1,-1,0,0,0,0,0,0
2025/07/05/17:48:56.232283,9948,1751712536,231831476,,321969199,52461615,36733231,178,0,-1,-1,0,0,0,0,0,0
2025/07/05/17:48:56.331896,9949,1751712536,331603607,,321969199,52461615,36733231,173,0,-1,-1,0,0,0,0,0,0
2025/07/05/17:48:56.472985,9950,1751712536,472026574,,321969199,52461615,36733231,176,0,-1,-1,0,0,0,0,0,0
2025/07/05/17:48:56.572844,9951,1751712536,572329965,,321969199,52461615,36733231,172,0,-1,-1,0,0,0,0,0,0
2025/07/05/17:48:56.673485,9952,1751712536,672867709,,321969199,52461615,36733231,173,0,-1,-1,0,0,0,0,0,0
2025/07/05/17:48:56.773305,9953,1751712536,772441258,,321969199,52461615,36733231,171,0,-1,-1,0,0,0,0,0,0
2025/07/05/17:48:56.855683,9954,1751712536,855218655,,321969199,52461615,36733231,171,0,-1,-1,0,0,0,0,0,0
2025/07/05/17:48:56.932246,9955,1751712536,931811165,,321969199,52461615,36733231,179,0,-1,-1,0,0,0,0,0,0
2025/07/05/17:48:57.035855,9956,1751712537,35139121,,321969199,52461615,36733231,177,0,-1,-1,0,0,0,0,0,0
2025/07/05/17:48:57.132645,9957,1751712537,131676163,,321969199,52461615,36733231,178,0,-1,-1,0,0,0,0,0,0
2025/07/05/17:48:57.235600,9958,1751712537,234805534,,321969199,52461615,36733231,175,0,-1,-1,0,0,0,0,0,0
2025/07/05/17:48:57.333133,9959,1751712537,332318660,,321969199,52461615,36733231,176,0,-1,-1,0,0,0,0,0,0
2025/07/05/17:48:57.493833,9960,1751712537,493122911,,321969199,52461615,36733231,179,0,-1,-1,0,0,0,0,0,0
2025/07/05/17:48:57.633110,9961,1751712537,632451620,,321969199,52461615,36733231,176,0,-1,-1,0,0,0,0,0,0
2025/07/05/17:48:57.732676,9962,1751712537,731915030,,321969199,52461615,36733231,178,0,-1,-1,0,0,0,0,0,0
2025/07/05/17:48:57.835508,9963,1751712537,834853937,,321969199,52461615,36733231,175,0,-1,-1,0,0,0,0,0,0
2025/07/05/17:48:57.932864,9964,1751712537,931850902,,321969199,52461615,36733231,179,0,-1,-1,0,0,0,0,0,0
2025/07/05/17:48:58.035324,9965,1751712538,34677940,,321969199,52461615,36733231,176,0,-1,-1,0,0,0,0,0,0
2025/07/05/17:48:58.131604,9966,1751712538,131482876,,321969199,52461615,36733231,176,0,-1,-1,0,0,0,0,0,0
2025/07/05/17:48:58.235237,9967,1751712538,234403489,,321969199,52461615,36733231,173,0,-1,-1,0,0,0,0,0,0
2025/07/05/17:48:58.332509,9968,1751712538,332107324,,321969199,52461615,36733231,174,0,-1,-1,0,0,0,0,0,0
2025/07/05/17:48:58.513344,9969,1751712538,513222086,,321969199,52461615,36733231,181,0,-1,-1,0,0,0,0,0,0
2025/07/05/17:48:58.613970,9970,1751712538,613168825,,321969199,52461615,36733231,176,0,-1,-1,0,0,0,0,0,0
2025/07/05/17:48:58.692952,9971,1751712538,692609704,,321969199,52461615,36733231,179,0,-1,-1,0,0,0,0,0,0
2025/07/05/17:48:58.772470,9972,1751712538,772191081,,321969199,52461615,36733231,176,0,-1,-1,0,0,0,0,0,0
2025/07/05/17:48:58.872263,9973,1751712538,872024559,,321969199,52461615,36733231,177,0,-1,-1,0,0,0,0,0,0
2025/07/05/17:48:58.993052,9974,1751712538,992671258,,321969199,52461615,36733231,173,0,-1,-1,0,0,0,0,0,0
2025/07/05/17:48:59.072536,9975,1751712539,72187478,,321969199,52461615,36733231,177,0,-1,-1,0,0,0,0,0,0
2025/07/05/17:48:59.172068,9976,1751712539,171620619,,321969199,52461615,36733231,172,0,-1,-1,0,0,0,0,0,0
2025/07/05/17:48:59.251742,9977,1751712539,251408531,,321969199,52461615,36733231,177,0,-1,-1,0,0,0,0,0,0
2025/07/05/17:48:59.355085,9978,1751712539,352216463,,321969199,52461615,36733231,173,0,-1,-1,0,0,0,0,0,0
2025/07/05/17:48:59.553003,9979,1751712539,552231014,,321969199,52461615,36733231,176,0,-1,-1,0,0,0,0,0,0
2025/07/05/17:48:59.652158,9980,1751712539,651766475,,321969199,52461615,36733231,179,0,-1,-1,0,0,0,0,0,0
2025/07/05/17:48:59.752461,9981,1751712539,751727472,,321969199,52461615,36733231,173,0,-1,-1,0,0,0,0,0,0
2025/07/05/17:48:59.852739,9982,1751712539,852279353,,321969199,52461615,36733231,175,0,-1,-1,0,0,0,0,0,0
2025/07/05/17:48:59.993325,9983,1751712539,992715940,,321969199,52461615,36733231,172,0,-1,-1,0,0,0,0,0,0
2025/07/05/17:49:00.072644,9984,1751712540,72187999,,321969199,52461615,36733231,178,0,-1,-1,0,0,0,0,0,0
2025/07/05/17:49:00.174814,9985,1751712540,173195081,,321969199,52461615,36733231,173,0,-1,-1,0,0,0,0,0,0
2025/07/05/17:49:00.272245,9986,1751712540,272018055,,321969199,52461615,36733231,175,0,-1,-1,0,0,0,0,0,0
2025/07/05/17:49:00.373142,9987,1751712540,372808700,,321969199,52461615,36733231,170,0,-1,-1,0,0,0,0,0,0
2025/07/05/17:49:00.552391,9988,1751712540,551983735,,321969199,52461615,36733231,175,0,-1,-1,0,0,0,0,0,0
2025/07/05/17:49:00.651841,9989,1751712540,651738224,,321969199,52461615,53510447,179,0,-1,-1,0,0,0,0,0,0
2025/07/05/17:49:00.752901,9990,1751712540,752354859,,321969199,52461615,36733231,174,0,-1,-1,0,0,0,0,0,0
2025/07/05/17:49:00.855822,9991,1751712540,851674265,,321969199,52461615,36733231,177,0,-1,-1,0,0,0,0,0,0
2025/07/05/17:49:00.972661,9992,1751712540,972272019,,321969199,52461615,36733231,172,0,-1,-1,0,0,0,0,0,0
2025/07/05/17:49:01.054136,9993,1751712541,52242496,,321969199,52461615,36733231,179,0,-1,-1,0,0,0,0,0,0
2025/07/05/17:49:01.152686,9994,1751712541,152151162,,321969199,52461615,36733231,174,0,-1,-1,0,0,0,0,0,0
2025/07/05/17:49:01.251886,9995,1751712541,251499742,,321969199,52461615,36733231,177,0,-1,-1,0,0,0,0,0,0
2025/07/05/17:49:01.352309,9996,1751712541,351930122,,321969199,52461615,36733231,171,0,-1,-1,0,0,0,0,0,0
2025/07/05/17:49:01.552980,9997,1751712541,552376899,,321969199,52461615,36733231,174,0,-1,-1,0,0,0,0,0,0
2025/07/05/17:49:01.652212,9998,1751712541,651591461,,321969199,52461615,36733231,179,0,-1,-1,0,0,0,0,0,0
2025/07/05/17:49:01.733035,9999,1751712541,732238387,,321969199,52461615,36733231,178,0,-1,-1,0,0,0,0,0,0
2025/07/05/17:49:01.835634,10000,1751712541,835113024,,321969199,52461615,36733231,176,0,-1,-1,0,0,0,0,0,0
2025/07/05/17:49:01.952717,10001,1751712541,952141402,,321969199,52461615,36733231,175,0,-1,-1,0,0,0,0,0,0
2025/07/05/17:49:02.051863,10002,1751712542,51470586,,321969199,52461615,36733231,178,0,-1,-1,0,0,0,0,0,0
2025/07/05/17:49:02.151937,10003,1751712542,151425049,,321969199,52461615,36733231,173,0,-1,-1,0,0,0,0,0,0
2025/07/05/17:49:02.252226,10004,1751712542,251550374,,321969199,52461615,36733231,177,0,-1,-1,0,0,0,0,0,0
2025/07/05/17:49:02.331601,10005,1751712542,331412150,,321969199,52461615,36733231,175,0,-1,-1,0,0,0,0,0,0
2025/07/05/17:49:02.472991,10006,1751712542,472366730,,321969199,52461615,36733231,179,0,-1,-1,0,0,0,0,0,0
2025/07/05/17:49:02.593436,10007,1751712542,592580890,,321969199,52461615,36733231,172,0,-1,-1,0,0,0,0,0,0
2025/07/05/17:49:02.672095,10008,1751712542,671853156,,321969199,52461615,36733231,177,0,-1,-1,0,0,0,0,0,0
2025/07/05/17:49:02.754647,10009,1751712542,752514045,,321969199,52461615,36733231,175,0,-1,-1,0,0,0,0,0,0
2025/07/05/17:49:02.851891,10010,1751712542,851414595,,321969199,52461615,36733231,177,0,-1,-1,0,0,0,0,0,0
2025/07/05/17:49:02.973129,10011,1751712542,972380906,,321969199,52461615,36733231,171,0,-1,-1,0,0,0,0,0,0
2025/07/05/17:49:03.053802,10012,1751712543,51882774,,321969199,52461615,36733231,176,0,-1,-1,0,0,0,0,0,0
2025/07/05/17:49:03.152628,10013,1751712543,152101921,,321969199,52461615,36733231,172,0,-1,-1,0,0,0,0,0,0
2025/07/05/17:49:03.251927,10014,1751712543,251580471,,321969199,52461615,36733231,178,0,-1,-1,0,0,0,0,0,0
2025/07/05/17:49:03.351864,10015,1751712543,351570332,,321969199,52461615,36733231,174,0,-1,-1,0,0,0,0,0,0
2025/07/05/17:49:03.493823,10016,1751712543,492904862,,321969199,52461615,36733231,178,0,-1,-1,0,0,0,0,0,0
2025/07/05/17:49:03.635428,10017,1751712543,634404899,,321969199,52461615,36733231,176,0,-1,-1,0,0,0,0,0,0
2025/07/05/17:49:03.712754,10018,1751712543,712275350,,321969199,52461615,36733231,178,0,-1,-1,0,0,0,0,0,0
