time,.header.seq,.header.stamp.secs,.header.stamp.nsecs,.header.frame_id,.channels
2025/07/05/17:47:55.674129,9374,1751712475,680735008,,"(1500, 0, 1500, 0, 0, 0, 0, 0, 0, 0, 0, 0, 0, 0, 0, 0)"
2025/07/05/17:47:55.757883,9375,1751712475,760897008,,"(1500, 0, 1500, 0, 0, 0, 0, 0, 0, 0, 0, 0, 0, 0, 0, 0)"
2025/07/05/17:47:55.854759,9376,1751712475,861393008,,"(1500, 0, 1500, 0, 0, 0, 0, 0, 0, 0, 0, 0, 0, 0, 0, 0)"
2025/07/05/17:47:55.995034,9377,1751712476,1670008,,"(1500, 0, 1500, 0, 0, 0, 0, 0, 0, 0, 0, 0, 0, 0, 0, 0)"
2025/07/05/17:47:56.095354,9378,1751712476,101756008,,"(1500, 0, 1500, 0, 0, 0, 0, 0, 0, 0, 0, 0, 0, 0, 0, 0)"
2025/07/05/17:47:56.195528,9379,1751712476,201713008,,"(1500, 0, 1500, 0, 0, 0, 0, 0, 0, 0, 0, 0, 0, 0, 0, 0)"
2025/07/05/17:47:56.295354,9380,1751712476,302130008,,"(1500, 0, 1500, 0, 0, 0, 0, 0, 0, 0, 0, 0, 0, 0, 0, 0)"
2025/07/05/17:47:56.416672,9381,1751712476,422986008,,"(1500, 0, 1500, 0, 0, 0, 0, 0, 0, 0, 0, 0, 0, 0, 0, 0)"
2025/07/05/17:47:56.595952,9382,1751712476,602014008,,"(1500, 0, 1500, 0, 0, 0, 0, 0, 0, 0, 0, 0, 0, 0, 0, 0)"
2025/07/05/17:47:56.676188,9383,1751712476,681989008,,"(1500, 0, 1500, 0, 0, 0, 0, 0, 0, 0, 0, 0, 0, 0, 0, 0)"
2025/07/05/17:47:56.754940,9384,1751712476,761267008,,"(1500, 0, 1500, 0, 0, 0, 0, 0, 0, 0, 0, 0, 0, 0, 0, 0)"
2025/07/05/17:47:56.854865,9385,1751712476,861141008,,"(1500, 0, 1500, 0, 0, 0, 0, 0, 0, 0, 0, 0, 0, 0, 0, 0)"
2025/07/05/17:47:56.995611,9386,1751712477,1650008,,"(1500, 0, 1500, 0, 0, 0, 0, 0, 0, 0, 0, 0, 0, 0, 0, 0)"
2025/07/05/17:47:57.054985,9387,1751712477,61182008,,"(1500, 0, 1500, 0, 0, 0, 0, 0, 0, 0, 0, 0, 0, 0, 0, 0)"
2025/07/05/17:47:57.134801,9388,1751712477,141107008,,"(1500, 0, 1500, 0, 0, 0, 0, 0, 0, 0, 0, 0, 0, 0, 0, 0)"
2025/07/05/17:47:57.237667,9389,1751712477,243904008,,"(1500, 0, 1500, 0, 0, 0, 0, 0, 0, 0, 0, 0, 0, 0, 0, 0)"
2025/07/05/17:47:57.315696,9390,1751712477,321745008,,"(1500, 0, 1500, 0, 0, 0, 0, 0, 0, 0, 0, 0, 0, 0, 0, 0)"
2025/07/05/17:47:57.437949,9391,1751712477,444212008,,"(1500, 0, 1500, 0, 0, 0, 0, 0, 0, 0, 0, 0, 0, 0, 0, 0)"
2025/07/05/17:47:57.596470,9392,1751712477,602598008,,"(1500, 0, 1500, 0, 0, 0, 0, 0, 0, 0, 0, 0, 0, 0, 0, 0)"
2025/07/05/17:47:57.674683,9393,1751712477,681027008,,"(1500, 0, 1500, 0, 0, 0, 0, 0, 0, 0, 0, 0, 0, 0, 0, 0)"
2025/07/05/17:47:57.774758,9394,1751712477,780976008,,"(1500, 0, 1500, 0, 0, 0, 0, 0, 0, 0, 0, 0, 0, 0, 0, 0)"
2025/07/05/17:47:57.855385,9395,1751712477,861159008,,"(1500, 0, 1500, 0, 0, 0, 0, 0, 0, 0, 0, 0, 0, 0, 0, 0)"
2025/07/05/17:47:57.996404,9396,1751712478,2533008,,"(1500, 0, 1500, 0, 0, 0, 0, 0, 0, 0, 0, 0, 0, 0, 0, 0)"
2025/07/05/17:47:58.075303,9397,1751712478,81540008,,"(1500, 0, 1500, 0, 0, 0, 0, 0, 0, 0, 0, 0, 0, 0, 0, 0)"
2025/07/05/17:47:58.154372,9398,1751712478,161362008,,"(1500, 0, 1500, 0, 0, 0, 0, 0, 0, 0, 0, 0, 0, 0, 0, 0)"
2025/07/05/17:47:58.254421,9399,1751712478,261181008,,"(1500, 0, 1500, 0, 0, 0, 0, 0, 0, 0, 0, 0, 0, 0, 0, 0)"
2025/07/05/17:47:58.355117,9400,1751712478,361368008,,"(1500, 0, 1500, 0, 0, 0, 0, 0, 0, 0, 0, 0, 0, 0, 0, 0)"
2025/07/05/17:47:58.534357,9401,1751712478,540947008,,"(1500, 0, 1500, 0, 0, 0, 0, 0, 0, 0, 0, 0, 0, 0, 0, 0)"
2025/07/05/17:47:58.614861,9402,1751712478,622082008,,"(1500, 0, 1500, 0, 0, 0, 0, 0, 0, 0, 0, 0, 0, 0, 0, 0)"
2025/07/05/17:47:58.715752,9403,1751712478,721959008,,"(1500, 0, 1500, 0, 0, 0, 0, 0, 0, 0, 0, 0, 0, 0, 0, 0)"
2025/07/05/17:47:58.815605,9404,1751712478,822257008,,"(1500, 0, 1500, 0, 0, 0, 0, 0, 0, 0, 0, 0, 0, 0, 0, 0)"
2025/07/05/17:47:58.915958,9405,1751712478,922394008,,"(1500, 0, 1500, 0, 0, 0, 0, 0, 0, 0, 0, 0, 0, 0, 0, 0)"
2025/07/05/17:47:59.035237,9406,1751712479,41407008,,"(1500, 0, 1500, 0, 0, 0, 0, 0, 0, 0, 0, 0, 0, 0, 0, 0)"
2025/07/05/17:47:59.154768,9407,1751712479,160601008,,"(1500, 0, 1500, 0, 0, 0, 0, 0, 0, 0, 0, 0, 0, 0, 0, 0)"
2025/07/05/17:47:59.254991,9408,1751712479,261337008,,"(1500, 0, 1500, 0, 0, 0, 0, 0, 0, 0, 0, 0, 0, 0, 0, 0)"
2025/07/05/17:47:59.354722,9409,1751712479,361111008,,"(1500, 0, 1500, 0, 0, 0, 0, 0, 0, 0, 0, 0, 0, 0, 0, 0)"
2025/07/05/17:47:59.574821,9410,1751712479,581019008,,"(1500, 0, 1500, 0, 0, 0, 0, 0, 0, 0, 0, 0, 0, 0, 0, 0)"
2025/07/05/17:47:59.654691,9411,1751712479,661362008,,"(1500, 0, 1500, 0, 0, 0, 0, 0, 0, 0, 0, 0, 0, 0, 0, 0)"
2025/07/05/17:47:59.755100,9412,1751712479,761256008,,"(1500, 0, 1500, 0, 0, 0, 0, 0, 0, 0, 0, 0, 0, 0, 0, 0)"
2025/07/05/17:47:59.855125,9413,1751712479,861368008,,"(1500, 0, 1500, 0, 0, 0, 0, 0, 0, 0, 0, 0, 0, 0, 0, 0)"
2025/07/05/17:47:59.996367,9414,1751712480,2390008,,"(1500, 0, 1500, 0, 0, 0, 0, 0, 0, 0, 0, 0, 0, 0, 0, 0)"
2025/07/05/17:48:00.054718,9415,1751712480,61001008,,"(1500, 0, 1500, 0, 0, 0, 0, 0, 0, 0, 0, 0, 0, 0, 0, 0)"
2025/07/05/17:48:00.174123,9416,1751712480,180683008,,"(1500, 0, 1500, 0, 0, 0, 0, 0, 0, 0, 0, 0, 0, 0, 0, 0)"
2025/07/05/17:48:00.234484,9417,1751712480,241428008,,"(1500, 0, 1500, 0, 0, 0, 0, 0, 0, 0, 0, 0, 0, 0, 0, 0)"
2025/07/05/17:48:00.334240,9418,1751712480,341147008,,"(1500, 0, 1500, 0, 0, 0, 0, 0, 0, 0, 0, 0, 0, 0, 0, 0)"
2025/07/05/17:48:00.515778,9419,1751712480,521923008,,"(1500, 0, 1500, 0, 0, 0, 0, 0, 0, 0, 0, 0, 0, 0, 0, 0)"
2025/07/05/17:48:00.618342,9420,1751712480,624742008,,"(1500, 0, 1500, 0, 0, 0, 0, 0, 0, 0, 0, 0, 0, 0, 0, 0)"
2025/07/05/17:48:00.695722,9421,1751712480,702190008,,"(1500, 0, 1500, 0, 0, 0, 0, 0, 0, 0, 0, 0, 0, 0, 0, 0)"
2025/07/05/17:48:00.796307,9422,1751712480,802555008,,"(1500, 0, 1500, 0, 0, 0, 0, 0, 0, 0, 0, 0, 0, 0, 0, 0)"
2025/07/05/17:48:00.854244,9423,1751712480,861116008,,"(1500, 0, 1500, 0, 0, 0, 0, 0, 0, 0, 0, 0, 0, 0, 0, 0)"
2025/07/05/17:48:00.955980,9424,1751712480,961316008,,"(1500, 0, 1500, 0, 0, 0, 0, 0, 0, 0, 0, 0, 0, 0, 0, 0)"
2025/07/05/17:48:01.073891,9425,1751712481,80733008,,"(1500, 0, 1500, 0, 0, 0, 0, 0, 0, 0, 0, 0, 0, 0, 0, 0)"
2025/07/05/17:48:01.154096,9426,1751712481,161043008,,"(1500, 0, 1500, 0, 0, 0, 0, 0, 0, 0, 0, 0, 0, 0, 0, 0)"
2025/07/05/17:48:01.254957,9427,1751712481,261394008,,"(1500, 0, 1500, 0, 0, 0, 0, 0, 0, 0, 0, 0, 0, 0, 0, 0)"
2025/07/05/17:48:01.396181,9428,1751712481,402249008,,"(1500, 0, 1500, 0, 0, 0, 0, 0, 0, 0, 0, 0, 0, 0, 0, 0)"
2025/07/05/17:48:01.554804,9429,1751712481,561087008,,"(1500, 0, 1500, 0, 0, 0, 0, 0, 0, 0, 0, 0, 0, 0, 0, 0)"
2025/07/05/17:48:01.675266,9430,1751712481,681978008,,"(1500, 0, 1500, 0, 0, 0, 0, 0, 0, 0, 0, 0, 0, 0, 0, 0)"
2025/07/05/17:48:01.754853,9431,1751712481,761195008,,"(1500, 0, 1500, 0, 0, 0, 0, 0, 0, 0, 0, 0, 0, 0, 0, 0)"
2025/07/05/17:48:01.854444,9432,1751712481,861091008,,"(1500, 0, 1500, 0, 0, 0, 0, 0, 0, 0, 0, 0, 0, 0, 0, 0)"
2025/07/05/17:48:01.996415,9433,1751712482,2607008,,"(1500, 0, 1500, 0, 0, 0, 0, 0, 0, 0, 0, 0, 0, 0, 0, 0)"
2025/07/05/17:48:02.055337,9434,1751712482,61135008,,"(1500, 0, 1500, 0, 0, 0, 0, 0, 0, 0, 0, 0, 0, 0, 0, 0)"
2025/07/05/17:48:02.154617,9435,1751712482,161027008,,"(1500, 0, 1500, 0, 0, 0, 0, 0, 0, 0, 0, 0, 0, 0, 0, 0)"
2025/07/05/17:48:02.274441,9436,1751712482,280988008,,"(1500, 0, 1500, 0, 0, 0, 0, 0, 0, 0, 0, 0, 0, 0, 0, 0)"
2025/07/05/17:48:02.354754,9437,1751712482,361045008,,"(1500, 0, 1500, 0, 0, 0, 0, 0, 0, 0, 0, 0, 0, 0, 0, 0)"
2025/07/05/17:48:02.574481,9438,1751712482,580953008,,"(1500, 0, 1500, 0, 0, 0, 0, 0, 0, 0, 0, 0, 0, 0, 0, 0)"
2025/07/05/17:48:02.654722,9439,1751712482,661354008,,"(1500, 0, 1500, 0, 0, 0, 0, 0, 0, 0, 0, 0, 0, 0, 0, 0)"
2025/07/05/17:48:02.754642,9440,1751712482,760908008,,"(1500, 0, 1500, 0, 0, 0, 0, 0, 0, 0, 0, 0, 0, 0, 0, 0)"
2025/07/05/17:48:02.874833,9441,1751712482,881232008,,"(1500, 0, 1500, 0, 0, 0, 0, 0, 0, 0, 0, 0, 0, 0, 0, 0)"
2025/07/05/17:48:02.996230,9442,1751712483,2525008,,"(1500, 0, 1500, 0, 0, 0, 0, 0, 0, 0, 0, 0, 0, 0, 0, 0)"
2025/07/05/17:48:03.054344,9443,1751712483,61104008,,"(1500, 0, 1500, 0, 0, 0, 0, 0, 0, 0, 0, 0, 0, 0, 0, 0)"
2025/07/05/17:48:03.155095,9444,1751712483,161447008,,"(1500, 0, 1500, 0, 0, 0, 0, 0, 0, 0, 0, 0, 0, 0, 0, 0)"
2025/07/05/17:48:03.254836,9445,1751712483,261027008,,"(1500, 0, 1500, 0, 0, 0, 0, 0, 0, 0, 0, 0, 0, 0, 0, 0)"
2025/07/05/17:48:03.354471,9446,1751712483,361145008,,"(1500, 0, 1500, 0, 0, 0, 0, 0, 0, 0, 0, 0, 0, 0, 0, 0)"
2025/07/05/17:48:03.534589,9447,1751712483,541199008,,"(1500, 0, 1500, 0, 0, 0, 0, 0, 0, 0, 0, 0, 0, 0, 0, 0)"
2025/07/05/17:48:03.637989,9448,1751712483,641041008,,"(1500, 0, 1500, 0, 0, 0, 0, 0, 0, 0, 0, 0, 0, 0, 0, 0)"
2025/07/05/17:48:03.735594,9449,1751712483,741197008,,"(1500, 0, 1500, 0, 0, 0, 0, 0, 0, 0, 0, 0, 0, 0, 0, 0)"
2025/07/05/17:48:03.834731,9450,1751712483,841055008,,"(1500, 0, 1500, 0, 0, 0, 0, 0, 0, 0, 0, 0, 0, 0, 0, 0)"
2025/07/05/17:48:03.954190,9451,1751712483,961221008,,"(1500, 0, 1500, 0, 0, 0, 0, 0, 0, 0, 0, 0, 0, 0, 0, 0)"
2025/07/05/17:48:04.075376,9452,1751712484,80959008,,"(1500, 0, 1500, 0, 0, 0, 0, 0, 0, 0, 0, 0, 0, 0, 0, 0)"
2025/07/05/17:48:04.154279,9453,1751712484,161110008,,"(1500, 0, 1500, 0, 0, 0, 0, 0, 0, 0, 0, 0, 0, 0, 0, 0)"
2025/07/05/17:48:04.254295,9454,1751712484,261026008,,"(1500, 0, 1500, 0, 0, 0, 0, 0, 0, 0, 0, 0, 0, 0, 0, 0)"
2025/07/05/17:48:04.396298,9455,1751712484,402437008,,"(1500, 0, 1500, 0, 0, 0, 0, 0, 0, 0, 0, 0, 0, 0, 0, 0)"
2025/07/05/17:48:04.556261,9456,1751712484,561149008,,"(1500, 0, 1500, 0, 0, 0, 0, 0, 0, 0, 0, 0, 0, 0, 0, 0)"
2025/07/05/17:48:04.675144,9457,1751712484,681033008,,"(1500, 0, 1500, 0, 0, 0, 0, 0, 0, 0, 0, 0, 0, 0, 0, 0)"
2025/07/05/17:48:04.754402,9458,1751712484,761293008,,"(1500, 0, 1500, 0, 0, 0, 0, 0, 0, 0, 0, 0, 0, 0, 0, 0)"
2025/07/05/17:48:04.854789,9459,1751712484,861215008,,"(1500, 0, 1500, 0, 0, 0, 0, 0, 0, 0, 0, 0, 0, 0, 0, 0)"
2025/07/05/17:48:04.995878,9460,1751712485,2473008,,"(1500, 0, 1500, 0, 0, 0, 0, 0, 0, 0, 0, 0, 0, 0, 0, 0)"
2025/07/05/17:48:05.054041,9461,1751712485,61141008,,"(1500, 0, 1500, 0, 0, 0, 0, 0, 0, 0, 0, 0, 0, 0, 0, 0)"
2025/07/05/17:48:05.154238,9462,1751712485,161211008,,"(1500, 0, 1500, 0, 0, 0, 0, 0, 0, 0, 0, 0, 0, 0, 0, 0)"
2025/07/05/17:48:05.274223,9463,1751712485,280707008,,"(1500, 0, 1500, 0, 0, 0, 0, 0, 0, 0, 0, 0, 0, 0, 0, 0)"
2025/07/05/17:48:05.354593,9464,1751712485,361040008,,"(1500, 0, 1500, 0, 0, 0, 0, 0, 0, 0, 0, 0, 0, 0, 0, 0)"
2025/07/05/17:48:05.574116,9465,1751712485,580986008,,"(1500, 0, 1500, 0, 0, 0, 0, 0, 0, 0, 0, 0, 0, 0, 0, 0)"
2025/07/05/17:48:05.654481,9466,1751712485,661307008,,"(1500, 0, 1500, 0, 0, 0, 0, 0, 0, 0, 0, 0, 0, 0, 0, 0)"
2025/07/05/17:48:05.774085,9467,1751712485,780695008,,"(1500, 0, 1500, 0, 0, 0, 0, 0, 0, 0, 0, 0, 0, 0, 0, 0)"
2025/07/05/17:48:05.874775,9468,1751712485,881325008,,"(1500, 0, 1500, 0, 0, 0, 0, 0, 0, 0, 0, 0, 0, 0, 0, 0)"
2025/07/05/17:48:05.996259,9469,1751712486,2643008,,"(1500, 0, 1500, 0, 0, 0, 0, 0, 0, 0, 0, 0, 0, 0, 0, 0)"
2025/07/05/17:48:06.095175,9470,1751712486,101653008,,"(1500, 0, 1500, 0, 0, 0, 0, 0, 0, 0, 0, 0, 0, 0, 0, 0)"
2025/07/05/17:48:06.175002,9471,1751712486,181413008,,"(1500, 0, 1500, 0, 0, 0, 0, 0, 0, 0, 0, 0, 0, 0, 0, 0)"
2025/07/05/17:48:06.254169,9472,1751712486,260921008,,"(1500, 0, 1500, 0, 0, 0, 0, 0, 0, 0, 0, 0, 0, 0, 0, 0)"
2025/07/05/17:48:06.354471,9473,1751712486,361003008,,"(1500, 0, 1500, 0, 0, 0, 0, 0, 0, 0, 0, 0, 0, 0, 0, 0)"
2025/07/05/17:48:06.534619,9474,1751712486,541254008,,"(1500, 0, 1500, 0, 0, 0, 0, 0, 0, 0, 0, 0, 0, 0, 0, 0)"
2025/07/05/17:48:06.634495,9475,1751712486,641074008,,"(1500, 0, 1500, 0, 0, 0, 0, 0, 0, 0, 0, 0, 0, 0, 0, 0)"
2025/07/05/17:48:06.714896,9476,1751712486,721652008,,"(1500, 0, 1500, 0, 0, 0, 0, 0, 0, 0, 0, 0, 0, 0, 0, 0)"
2025/07/05/17:48:06.819133,9477,1751712486,824544008,,"(1500, 0, 1500, 0, 0, 0, 0, 0, 0, 0, 0, 0, 0, 0, 0, 0)"
2025/07/05/17:48:06.895606,9478,1751712486,902470008,,"(1500, 0, 1500, 0, 0, 0, 0, 0, 0, 0, 0, 0, 0, 0, 0, 0)"
2025/07/05/17:48:06.998556,9479,1751712487,2624008,,"(1500, 0, 1500, 0, 0, 0, 0, 0, 0, 0, 0, 0, 0, 0, 0, 0)"
2025/07/05/17:48:07.095130,9480,1751712487,101668008,,"(1500, 0, 1500, 0, 0, 0, 0, 0, 0, 0, 0, 0, 0, 0, 0, 0)"
2025/07/05/17:48:07.196188,9481,1751712487,202574008,,"(1500, 0, 1500, 0, 0, 0, 0, 0, 0, 0, 0, 0, 0, 0, 0, 0)"
2025/07/05/17:48:07.254377,9482,1751712487,261126008,,"(1500, 0, 1500, 0, 0, 0, 0, 0, 0, 0, 0, 0, 0, 0, 0, 0)"
2025/07/05/17:48:07.395836,9483,1751712487,402490008,,"(1500, 0, 1500, 0, 0, 0, 0, 0, 0, 0, 0, 0, 0, 0, 0, 0)"
2025/07/05/17:48:07.534439,9484,1751712487,541288008,,"(1500, 0, 1500, 0, 0, 0, 0, 0, 0, 0, 0, 0, 0, 0, 0, 0)"
2025/07/05/17:48:07.637111,9485,1751712487,643990008,,"(1500, 0, 1500, 0, 0, 0, 0, 0, 0, 0, 0, 0, 0, 0, 0, 0)"
2025/07/05/17:48:07.735198,9486,1751712487,741241008,,"(1500, 0, 1500, 0, 0, 0, 0, 0, 0, 0, 0, 0, 0, 0, 0, 0)"
2025/07/05/17:48:07.835135,9487,1751712487,841516008,,"(1500, 0, 1500, 0, 0, 0, 0, 0, 0, 0, 0, 0, 0, 0, 0, 0)"
2025/07/05/17:48:07.973992,9488,1751712487,981043008,,"(1500, 0, 1500, 0, 0, 0, 0, 0, 0, 0, 0, 0, 0, 0, 0, 0)"
2025/07/05/17:48:08.057918,9489,1751712488,61378008,,"(1500, 0, 1500, 0, 0, 0, 0, 0, 0, 0, 0, 0, 0, 0, 0, 0)"
2025/07/05/17:48:08.153818,9490,1751712488,161315008,,"(1500, 0, 1500, 0, 0, 0, 0, 0, 0, 0, 0, 0, 0, 0, 0, 0)"
2025/07/05/17:48:08.275266,9491,1751712488,281239008,,"(1500, 0, 1500, 0, 0, 0, 0, 0, 0, 0, 0, 0, 0, 0, 0, 0)"
2025/07/05/17:48:08.354698,9492,1751712488,361339008,,"(1500, 0, 1500, 0, 0, 0, 0, 0, 0, 0, 0, 0, 0, 0, 0, 0)"
2025/07/05/17:48:08.574677,9493,1751712488,580891008,,"(1500, 0, 1500, 0, 0, 0, 0, 0, 0, 0, 0, 0, 0, 0, 0, 0)"
2025/07/05/17:48:08.654581,9494,1751712488,661357008,,"(1500, 0, 1500, 0, 0, 0, 0, 0, 0, 0, 0, 0, 0, 0, 0, 0)"
2025/07/05/17:48:08.754049,9495,1751712488,761026008,,"(1500, 0, 1500, 0, 0, 0, 0, 0, 0, 0, 0, 0, 0, 0, 0, 0)"
2025/07/05/17:48:08.834231,9496,1751712488,841114008,,"(1500, 0, 1500, 0, 0, 0, 0, 0, 0, 0, 0, 0, 0, 0, 0, 0)"
2025/07/05/17:48:08.955039,9497,1751712488,960565008,,"(1500, 0, 1500, 0, 0, 0, 0, 0, 0, 0, 0, 0, 0, 0, 0, 0)"
2025/07/05/17:48:09.034368,9498,1751712489,41194008,,"(1500, 0, 1500, 0, 0, 0, 0, 0, 0, 0, 0, 0, 0, 0, 0, 0)"
2025/07/05/17:48:09.134453,9499,1751712489,141225008,,"(1500, 0, 1500, 0, 0, 0, 0, 0, 0, 0, 0, 0, 0, 0, 0, 0)"
2025/07/05/17:48:09.233831,9500,1751712489,241208008,,"(1500, 0, 1500, 0, 0, 0, 0, 0, 0, 0, 0, 0, 0, 0, 0, 0)"
2025/07/05/17:48:09.334383,9501,1751712489,341159008,,"(1500, 0, 1500, 0, 0, 0, 0, 0, 0, 0, 0, 0, 0, 0, 0, 0)"
2025/07/05/17:48:09.495889,9502,1751712489,502422008,,"(1500, 0, 1500, 0, 0, 0, 0, 0, 0, 0, 0, 0, 0, 0, 0, 0)"
2025/07/05/17:48:09.596076,9503,1751712489,602677008,,"(1500, 0, 1500, 0, 0, 0, 0, 0, 0, 0, 0, 0, 0, 0, 0, 0)"
2025/07/05/17:48:09.675454,9504,1751712489,681655008,,"(1500, 0, 1500, 0, 0, 0, 0, 0, 0, 0, 0, 0, 0, 0, 0, 0)"
2025/07/05/17:48:09.776225,9505,1751712489,781398008,,"(1500, 0, 1500, 0, 0, 0, 0, 0, 0, 0, 0, 0, 0, 0, 0, 0)"
2025/07/05/17:48:09.855472,9506,1751712489,861019008,,"(1500, 0, 1500, 0, 0, 0, 0, 0, 0, 0, 0, 0, 0, 0, 0, 0)"
2025/07/05/17:48:09.954982,9507,1751712489,961261008,,"(1500, 0, 1500, 0, 0, 0, 0, 0, 0, 0, 0, 0, 0, 0, 0, 0)"
2025/07/05/17:48:10.075134,9508,1751712490,80916008,,"(1500, 0, 1500, 0, 0, 0, 0, 0, 0, 0, 0, 0, 0, 0, 0, 0)"
2025/07/05/17:48:10.154267,9509,1751712490,161263008,,"(1500, 0, 1500, 0, 0, 0, 0, 0, 0, 0, 0, 0, 0, 0, 0, 0)"
2025/07/05/17:48:10.254232,9510,1751712490,261326008,,"(1500, 0, 1500, 0, 0, 0, 0, 0, 0, 0, 0, 0, 0, 0, 0, 0)"
2025/07/05/17:48:10.354992,9511,1751712490,361364008,,"(1500, 0, 1500, 0, 0, 0, 0, 0, 0, 0, 0, 0, 0, 0, 0, 0)"
2025/07/05/17:48:10.515147,9512,1751712490,522138008,,"(1500, 0, 1500, 0, 0, 0, 0, 0, 0, 0, 0, 0, 0, 0, 0, 0)"
2025/07/05/17:48:10.617630,9513,1751712490,624656008,,"(1500, 0, 1500, 0, 0, 0, 0, 0, 0, 0, 0, 0, 0, 0, 0, 0)"
2025/07/05/17:48:10.714232,9514,1751712490,722061008,,"(1500, 0, 1500, 0, 0, 0, 0, 0, 0, 0, 0, 0, 0, 0, 0, 0)"
2025/07/05/17:48:10.817352,9515,1751712490,824627008,,"(1500, 0, 1500, 0, 0, 0, 0, 0, 0, 0, 0, 0, 0, 0, 0, 0)"
2025/07/05/17:48:10.915237,9516,1751712490,921948008,,"(1500, 0, 1500, 0, 0, 0, 0, 0, 0, 0, 0, 0, 0, 0, 0, 0)"
2025/07/05/17:48:11.017811,9517,1751712491,24678008,,"(1500, 0, 1500, 0, 0, 0, 0, 0, 0, 0, 0, 0, 0, 0, 0, 0)"
2025/07/05/17:48:11.094811,9518,1751712491,101983008,,"(1500, 0, 1500, 0, 0, 0, 0, 0, 0, 0, 0, 0, 0, 0, 0, 0)"
2025/07/05/17:48:11.196076,9519,1751712491,202722008,,"(1500, 0, 1500, 0, 0, 0, 0, 0, 0, 0, 0, 0, 0, 0, 0, 0)"
2025/07/05/17:48:11.279278,9520,1751712491,281338008,,"(1500, 0, 1500, 0, 0, 0, 0, 0, 0, 0, 0, 0, 0, 0, 0, 0)"
2025/07/05/17:48:11.356585,9521,1751712491,361368008,,"(1500, 0, 1500, 0, 0, 0, 0, 0, 0, 0, 0, 0, 0, 0, 0, 0)"
2025/07/05/17:48:11.575835,9522,1751712491,581124008,,"(1500, 0, 1500, 0, 0, 0, 0, 0, 0, 0, 0, 0, 0, 0, 0, 0)"
2025/07/05/17:48:11.633968,9523,1751712491,641014008,,"(1500, 0, 1500, 0, 0, 0, 0, 0, 0, 0, 0, 0, 0, 0, 0, 0)"
2025/07/05/17:48:11.734110,9524,1751712491,741020008,,"(1500, 0, 1500, 0, 0, 0, 0, 0, 0, 0, 0, 0, 0, 0, 0, 0)"
2025/07/05/17:48:11.817701,9525,1751712491,824623008,,"(1500, 0, 1500, 0, 0, 0, 0, 0, 0, 0, 0, 0, 0, 0, 0, 0)"
2025/07/05/17:48:11.916715,9526,1751712491,922166008,,"(1500, 0, 1500, 0, 0, 0, 0, 0, 0, 0, 0, 0, 0, 0, 0, 0)"
2025/07/05/17:48:12.018752,9527,1751712492,24746008,,"(1500, 0, 1500, 0, 0, 0, 0, 0, 0, 0, 0, 0, 0, 0, 0, 0)"
2025/07/05/17:48:12.095030,9528,1751712492,102222008,,"(1500, 0, 1500, 0, 0, 0, 0, 0, 0, 0, 0, 0, 0, 0, 0, 0)"
2025/07/05/17:48:12.196127,9529,1751712492,202711008,,"(1500, 0, 1500, 0, 0, 0, 0, 0, 0, 0, 0, 0, 0, 0, 0, 0)"
2025/07/05/17:48:12.294599,9530,1751712492,301682008,,"(1500, 0, 1500, 0, 0, 0, 0, 0, 0, 0, 0, 0, 0, 0, 0, 0)"
2025/07/05/17:48:12.374878,9531,1751712492,381371008,,"(1500, 0, 1500, 0, 0, 0, 0, 0, 0, 0, 0, 0, 0, 0, 0, 0)"
2025/07/05/17:48:12.534065,9532,1751712492,541129008,,"(1500, 0, 1500, 0, 0, 0, 0, 0, 0, 0, 0, 0, 0, 0, 0, 0)"
2025/07/05/17:48:12.635809,9533,1751712492,641215008,,"(1500, 0, 1500, 0, 0, 0, 0, 0, 0, 0, 0, 0, 0, 0, 0, 0)"
2025/07/05/17:48:12.714706,9534,1751712492,721935008,,"(1500, 0, 1500, 0, 0, 0, 0, 0, 0, 0, 0, 0, 0, 0, 0, 0)"
2025/07/05/17:48:12.817888,9535,1751712492,824626008,,"(1500, 0, 1500, 0, 0, 0, 0, 0, 0, 0, 0, 0, 0, 0, 0, 0)"
2025/07/05/17:48:12.895130,9536,1751712492,902444008,,"(1500, 0, 1500, 0, 0, 0, 0, 0, 0, 0, 0, 0, 0, 0, 0, 0)"
2025/07/05/17:48:13.017564,9537,1751712493,24638008,,"(1500, 0, 1500, 0, 0, 0, 0, 0, 0, 0, 0, 0, 0, 0, 0, 0)"
2025/07/05/17:48:13.095606,9538,1751712493,102005008,,"(1500, 0, 1500, 0, 0, 0, 0, 0, 0, 0, 0, 0, 0, 0, 0, 0)"
2025/07/05/17:48:13.175599,9539,1751712493,181344008,,"(1500, 0, 1500, 0, 0, 0, 0, 0, 0, 0, 0, 0, 0, 0, 0, 0)"
2025/07/05/17:48:13.254514,9540,1751712493,261283008,,"(1500, 0, 1500, 0, 0, 0, 0, 0, 0, 0, 0, 0, 0, 0, 0, 0)"
2025/07/05/17:48:13.395671,9541,1751712493,401972008,,"(1500, 0, 1500, 0, 0, 0, 0, 0, 0, 0, 0, 0, 0, 0, 0, 0)"
2025/07/05/17:48:13.554073,9542,1751712493,561314008,,"(1500, 0, 1500, 0, 0, 0, 0, 0, 0, 0, 0, 0, 0, 0, 0, 0)"
2025/07/05/17:48:13.674196,9543,1751712493,681372008,,"(1500, 0, 1500, 0, 0, 0, 0, 0, 0, 0, 0, 0, 0, 0, 0, 0)"
2025/07/05/17:48:13.754189,9544,1751712493,761018008,,"(1500, 0, 1500, 0, 0, 0, 0, 0, 0, 0, 0, 0, 0, 0, 0, 0)"
2025/07/05/17:48:13.853868,9545,1751712493,861125008,,"(1500, 0, 1500, 0, 0, 0, 0, 0, 0, 0, 0, 0, 0, 0, 0, 0)"
2025/07/05/17:48:13.973988,9546,1751712493,980747008,,"(1500, 0, 1500, 0, 0, 0, 0, 0, 0, 0, 0, 0, 0, 0, 0, 0)"
2025/07/05/17:48:14.054316,9547,1751712494,61125008,,"(1500, 0, 1500, 0, 0, 0, 0, 0, 0, 0, 0, 0, 0, 0, 0, 0)"
2025/07/05/17:48:14.154436,9548,1751712494,161187008,,"(1500, 0, 1500, 0, 0, 0, 0, 0, 0, 0, 0, 0, 0, 0, 0, 0)"
2025/07/05/17:48:14.234129,9549,1751712494,241046008,,"(1500, 0, 1500, 0, 0, 0, 0, 0, 0, 0, 0, 0, 0, 0, 0, 0)"
2025/07/05/17:48:14.335051,9550,1751712494,341154008,,"(1500, 0, 1500, 0, 0, 0, 0, 0, 0, 0, 0, 0, 0, 0, 0, 0)"
2025/07/05/17:48:14.515083,9551,1751712494,521632008,,"(1500, 0, 1500, 0, 0, 0, 0, 0, 0, 0, 0, 0, 0, 0, 0, 0)"
2025/07/05/17:48:14.595983,9552,1751712494,602509008,,"(1500, 0, 1500, 0, 0, 0, 0, 0, 0, 0, 0, 0, 0, 0, 0, 0)"
2025/07/05/17:48:14.695436,9553,1751712494,701652008,,"(1500, 0, 1500, 0, 0, 0, 0, 0, 0, 0, 0, 0, 0, 0, 0, 0)"
2025/07/05/17:48:14.775170,9554,1751712494,781492008,,"(1500, 0, 1500, 0, 0, 0, 0, 0, 0, 0, 0, 0, 0, 0, 0, 0)"
2025/07/05/17:48:14.874108,9555,1751712494,881346008,,"(1500, 0, 1500, 0, 0, 0, 0, 0, 0, 0, 0, 0, 0, 0, 0, 0)"
2025/07/05/17:48:14.975052,9556,1751712494,981704008,,"(1500, 0, 1500, 0, 0, 0, 0, 0, 0, 0, 0, 0, 0, 0, 0, 0)"
2025/07/05/17:48:15.054210,9557,1751712495,61040008,,"(1500, 0, 1500, 0, 0, 0, 0, 0, 0, 0, 0, 0, 0, 0, 0, 0)"
2025/07/05/17:48:15.154086,9558,1751712495,161153008,,"(1500, 0, 1500, 0, 0, 0, 0, 0, 0, 0, 0, 0, 0, 0, 0, 0)"
2025/07/05/17:48:15.254300,9559,1751712495,261103008,,"(1500, 0, 1500, 0, 0, 0, 0, 0, 0, 0, 0, 0, 0, 0, 0, 0)"
2025/07/05/17:48:15.354260,9560,1751712495,361016008,,"(1500, 0, 1500, 0, 0, 0, 0, 0, 0, 0, 0, 0, 0, 0, 0, 0)"
2025/07/05/17:48:15.554009,9561,1751712495,560598008,,"(1500, 0, 1500, 0, 0, 0, 0, 0, 0, 0, 0, 0, 0, 0, 0, 0)"
2025/07/05/17:48:15.634223,9562,1751712495,641148008,,"(1500, 0, 1500, 0, 0, 0, 0, 0, 0, 0, 0, 0, 0, 0, 0, 0)"
2025/07/05/17:48:15.714701,9563,1751712495,721951008,,"(1500, 0, 1500, 0, 0, 0, 0, 0, 0, 0, 0, 0, 0, 0, 0, 0)"
2025/07/05/17:48:15.817635,9564,1751712495,824533008,,"(1500, 0, 1500, 0, 0, 0, 0, 0, 0, 0, 0, 0, 0, 0, 0, 0)"
2025/07/05/17:48:15.895415,9565,1751712495,902422008,,"(1500, 0, 1500, 0, 0, 0, 0, 0, 0, 0, 0, 0, 0, 0, 0, 0)"
2025/07/05/17:48:15.995902,9566,1751712496,2682008,,"(1500, 0, 1500, 0, 0, 0, 0, 0, 0, 0, 0, 0, 0, 0, 0, 0)"
2025/07/05/17:48:16.094826,9567,1751712496,101713008,,"(1500, 0, 1500, 0, 0, 0, 0, 0, 0, 0, 0, 0, 0, 0, 0, 0)"
2025/07/05/17:48:16.174294,9568,1751712496,181343008,,"(1500, 0, 1500, 0, 0, 0, 0, 0, 0, 0, 0, 0, 0, 0, 0, 0)"
2025/07/05/17:48:16.254235,9569,1751712496,261214008,,"(1500, 0, 1500, 0, 0, 0, 0, 0, 0, 0, 0, 0, 0, 0, 0, 0)"
2025/07/05/17:48:16.395856,9570,1751712496,402158008,,"(1500, 0, 1500, 0, 0, 0, 0, 0, 0, 0, 0, 0, 0, 0, 0, 0)"
2025/07/05/17:48:16.514899,9571,1751712496,521732008,,"(1500, 0, 1500, 0, 0, 0, 0, 0, 0, 0, 0, 0, 0, 0, 0, 0)"
2025/07/05/17:48:16.595724,9572,1751712496,602660008,,"(1500, 0, 1500, 0, 0, 0, 0, 0, 0, 0, 0, 0, 0, 0, 0, 0)"
2025/07/05/17:48:16.674932,9573,1751712496,681799008,,"(1500, 0, 1500, 0, 0, 0, 0, 0, 0, 0, 0, 0, 0, 0, 0, 0)"
2025/07/05/17:48:16.774296,9574,1751712496,781382008,,"(1500, 0, 1500, 0, 0, 0, 0, 0, 0, 0, 0, 0, 0, 0, 0, 0)"
2025/07/05/17:48:16.854280,9575,1751712496,861323008,,"(1500, 0, 1500, 0, 0, 0, 0, 0, 0, 0, 0, 0, 0, 0, 0, 0)"
2025/07/05/17:48:16.974467,9576,1751712496,981603008,,"(1500, 0, 1500, 0, 0, 0, 0, 0, 0, 0, 0, 0, 0, 0, 0, 0)"
2025/07/05/17:48:17.075214,9577,1751712497,81753008,,"(1500, 0, 1500, 0, 0, 0, 0, 0, 0, 0, 0, 0, 0, 0, 0, 0)"
2025/07/05/17:48:17.174626,9578,1751712497,181640008,,"(1500, 0, 1500, 0, 0, 0, 0, 0, 0, 0, 0, 0, 0, 0, 0, 0)"
2025/07/05/17:48:17.254039,9579,1751712497,260899008,,"(1500, 0, 1500, 0, 0, 0, 0, 0, 0, 0, 0, 0, 0, 0, 0, 0)"
2025/07/05/17:48:17.334230,9580,1751712497,340913008,,"(1500, 0, 1500, 0, 0, 0, 0, 0, 0, 0, 0, 0, 0, 0, 0, 0)"
2025/07/05/17:48:17.495661,9581,1751712497,502462008,,"(1500, 0, 1500, 0, 0, 0, 0, 0, 0, 0, 0, 0, 0, 0, 0, 0)"
2025/07/05/17:48:17.596077,9582,1751712497,602768008,,"(1500, 0, 1500, 0, 0, 0, 0, 0, 0, 0, 0, 0, 0, 0, 0, 0)"
2025/07/05/17:48:17.674591,9583,1751712497,681650008,,"(1500, 0, 1500, 0, 0, 0, 0, 0, 0, 0, 0, 0, 0, 0, 0, 0)"
2025/07/05/17:48:17.754093,9584,1751712497,761238008,,"(1500, 0, 1500, 0, 0, 0, 0, 0, 0, 0, 0, 0, 0, 0, 0, 0)"
2025/07/05/17:48:17.873769,9585,1751712497,880920008,,"(1500, 0, 1500, 0, 0, 0, 0, 0, 0, 0, 0, 0, 0, 0, 0, 0)"
2025/07/05/17:48:17.995720,9586,1751712498,2258008,,"(1500, 0, 1500, 0, 0, 0, 0, 0, 0, 0, 0, 0, 0, 0, 0, 0)"
2025/07/05/17:48:18.054100,9587,1751712498,61044008,,"(1500, 0, 1500, 0, 0, 0, 0, 0, 0, 0, 0, 0, 0, 0, 0, 0)"
2025/07/05/17:48:18.173619,9588,1751712498,180990008,,"(1500, 0, 1500, 0, 0, 0, 0, 0, 0, 0, 0, 0, 0, 0, 0, 0)"
2025/07/05/17:48:18.254130,9589,1751712498,261177008,,"(1500, 0, 1500, 0, 0, 0, 0, 0, 0, 0, 0, 0, 0, 0, 0, 0)"
2025/07/05/17:48:18.354224,9590,1751712498,361153008,,"(1500, 0, 1500, 0, 0, 0, 0, 0, 0, 0, 0, 0, 0, 0, 0, 0)"
2025/07/05/17:48:18.534066,9591,1751712498,541261008,,"(1500, 0, 1500, 0, 0, 0, 0, 0, 0, 0, 0, 0, 0, 0, 0, 0)"
2025/07/05/17:48:18.634558,9592,1751712498,641109008,,"(1500, 0, 1500, 0, 0, 0, 0, 0, 0, 0, 0, 0, 0, 0, 0, 0)"
2025/07/05/17:48:18.734178,9593,1751712498,741169008,,"(1500, 0, 1500, 0, 0, 0, 0, 0, 0, 0, 0, 0, 0, 0, 0, 0)"
2025/07/05/17:48:18.834131,9594,1751712498,841145008,,"(1500, 0, 1500, 0, 0, 0, 0, 0, 0, 0, 0, 0, 0, 0, 0, 0)"
2025/07/05/17:48:18.934128,9595,1751712498,941121008,,"(1500, 0, 1500, 0, 0, 0, 0, 0, 0, 0, 0, 0, 0, 0, 0, 0)"
2025/07/05/17:48:19.034199,9596,1751712499,41021008,,"(1500, 0, 1500, 0, 0, 0, 0, 0, 0, 0, 0, 0, 0, 0, 0, 0)"
2025/07/05/17:48:19.135088,9597,1751712499,141556008,,"(1500, 0, 1500, 0, 0, 0, 0, 0, 0, 0, 0, 0, 0, 0, 0, 0)"
2025/07/05/17:48:19.234064,9598,1751712499,241112008,,"(1500, 0, 1500, 0, 0, 0, 0, 0, 0, 0, 0, 0, 0, 0, 0, 0)"
2025/07/05/17:48:19.334315,9599,1751712499,341359008,,"(1500, 0, 1500, 0, 0, 0, 0, 0, 0, 0, 0, 0, 0, 0, 0, 0)"
2025/07/05/17:48:19.454197,9600,1751712499,461091008,,"(1500, 0, 1500, 0, 0, 0, 0, 0, 0, 0, 0, 0, 0, 0, 0, 0)"
2025/07/05/17:48:19.595950,9601,1751712499,602700008,,"(1500, 0, 1500, 0, 0, 0, 0, 0, 0, 0, 0, 0, 0, 0, 0, 0)"
2025/07/05/17:48:19.674390,9602,1751712499,681512008,,"(1500, 0, 1500, 0, 0, 0, 0, 0, 0, 0, 0, 0, 0, 0, 0, 0)"
2025/07/05/17:48:19.774050,9603,1751712499,781541008,,"(1500, 0, 1500, 0, 0, 0, 0, 0, 0, 0, 0, 0, 0, 0, 0, 0)"
2025/07/05/17:48:19.854061,9604,1751712499,861155008,,"(1500, 0, 1500, 0, 0, 0, 0, 0, 0, 0, 0, 0, 0, 0, 0, 0)"
2025/07/05/17:48:19.995475,9605,1751712500,2220008,,"(1500, 0, 1500, 0, 0, 0, 0, 0, 0, 0, 0, 0, 0, 0, 0, 0)"
2025/07/05/17:48:20.054192,9606,1751712500,61140008,,"(1500, 0, 1500, 0, 0, 0, 0, 0, 0, 0, 0, 0, 0, 0, 0, 0)"
2025/07/05/17:48:20.154222,9607,1751712500,161324008,,"(1500, 0, 1500, 0, 0, 0, 0, 0, 0, 0, 0, 0, 0, 0, 0, 0)"
2025/07/05/17:48:20.273689,9608,1751712500,281123008,,"(1500, 0, 1500, 0, 0, 0, 0, 0, 0, 0, 0, 0, 0, 0, 0, 0)"
2025/07/05/17:48:20.354090,9609,1751712500,361137008,,"(1500, 0, 1500, 0, 0, 0, 0, 0, 0, 0, 0, 0, 0, 0, 0, 0)"
2025/07/05/17:48:20.554146,9610,1751712500,561318008,,"(1500, 0, 1500, 0, 0, 0, 0, 0, 0, 0, 0, 0, 0, 0, 0, 0)"
2025/07/05/17:48:20.633873,9611,1751712500,641035008,,"(1500, 0, 1500, 0, 0, 0, 0, 0, 0, 0, 0, 0, 0, 0, 0, 0)"
2025/07/05/17:48:20.734108,9612,1751712500,741196008,,"(1500, 0, 1500, 0, 0, 0, 0, 0, 0, 0, 0, 0, 0, 0, 0, 0)"
2025/07/05/17:48:20.834062,9613,1751712500,841128008,,"(1500, 0, 1500, 0, 0, 0, 0, 0, 0, 0, 0, 0, 0, 0, 0, 0)"
2025/07/05/17:48:20.935155,9614,1751712500,941464008,,"(1500, 0, 1500, 0, 0, 0, 0, 0, 0, 0, 0, 0, 0, 0, 0, 0)"
2025/07/05/17:48:21.034683,9615,1751712501,41230008,,"(1500, 0, 1500, 0, 0, 0, 0, 0, 0, 0, 0, 0, 0, 0, 0, 0)"
2025/07/05/17:48:21.134069,9616,1751712501,141339008,,"(1500, 0, 1500, 0, 0, 0, 0, 0, 0, 0, 0, 0, 0, 0, 0, 0)"
2025/07/05/17:48:21.233897,9617,1751712501,240901008,,"(1500, 0, 1500, 0, 0, 0, 0, 0, 0, 0, 0, 0, 0, 0, 0, 0)"
2025/07/05/17:48:21.334146,9618,1751712501,341038008,,"(1500, 0, 1500, 0, 0, 0, 0, 0, 0, 0, 0, 0, 0, 0, 0, 0)"
2025/07/05/17:48:21.514667,9619,1751712501,521980008,,"(1500, 0, 1500, 0, 0, 0, 0, 0, 0, 0, 0, 0, 0, 0, 0, 0)"
2025/07/05/17:48:21.617777,9620,1751712501,624595008,,"(1500, 0, 1500, 0, 0, 0, 0, 0, 0, 0, 0, 0, 0, 0, 0, 0)"
2025/07/05/17:48:21.695112,9621,1751712501,702454008,,"(1500, 0, 1500, 0, 0, 0, 0, 0, 0, 0, 0, 0, 0, 0, 0, 0)"
2025/07/05/17:48:21.796007,9622,1751712501,802719008,,"(1500, 0, 1500, 0, 0, 0, 0, 0, 0, 0, 0, 0, 0, 0, 0, 0)"
2025/07/05/17:48:21.894737,9623,1751712501,902263008,,"(1500, 0, 1500, 0, 0, 0, 0, 0, 0, 0, 0, 0, 0, 0, 0, 0)"
2025/07/05/17:48:21.995800,9624,1751712502,2645008,,"(1500, 0, 1500, 0, 0, 0, 0, 0, 0, 0, 0, 0, 0, 0, 0, 0)"
2025/07/05/17:48:22.074239,9625,1751712502,81228008,,"(1500, 0, 1500, 0, 0, 0, 0, 0, 0, 0, 0, 0, 0, 0, 0, 0)"
2025/07/05/17:48:22.153824,9626,1751712502,160751008,,"(1500, 0, 1500, 0, 0, 0, 0, 0, 0, 0, 0, 0, 0, 0, 0, 0)"
2025/07/05/17:48:22.233940,9627,1751712502,241378008,,"(1500, 0, 1500, 0, 0, 0, 0, 0, 0, 0, 0, 0, 0, 0, 0, 0)"
2025/07/05/17:48:22.333603,9628,1751712502,341118008,,"(1500, 0, 1500, 0, 0, 0, 0, 0, 0, 0, 0, 0, 0, 0, 0, 0)"
2025/07/05/17:48:22.514719,9629,1751712502,521954008,,"(1500, 0, 1500, 0, 0, 0, 0, 0, 0, 0, 0, 0, 0, 0, 0, 0)"
2025/07/05/17:48:22.617610,9630,1751712502,624636008,,"(1500, 0, 1500, 0, 0, 0, 0, 0, 0, 0, 0, 0, 0, 0, 0, 0)"
2025/07/05/17:48:22.733607,9631,1751712502,740490008,,"(1500, 0, 1500, 0, 0, 0, 0, 0, 0, 0, 0, 0, 0, 0, 0, 0)"
2025/07/05/17:48:22.817447,9632,1751712502,824587008,,"(1500, 0, 1500, 0, 0, 0, 0, 0, 0, 0, 0, 0, 0, 0, 0, 0)"
2025/07/05/17:48:22.914787,9633,1751712502,921945008,,"(1500, 0, 1500, 0, 0, 0, 0, 0, 0, 0, 0, 0, 0, 0, 0, 0)"
2025/07/05/17:48:22.996002,9634,1751712503,2564008,,"(1500, 0, 1500, 0, 0, 0, 0, 0, 0, 0, 0, 0, 0, 0, 0, 0)"
2025/07/05/17:48:23.074269,9635,1751712503,81521008,,"(1500, 0, 1500, 0, 0, 0, 0, 0, 0, 0, 0, 0, 0, 0, 0, 0)"
2025/07/05/17:48:23.195482,9636,1751712503,202226008,,"(1500, 0, 1500, 0, 0, 0, 0, 0, 0, 0, 0, 0, 0, 0, 0, 0)"
2025/07/05/17:48:23.254175,9637,1751712503,261230008,,"(1500, 0, 1500, 0, 0, 0, 0, 0, 0, 0, 0, 0, 0, 0, 0, 0)"
2025/07/05/17:48:23.333843,9638,1751712503,341305008,,"(1500, 0, 1500, 0, 0, 0, 0, 0, 0, 0, 0, 0, 0, 0, 0, 0)"
2025/07/05/17:48:23.514770,9639,1751712503,521960008,,"(1500, 0, 1500, 0, 0, 0, 0, 0, 0, 0, 0, 0, 0, 0, 0, 0)"
2025/07/05/17:48:23.617637,9640,1751712503,624541008,,"(1500, 0, 1500, 0, 0, 0, 0, 0, 0, 0, 0, 0, 0, 0, 0, 0)"
2025/07/05/17:48:23.694781,9641,1751712503,702213008,,"(1500, 0, 1500, 0, 0, 0, 0, 0, 0, 0, 0, 0, 0, 0, 0, 0)"
2025/07/05/17:48:23.795609,9642,1751712503,802620008,,"(1500, 0, 1500, 0, 0, 0, 0, 0, 0, 0, 0, 0, 0, 0, 0, 0)"
2025/07/05/17:48:23.874249,9643,1751712503,881597008,,"(1500, 0, 1500, 0, 0, 0, 0, 0, 0, 0, 0, 0, 0, 0, 0, 0)"
2025/07/05/17:48:23.995828,9644,1751712504,2722008,,"(1500, 0, 1500, 0, 0, 0, 0, 0, 0, 0, 0, 0, 0, 0, 0, 0)"
2025/07/05/17:48:24.074189,9645,1751712504,81390008,,"(1500, 0, 1500, 0, 0, 0, 0, 0, 0, 0, 0, 0, 0, 0, 0, 0)"
2025/07/05/17:48:24.173639,9646,1751712504,180698008,,"(1500, 0, 1500, 0, 0, 0, 0, 0, 0, 0, 0, 0, 0, 0, 0, 0)"
2025/07/05/17:48:24.233832,9647,1751712504,241376008,,"(1500, 0, 1500, 0, 0, 0, 0, 0, 0, 0, 0, 0, 0, 0, 0, 0)"
2025/07/05/17:48:24.334106,9648,1751712504,341414008,,"(1500, 0, 1500, 0, 0, 0, 0, 0, 0, 0, 0, 0, 0, 0, 0, 0)"
2025/07/05/17:48:24.495020,9649,1751712504,502405008,,"(1500, 0, 1500, 0, 0, 0, 0, 0, 0, 0, 0, 0, 0, 0, 0, 0)"
2025/07/05/17:48:24.634203,9650,1751712504,640913008,,"(1500, 0, 1500, 0, 0, 0, 0, 0, 0, 0, 0, 0, 0, 0, 0, 0)"
2025/07/05/17:48:24.734066,9651,1751712504,740994008,,"(1500, 0, 1500, 0, 0, 0, 0, 0, 0, 0, 0, 0, 0, 0, 0, 0)"
2025/07/05/17:48:24.833821,9652,1751712504,841105008,,"(1500, 0, 1500, 0, 0, 0, 0, 0, 0, 0, 0, 0, 0, 0, 0, 0)"
2025/07/05/17:48:24.933761,9653,1751712504,941286008,,"(1500, 0, 1500, 0, 0, 0, 0, 0, 0, 0, 0, 0, 0, 0, 0, 0)"
2025/07/05/17:48:25.033751,9654,1751712505,41165008,,"(1500, 0, 1500, 0, 0, 0, 0, 0, 0, 0, 0, 0, 0, 0, 0, 0)"
2025/07/05/17:48:25.133681,9655,1751712505,141234008,,"(1500, 0, 1500, 0, 0, 0, 0, 0, 0, 0, 0, 0, 0, 0, 0, 0)"
2025/07/05/17:48:25.233609,9656,1751712505,241042008,,"(1500, 0, 1500, 0, 0, 0, 0, 0, 0, 0, 0, 0, 0, 0, 0, 0)"
2025/07/05/17:48:25.353721,9657,1751712505,360665008,,"(1500, 0, 1500, 0, 0, 0, 0, 0, 0, 0, 0, 0, 0, 0, 0, 0)"
2025/07/05/17:48:25.454139,9658,1751712505,461139008,,"(1500, 0, 1500, 0, 0, 0, 0, 0, 0, 0, 0, 0, 0, 0, 0, 0)"
2025/07/05/17:48:25.595122,9659,1751712505,602263008,,"(1500, 0, 1500, 0, 0, 0, 0, 0, 0, 0, 0, 0, 0, 0, 0, 0)"
2025/07/05/17:48:25.674052,9660,1751712505,681383008,,"(1500, 0, 1500, 0, 0, 0, 0, 0, 0, 0, 0, 0, 0, 0, 0, 0)"
2025/07/05/17:48:25.774140,9661,1751712505,781371008,,"(1500, 0, 1500, 0, 0, 0, 0, 0, 0, 0, 0, 0, 0, 0, 0, 0)"
2025/07/05/17:48:25.853604,9662,1751712505,861112008,,"(1500, 0, 1500, 0, 0, 0, 0, 0, 0, 0, 0, 0, 0, 0, 0, 0)"
2025/07/05/17:48:25.974243,9663,1751712505,981668008,,"(1500, 0, 1500, 0, 0, 0, 0, 0, 0, 0, 0, 0, 0, 0, 0, 0)"
2025/07/05/17:48:26.053781,9664,1751712506,61233008,,"(1500, 0, 1500, 0, 0, 0, 0, 0, 0, 0, 0, 0, 0, 0, 0, 0)"
2025/07/05/17:48:26.153644,9665,1751712506,161045008,,"(1500, 0, 1500, 0, 0, 0, 0, 0, 0, 0, 0, 0, 0, 0, 0, 0)"
2025/07/05/17:48:26.233671,9666,1751712506,241004008,,"(1500, 0, 1500, 0, 0, 0, 0, 0, 0, 0, 0, 0, 0, 0, 0, 0)"
2025/07/05/17:48:26.333601,9667,1751712506,341137008,,"(1500, 0, 1500, 0, 0, 0, 0, 0, 0, 0, 0, 0, 0, 0, 0, 0)"
2025/07/05/17:48:26.473991,9668,1751712506,481608008,,"(1500, 0, 1500, 0, 0, 0, 0, 0, 0, 0, 0, 0, 0, 0, 0, 0)"
2025/07/05/17:48:26.595492,9669,1751712506,601955008,,"(1500, 0, 1500, 0, 0, 0, 0, 0, 0, 0, 0, 0, 0, 0, 0, 0)"
2025/07/05/17:48:26.674655,9670,1751712506,681992008,,"(1500, 0, 1500, 0, 0, 0, 0, 0, 0, 0, 0, 0, 0, 0, 0, 0)"
2025/07/05/17:48:26.753772,9671,1751712506,761244008,,"(1500, 0, 1500, 0, 0, 0, 0, 0, 0, 0, 0, 0, 0, 0, 0, 0)"
2025/07/05/17:48:26.854092,9672,1751712506,861192008,,"(1500, 0, 1500, 0, 0, 0, 0, 0, 0, 0, 0, 0, 0, 0, 0, 0)"
2025/07/05/17:48:26.933717,9673,1751712506,941322008,,"(1500, 0, 1500, 0, 0, 0, 0, 0, 0, 0, 0, 0, 0, 0, 0, 0)"
2025/07/05/17:48:27.037097,9674,1751712507,44248008,,"(1500, 0, 1500, 0, 0, 0, 0, 0, 0, 0, 0, 0, 0, 0, 0, 0)"
2025/07/05/17:48:27.133562,9675,1751712507,140467008,,"(1500, 0, 1500, 0, 0, 0, 0, 0, 0, 0, 0, 0, 0, 0, 0, 0)"
2025/07/05/17:48:27.215121,9676,1751712507,222419008,,"(1500, 0, 1500, 0, 0, 0, 0, 0, 0, 0, 0, 0, 0, 0, 0, 0)"
2025/07/05/17:48:27.294578,9677,1751712507,302449008,,"(1500, 0, 1500, 0, 0, 0, 0, 0, 0, 0, 0, 0, 0, 0, 0, 0)"
2025/07/05/17:48:27.436768,9678,1751712507,444343008,,"(1500, 0, 1500, 0, 0, 0, 0, 0, 0, 0, 0, 0, 0, 0, 0, 0)"
2025/07/05/17:48:27.574157,9679,1751712507,581429008,,"(1500, 0, 1500, 0, 0, 0, 0, 0, 0, 0, 0, 0, 0, 0, 0, 0)"
2025/07/05/17:48:27.653608,9680,1751712507,661144008,,"(1500, 0, 1500, 0, 0, 0, 0, 0, 0, 0, 0, 0, 0, 0, 0, 0)"
2025/07/05/17:48:27.773526,9681,1751712507,780917008,,"(1500, 0, 1500, 0, 0, 0, 0, 0, 0, 0, 0, 0, 0, 0, 0, 0)"
2025/07/05/17:48:27.854079,9682,1751712507,861389008,,"(1500, 0, 1500, 0, 0, 0, 0, 0, 0, 0, 0, 0, 0, 0, 0, 0)"
2025/07/05/17:48:27.994025,9683,1751712508,1770008,,"(1500, 0, 1500, 0, 0, 0, 0, 0, 0, 0, 0, 0, 0, 0, 0, 0)"
2025/07/05/17:48:28.074265,9684,1751712508,81680008,,"(1500, 0, 1500, 0, 0, 0, 0, 0, 0, 0, 0, 0, 0, 0, 0, 0)"
2025/07/05/17:48:28.195429,9685,1751712508,202437008,,"(1500, 0, 1500, 0, 0, 0, 0, 0, 0, 0, 0, 0, 0, 0, 0, 0)"
2025/07/05/17:48:28.254461,9686,1751712508,261119008,,"(1500, 0, 1500, 0, 0, 0, 0, 0, 0, 0, 0, 0, 0, 0, 0, 0)"
2025/07/05/17:48:28.395170,9687,1751712508,401940008,,"(1500, 0, 1500, 0, 0, 0, 0, 0, 0, 0, 0, 0, 0, 0, 0, 0)"
2025/07/05/17:48:28.534042,9688,1751712508,541005008,,"(1500, 0, 1500, 0, 0, 0, 0, 0, 0, 0, 0, 0, 0, 0, 0, 0)"
2025/07/05/17:48:28.617813,9689,1751712508,624685008,,"(1500, 0, 1500, 0, 0, 0, 0, 0, 0, 0, 0, 0, 0, 0, 0, 0)"
2025/07/05/17:48:28.733329,9690,1751712508,740641008,,"(1500, 0, 1500, 0, 0, 0, 0, 0, 0, 0, 0, 0, 0, 0, 0, 0)"
2025/07/05/17:48:28.836503,9691,1751712508,844214008,,"(1500, 0, 1500, 0, 0, 0, 0, 0, 0, 0, 0, 0, 0, 0, 0, 0)"
2025/07/05/17:48:28.975119,9692,1751712508,980756008,,"(1500, 0, 1500, 0, 0, 0, 0, 0, 0, 0, 0, 0, 0, 0, 0, 0)"
2025/07/05/17:48:29.053957,9693,1751712509,61339008,,"(1500, 0, 1500, 0, 0, 0, 0, 0, 0, 0, 0, 0, 0, 0, 0, 0)"
2025/07/05/17:48:29.153834,9694,1751712509,161114008,,"(1500, 0, 1500, 0, 0, 0, 0, 0, 0, 0, 0, 0, 0, 0, 0, 0)"
2025/07/05/17:48:29.274889,9695,1751712509,281123008,,"(1500, 0, 1500, 0, 0, 0, 0, 0, 0, 0, 0, 0, 0, 0, 0, 0)"
2025/07/05/17:48:29.354184,9696,1751712509,361527008,,"(1500, 0, 1500, 0, 0, 0, 0, 0, 0, 0, 0, 0, 0, 0, 0, 0)"
2025/07/05/17:48:29.554047,9697,1751712509,561331008,,"(1500, 0, 1500, 0, 0, 0, 0, 0, 0, 0, 0, 0, 0, 0, 0, 0)"
2025/07/05/17:48:29.635834,9698,1751712509,643955008,,"(1500, 0, 1500, 0, 0, 0, 0, 0, 0, 0, 0, 0, 0, 0, 0, 0)"
2025/07/05/17:48:29.733497,9699,1751712509,741327008,,"(1500, 0, 1500, 0, 0, 0, 0, 0, 0, 0, 0, 0, 0, 0, 0, 0)"
2025/07/05/17:48:29.836966,9700,1751712509,843945008,,"(1500, 0, 1500, 0, 0, 0, 0, 0, 0, 0, 0, 0, 0, 0, 0, 0)"
2025/07/05/17:48:29.934709,9701,1751712509,940795008,,"(1500, 0, 1500, 0, 0, 0, 0, 0, 0, 0, 0, 0, 0, 0, 0, 0)"
2025/07/05/17:48:30.014261,9702,1751712510,22252008,,"(1500, 0, 1500, 0, 0, 0, 0, 0, 0, 0, 0, 0, 0, 0, 0, 0)"
2025/07/05/17:48:30.095342,9703,1751712510,101933008,,"(1500, 0, 1500, 0, 0, 0, 0, 0, 0, 0, 0, 0, 0, 0, 0, 0)"
2025/07/05/17:48:30.173945,9704,1751712510,181368008,,"(1500, 0, 1500, 0, 0, 0, 0, 0, 0, 0, 0, 0, 0, 0, 0, 0)"
2025/07/05/17:48:30.254827,9705,1751712510,260996008,,"(1500, 0, 1500, 0, 0, 0, 0, 0, 0, 0, 0, 0, 0, 0, 0, 0)"
2025/07/05/17:48:30.353557,9706,1751712510,361106008,,"(1500, 0, 1500, 0, 0, 0, 0, 0, 0, 0, 0, 0, 0, 0, 0, 0)"
2025/07/05/17:48:30.533776,9707,1751712510,541096008,,"(1500, 0, 1500, 0, 0, 0, 0, 0, 0, 0, 0, 0, 0, 0, 0, 0)"
2025/07/05/17:48:30.635871,9708,1751712510,644192008,,"(1500, 0, 1500, 0, 0, 0, 0, 0, 0, 0, 0, 0, 0, 0, 0, 0)"
2025/07/05/17:48:30.715070,9709,1751712510,721911008,,"(1500, 0, 1500, 0, 0, 0, 0, 0, 0, 0, 0, 0, 0, 0, 0, 0)"
2025/07/05/17:48:30.817492,9710,1751712510,824683008,,"(1500, 0, 1500, 0, 0, 0, 0, 0, 0, 0, 0, 0, 0, 0, 0, 0)"
2025/07/05/17:48:30.895259,9711,1751712510,902397008,,"(1500, 0, 1500, 0, 0, 0, 0, 0, 0, 0, 0, 0, 0, 0, 0, 0)"
2025/07/05/17:48:30.995679,9712,1751712511,2594008,,"(1500, 0, 1500, 0, 0, 0, 0, 0, 0, 0, 0, 0, 0, 0, 0, 0)"
2025/07/05/17:48:31.094542,9713,1751712511,101621008,,"(1500, 0, 1500, 0, 0, 0, 0, 0, 0, 0, 0, 0, 0, 0, 0, 0)"
2025/07/05/17:48:31.174156,9714,1751712511,181409008,,"(1500, 0, 1500, 0, 0, 0, 0, 0, 0, 0, 0, 0, 0, 0, 0, 0)"
2025/07/05/17:48:31.254483,9715,1751712511,261517008,,"(1500, 0, 1500, 0, 0, 0, 0, 0, 0, 0, 0, 0, 0, 0, 0, 0)"
2025/07/05/17:48:31.395533,9716,1751712511,402462008,,"(1500, 0, 1500, 0, 0, 0, 0, 0, 0, 0, 0, 0, 0, 0, 0, 0)"
2025/07/05/17:48:31.553702,9717,1751712511,560992008,,"(1500, 0, 1500, 0, 0, 0, 0, 0, 0, 0, 0, 0, 0, 0, 0, 0)"
2025/07/05/17:48:31.675516,9718,1751712511,681579008,,"(1500, 0, 1500, 0, 0, 0, 0, 0, 0, 0, 0, 0, 0, 0, 0, 0)"
2025/07/05/17:48:31.753616,9719,1751712511,761021008,,"(1500, 0, 1500, 0, 0, 0, 0, 0, 0, 0, 0, 0, 0, 0, 0, 0)"
2025/07/05/17:48:31.853546,9720,1751712511,861127008,,"(1500, 0, 1500, 0, 0, 0, 0, 0, 0, 0, 0, 0, 0, 0, 0, 0)"
2025/07/05/17:48:31.995002,9721,1751712512,2189008,,"(1500, 0, 1500, 0, 0, 0, 0, 0, 0, 0, 0, 0, 0, 0, 0, 0)"
2025/07/05/17:48:32.054446,9722,1751712512,61029008,,"(1500, 0, 1500, 0, 0, 0, 0, 0, 0, 0, 0, 0, 0, 0, 0, 0)"
2025/07/05/17:48:32.154074,9723,1751712512,161092008,,"(1500, 0, 1500, 0, 0, 0, 0, 0, 0, 0, 0, 0, 0, 0, 0, 0)"
2025/07/05/17:48:32.233204,9724,1751712512,241009008,,"(1500, 0, 1500, 0, 0, 0, 0, 0, 0, 0, 0, 0, 0, 0, 0, 0)"
2025/07/05/17:48:32.333375,9725,1751712512,341318008,,"(1500, 0, 1500, 0, 0, 0, 0, 0, 0, 0, 0, 0, 0, 0, 0, 0)"
2025/07/05/17:48:32.514369,9726,1751712512,521991008,,"(1500, 0, 1500, 0, 0, 0, 0, 0, 0, 0, 0, 0, 0, 0, 0, 0)"
2025/07/05/17:48:32.617305,9727,1751712512,624580008,,"(1500, 0, 1500, 0, 0, 0, 0, 0, 0, 0, 0, 0, 0, 0, 0, 0)"
2025/07/05/17:48:32.695374,9728,1751712512,702247008,,"(1500, 0, 1500, 0, 0, 0, 0, 0, 0, 0, 0, 0, 0, 0, 0, 0)"
2025/07/05/17:48:32.795475,9729,1751712512,802736008,,"(1500, 0, 1500, 0, 0, 0, 0, 0, 0, 0, 0, 0, 0, 0, 0, 0)"
2025/07/05/17:48:32.873919,9730,1751712512,881570008,,"(1500, 0, 1500, 0, 0, 0, 0, 0, 0, 0, 0, 0, 0, 0, 0, 0)"
2025/07/05/17:48:32.973701,9731,1751712512,981552008,,"(1500, 0, 1500, 0, 0, 0, 0, 0, 0, 0, 0, 0, 0, 0, 0, 0)"
2025/07/05/17:48:33.055603,9732,1751712513,61049008,,"(1500, 0, 1500, 0, 0, 0, 0, 0, 0, 0, 0, 0, 0, 0, 0, 0)"
2025/07/05/17:48:33.175151,9733,1751712513,180916008,,"(1500, 0, 1500, 0, 0, 0, 0, 0, 0, 0, 0, 0, 0, 0, 0, 0)"
2025/07/05/17:48:33.254072,9734,1751712513,261280008,,"(1500, 0, 1500, 0, 0, 0, 0, 0, 0, 0, 0, 0, 0, 0, 0, 0)"
2025/07/05/17:48:33.353833,9735,1751712513,361356008,,"(1500, 0, 1500, 0, 0, 0, 0, 0, 0, 0, 0, 0, 0, 0, 0, 0)"
2025/07/05/17:48:33.533473,9736,1751712513,540922008,,"(1500, 0, 1500, 0, 0, 0, 0, 0, 0, 0, 0, 0, 0, 0, 0, 0)"
2025/07/05/17:48:33.635627,9737,1751712513,644027008,,"(1500, 0, 1500, 0, 0, 0, 0, 0, 0, 0, 0, 0, 0, 0, 0, 0)"
2025/07/05/17:48:33.734136,9738,1751712513,741145008,,"(1500, 0, 1500, 0, 0, 0, 0, 0, 0, 0, 0, 0, 0, 0, 0, 0)"
2025/07/05/17:48:33.833549,9739,1751712513,841122008,,"(1500, 0, 1500, 0, 0, 0, 0, 0, 0, 0, 0, 0, 0, 0, 0, 0)"
2025/07/05/17:48:33.953867,9740,1751712513,961135008,,"(1500, 0, 1500, 0, 0, 0, 0, 0, 0, 0, 0, 0, 0, 0, 0, 0)"
2025/07/05/17:48:34.053614,9741,1751712514,61131008,,"(1500, 0, 1500, 0, 0, 0, 0, 0, 0, 0, 0, 0, 0, 0, 0, 0)"
2025/07/05/17:48:34.154097,9742,1751712514,161057008,,"(1500, 0, 1500, 0, 0, 0, 0, 0, 0, 0, 0, 0, 0, 0, 0, 0)"
2025/07/05/17:48:34.253502,9743,1751712514,261008008,,"(1500, 0, 1500, 0, 0, 0, 0, 0, 0, 0, 0, 0, 0, 0, 0, 0)"
2025/07/05/17:48:34.394521,9744,1751712514,401908008,,"(1500, 0, 1500, 0, 0, 0, 0, 0, 0, 0, 0, 0, 0, 0, 0, 0)"
2025/07/05/17:48:34.574922,9745,1751712514,580850008,,"(1500, 0, 1500, 0, 0, 0, 0, 0, 0, 0, 0, 0, 0, 0, 0, 0)"
2025/07/05/17:48:34.653632,9746,1751712514,661316008,,"(1500, 0, 1500, 0, 0, 0, 0, 0, 0, 0, 0, 0, 0, 0, 0, 0)"
2025/07/05/17:48:34.753608,9747,1751712514,761209008,,"(1500, 0, 1500, 0, 0, 0, 0, 0, 0, 0, 0, 0, 0, 0, 0, 0)"
2025/07/05/17:48:34.832949,9748,1751712514,841020008,,"(1500, 0, 1500, 0, 0, 0, 0, 0, 0, 0, 0, 0, 0, 0, 0, 0)"
2025/07/05/17:48:34.974823,9749,1751712514,981048008,,"(1500, 0, 1500, 0, 0, 0, 0, 0, 0, 0, 0, 0, 0, 0, 0, 0)"
2025/07/05/17:48:35.053753,9750,1751712515,61010008,,"(1500, 0, 1500, 0, 0, 0, 0, 0, 0, 0, 0, 0, 0, 0, 0, 0)"
2025/07/05/17:48:35.153694,9751,1751712515,161104008,,"(1500, 0, 1500, 0, 0, 0, 0, 0, 0, 0, 0, 0, 0, 0, 0, 0)"
2025/07/05/17:48:35.253448,9752,1751712515,261307008,,"(1500, 0, 1500, 0, 0, 0, 0, 0, 0, 0, 0, 0, 0, 0, 0, 0)"
2025/07/05/17:48:35.353440,9753,1751712515,361224008,,"(1500, 0, 1500, 0, 0, 0, 0, 0, 0, 0, 0, 0, 0, 0, 0, 0)"
2025/07/05/17:48:35.574497,9754,1751712515,580742008,,"(1500, 0, 1500, 0, 0, 0, 0, 0, 0, 0, 0, 0, 0, 0, 0, 0)"
2025/07/05/17:48:35.653723,9755,1751712515,661367008,,"(1500, 0, 1500, 0, 0, 0, 0, 0, 0, 0, 0, 0, 0, 0, 0, 0)"
2025/07/05/17:48:35.753425,9756,1751712515,761012008,,"(1500, 0, 1500, 0, 0, 0, 0, 0, 0, 0, 0, 0, 0, 0, 0, 0)"
2025/07/05/17:48:35.853455,9757,1751712515,861128008,,"(1500, 0, 1500, 0, 0, 0, 0, 0, 0, 0, 0, 0, 0, 0, 0, 0)"
2025/07/05/17:48:35.973642,9758,1751712515,981447008,,"(1500, 0, 1500, 0, 0, 0, 0, 0, 0, 0, 0, 0, 0, 0, 0, 0)"
2025/07/05/17:48:36.094365,9759,1751712516,102448008,,"(1500, 0, 1500, 0, 0, 0, 0, 0, 0, 0, 0, 0, 0, 0, 0, 0)"
2025/07/05/17:48:36.194586,9760,1751712516,202163008,,"(1500, 0, 1500, 0, 0, 0, 0, 0, 0, 0, 0, 0, 0, 0, 0, 0)"
2025/07/05/17:48:36.294350,9761,1751712516,301690008,,"(1500, 0, 1500, 0, 0, 0, 0, 0, 0, 0, 0, 0, 0, 0, 0, 0)"
2025/07/05/17:48:36.373406,9762,1751712516,381351008,,"(1500, 0, 1500, 0, 0, 0, 0, 0, 0, 0, 0, 0, 0, 0, 0, 0)"
2025/07/05/17:48:36.573111,9763,1751712516,581378008,,"(1500, 0, 1500, 0, 0, 0, 0, 0, 0, 0, 0, 0, 0, 0, 0, 0)"
2025/07/05/17:48:36.654745,9764,1751712516,661527008,,"(1500, 0, 1500, 0, 0, 0, 0, 0, 0, 0, 0, 0, 0, 0, 0, 0)"
2025/07/05/17:48:36.774970,9765,1751712516,781238008,,"(1500, 0, 1500, 0, 0, 0, 0, 0, 0, 0, 0, 0, 0, 0, 0, 0)"
2025/07/05/17:48:36.853750,9766,1751712516,861130008,,"(1500, 0, 1500, 0, 0, 0, 0, 0, 0, 0, 0, 0, 0, 0, 0, 0)"
2025/07/05/17:48:36.994702,9767,1751712517,2252008,,"(1500, 0, 1500, 0, 0, 0, 0, 0, 0, 0, 0, 0, 0, 0, 0, 0)"
2025/07/05/17:48:37.094040,9768,1751712517,101759008,,"(1500, 0, 1500, 0, 0, 0, 0, 0, 0, 0, 0, 0, 0, 0, 0, 0)"
2025/07/05/17:48:37.195064,9769,1751712517,202173008,,"(1500, 0, 1500, 0, 0, 0, 0, 0, 0, 0, 0, 0, 0, 0, 0, 0)"
2025/07/05/17:48:37.255260,9770,1751712517,260793008,,"(1500, 0, 1500, 0, 0, 0, 0, 0, 0, 0, 0, 0, 0, 0, 0, 0)"
2025/07/05/17:48:37.353237,9771,1751712517,361113008,,"(1500, 0, 1500, 0, 0, 0, 0, 0, 0, 0, 0, 0, 0, 0, 0, 0)"
2025/07/05/17:48:37.533580,9772,1751712517,541360008,,"(1500, 0, 1500, 0, 0, 0, 0, 0, 0, 0, 0, 0, 0, 0, 0, 0)"
2025/07/05/17:48:37.636333,9773,1751712517,644013008,,"(1500, 0, 1500, 0, 0, 0, 0, 0, 0, 0, 0, 0, 0, 0, 0, 0)"
2025/07/05/17:48:37.732754,9774,1751712517,741117008,,"(1500, 0, 1500, 0, 0, 0, 0, 0, 0, 0, 0, 0, 0, 0, 0, 0)"
2025/07/05/17:48:37.836217,9775,1751712517,844228008,,"(1500, 0, 1500, 0, 0, 0, 0, 0, 0, 0, 0, 0, 0, 0, 0, 0)"
2025/07/05/17:48:37.974846,9776,1751712517,981007008,,"(1500, 0, 1500, 0, 0, 0, 0, 0, 0, 0, 0, 0, 0, 0, 0, 0)"
2025/07/05/17:48:38.053347,9777,1751712518,61016008,,"(1500, 0, 1500, 0, 0, 0, 0, 0, 0, 0, 0, 0, 0, 0, 0, 0)"
2025/07/05/17:48:38.153299,9778,1751712518,161238008,,"(1500, 0, 1500, 0, 0, 0, 0, 0, 0, 0, 0, 0, 0, 0, 0, 0)"
2025/07/05/17:48:38.253066,9779,1751712518,261152008,,"(1500, 0, 1500, 0, 0, 0, 0, 0, 0, 0, 0, 0, 0, 0, 0, 0)"
2025/07/05/17:48:38.353616,9780,1751712518,361042008,,"(1500, 0, 1500, 0, 0, 0, 0, 0, 0, 0, 0, 0, 0, 0, 0, 0)"
2025/07/05/17:48:38.574501,9781,1751712518,580884008,,"(1500, 0, 1500, 0, 0, 0, 0, 0, 0, 0, 0, 0, 0, 0, 0, 0)"
2025/07/05/17:48:38.653331,9782,1751712518,661342008,,"(1500, 0, 1500, 0, 0, 0, 0, 0, 0, 0, 0, 0, 0, 0, 0, 0)"
2025/07/05/17:48:38.754310,9783,1751712518,761323008,,"(1500, 0, 1500, 0, 0, 0, 0, 0, 0, 0, 0, 0, 0, 0, 0, 0)"
2025/07/05/17:48:38.853249,9784,1751712518,861162008,,"(1500, 0, 1500, 0, 0, 0, 0, 0, 0, 0, 0, 0, 0, 0, 0, 0)"
2025/07/05/17:48:38.994509,9785,1751712519,2165008,,"(1500, 0, 1500, 0, 0, 0, 0, 0, 0, 0, 0, 0, 0, 0, 0, 0)"
2025/07/05/17:48:39.054489,9786,1751712519,61108008,,"(1500, 0, 1500, 0, 0, 0, 0, 0, 0, 0, 0, 0, 0, 0, 0, 0)"
2025/07/05/17:48:39.175334,9787,1751712519,180997008,,"(1500, 0, 1500, 0, 0, 0, 0, 0, 0, 0, 0, 0, 0, 0, 0, 0)"
2025/07/05/17:48:39.253357,9788,1751712519,261113008,,"(1500, 0, 1500, 0, 0, 0, 0, 0, 0, 0, 0, 0, 0, 0, 0, 0)"
2025/07/05/17:48:39.353129,9789,1751712519,361324008,,"(1500, 0, 1500, 0, 0, 0, 0, 0, 0, 0, 0, 0, 0, 0, 0, 0)"
2025/07/05/17:48:39.533633,9790,1751712519,541153008,,"(1500, 0, 1500, 0, 0, 0, 0, 0, 0, 0, 0, 0, 0, 0, 0, 0)"
2025/07/05/17:48:39.635580,9791,1751712519,644204008,,"(1500, 0, 1500, 0, 0, 0, 0, 0, 0, 0, 0, 0, 0, 0, 0, 0)"
2025/07/05/17:48:39.733721,9792,1751712519,741164008,,"(1500, 0, 1500, 0, 0, 0, 0, 0, 0, 0, 0, 0, 0, 0, 0, 0)"
2025/07/05/17:48:39.836061,9793,1751712519,843963008,,"(1500, 0, 1500, 0, 0, 0, 0, 0, 0, 0, 0, 0, 0, 0, 0, 0)"
2025/07/05/17:48:39.933426,9794,1751712519,941339008,,"(1500, 0, 1500, 0, 0, 0, 0, 0, 0, 0, 0, 0, 0, 0, 0, 0)"
2025/07/05/17:48:40.036224,9795,1751712520,43740008,,"(1500, 0, 1500, 0, 0, 0, 0, 0, 0, 0, 0, 0, 0, 0, 0, 0)"
2025/07/05/17:48:40.134140,9796,1751712520,141119008,,"(1500, 0, 1500, 0, 0, 0, 0, 0, 0, 0, 0, 0, 0, 0, 0, 0)"
2025/07/05/17:48:40.235468,9797,1751712520,243979008,,"(1500, 0, 1500, 0, 0, 0, 0, 0, 0, 0, 0, 0, 0, 0, 0, 0)"
2025/07/05/17:48:40.313887,9798,1751712520,321913008,,"(1500, 0, 1500, 0, 0, 0, 0, 0, 0, 0, 0, 0, 0, 0, 0, 0)"
2025/07/05/17:48:40.453280,9799,1751712520,461107008,,"(1500, 0, 1500, 0, 0, 0, 0, 0, 0, 0, 0, 0, 0, 0, 0, 0)"
2025/07/05/17:48:40.573454,9800,1751712520,581381008,,"(1500, 0, 1500, 0, 0, 0, 0, 0, 0, 0, 0, 0, 0, 0, 0, 0)"
2025/07/05/17:48:40.654323,9801,1751712520,661117008,,"(1500, 0, 1500, 0, 0, 0, 0, 0, 0, 0, 0, 0, 0, 0, 0, 0)"
2025/07/05/17:48:40.753190,9802,1751712520,761050008,,"(1500, 0, 1500, 0, 0, 0, 0, 0, 0, 0, 0, 0, 0, 0, 0, 0)"
2025/07/05/17:48:40.853448,9803,1751712520,861268008,,"(1500, 0, 1500, 0, 0, 0, 0, 0, 0, 0, 0, 0, 0, 0, 0, 0)"
2025/07/05/17:48:40.994812,9804,1751712521,2202008,,"(1500, 0, 1500, 0, 0, 0, 0, 0, 0, 0, 0, 0, 0, 0, 0, 0)"
2025/07/05/17:48:41.053432,9805,1751712521,61097008,,"(1500, 0, 1500, 0, 0, 0, 0, 0, 0, 0, 0, 0, 0, 0, 0, 0)"
2025/07/05/17:48:41.153411,9806,1751712521,161330008,,"(1500, 0, 1500, 0, 0, 0, 0, 0, 0, 0, 0, 0, 0, 0, 0, 0)"
2025/07/05/17:48:41.274713,9807,1751712521,280728008,,"(1500, 0, 1500, 0, 0, 0, 0, 0, 0, 0, 0, 0, 0, 0, 0, 0)"
2025/07/05/17:48:41.353384,9808,1751712521,361114008,,"(1500, 0, 1500, 0, 0, 0, 0, 0, 0, 0, 0, 0, 0, 0, 0, 0)"
2025/07/05/17:48:41.574233,9809,1751712521,580951008,,"(1500, 0, 1500, 0, 0, 0, 0, 0, 0, 0, 0, 0, 0, 0, 0, 0)"
2025/07/05/17:48:41.654317,9810,1751712521,661412008,,"(1500, 0, 1500, 0, 0, 0, 0, 0, 0, 0, 0, 0, 0, 0, 0, 0)"
2025/07/05/17:48:41.753313,9811,1751712521,761032008,,"(1500, 0, 1500, 0, 0, 0, 0, 0, 0, 0, 0, 0, 0, 0, 0, 0)"
2025/07/05/17:48:41.874892,9812,1751712521,881005008,,"(1500, 0, 1500, 0, 0, 0, 0, 0, 0, 0, 0, 0, 0, 0, 0, 0)"
2025/07/05/17:48:41.994876,9813,1751712522,2251008,,"(1500, 0, 1500, 0, 0, 0, 0, 0, 0, 0, 0, 0, 0, 0, 0, 0)"
2025/07/05/17:48:42.053761,9814,1751712522,60982008,,"(1500, 0, 1500, 0, 0, 0, 0, 0, 0, 0, 0, 0, 0, 0, 0, 0)"
2025/07/05/17:48:42.132601,9815,1751712522,141028008,,"(1500, 0, 1500, 0, 0, 0, 0, 0, 0, 0, 0, 0, 0, 0, 0, 0)"
2025/07/05/17:48:42.233677,9816,1751712522,241130008,,"(1500, 0, 1500, 0, 0, 0, 0, 0, 0, 0, 0, 0, 0, 0, 0, 0)"
2025/07/05/17:48:42.334149,9817,1751712522,341357008,,"(1500, 0, 1500, 0, 0, 0, 0, 0, 0, 0, 0, 0, 0, 0, 0, 0)"
2025/07/05/17:48:42.436209,9818,1751712522,444019008,,"(1500, 0, 1500, 0, 0, 0, 0, 0, 0, 0, 0, 0, 0, 0, 0, 0)"
2025/07/05/17:48:42.594947,9819,1751712522,602607008,,"(1500, 0, 1500, 0, 0, 0, 0, 0, 0, 0, 0, 0, 0, 0, 0, 0)"
2025/07/05/17:48:42.673449,9820,1751712522,681684008,,"(1500, 0, 1500, 0, 0, 0, 0, 0, 0, 0, 0, 0, 0, 0, 0, 0)"
2025/07/05/17:48:42.795196,9821,1751712522,802463008,,"(1500, 0, 1500, 0, 0, 0, 0, 0, 0, 0, 0, 0, 0, 0, 0, 0)"
2025/07/05/17:48:42.854649,9822,1751712522,861113008,,"(1500, 0, 1500, 0, 0, 0, 0, 0, 0, 0, 0, 0, 0, 0, 0, 0)"
2025/07/05/17:48:42.994408,9823,1751712523,2462008,,"(1500, 0, 1500, 0, 0, 0, 0, 0, 0, 0, 0, 0, 0, 0, 0, 0)"
2025/07/05/17:48:43.093864,9824,1751712523,101619008,,"(1500, 0, 1500, 0, 0, 0, 0, 0, 0, 0, 0, 0, 0, 0, 0, 0)"
2025/07/05/17:48:43.194932,9825,1751712523,202382008,,"(1500, 0, 1500, 0, 0, 0, 0, 0, 0, 0, 0, 0, 0, 0, 0, 0)"
2025/07/05/17:48:43.254495,9826,1751712523,261307008,,"(1500, 0, 1500, 0, 0, 0, 0, 0, 0, 0, 0, 0, 0, 0, 0, 0)"
2025/07/05/17:48:43.394849,9827,1751712523,402625008,,"(1500, 0, 1500, 0, 0, 0, 0, 0, 0, 0, 0, 0, 0, 0, 0, 0)"
2025/07/05/17:48:43.594959,9828,1751712523,602328008,,"(1500, 0, 1500, 0, 0, 0, 0, 0, 0, 0, 0, 0, 0, 0, 0, 0)"
2025/07/05/17:48:43.693990,9829,1751712523,701742008,,"(1500, 0, 1500, 0, 0, 0, 0, 0, 0, 0, 0, 0, 0, 0, 0, 0)"
2025/07/05/17:48:43.794854,9830,1751712523,801950008,,"(1500, 0, 1500, 0, 0, 0, 0, 0, 0, 0, 0, 0, 0, 0, 0, 0)"
2025/07/05/17:48:43.916017,9831,1751712523,921751008,,"(1500, 0, 1500, 0, 0, 0, 0, 0, 0, 0, 0, 0, 0, 0, 0, 0)"
2025/07/05/17:48:44.014359,9832,1751712524,22453008,,"(1500, 0, 1500, 0, 0, 0, 0, 0, 0, 0, 0, 0, 0, 0, 0, 0)"
2025/07/05/17:48:44.095708,9833,1751712524,102171008,,"(1500, 0, 1500, 0, 0, 0, 0, 0, 0, 0, 0, 0, 0, 0, 0, 0)"
2025/07/05/17:48:44.194947,9834,1751712524,202646008,,"(1500, 0, 1500, 0, 0, 0, 0, 0, 0, 0, 0, 0, 0, 0, 0, 0)"
2025/07/05/17:48:44.293701,9835,1751712524,301692008,,"(1500, 0, 1500, 0, 0, 0, 0, 0, 0, 0, 0, 0, 0, 0, 0, 0)"
2025/07/05/17:48:44.414693,9836,1751712524,422619008,,"(1500, 0, 1500, 0, 0, 0, 0, 0, 0, 0, 0, 0, 0, 0, 0, 0)"
2025/07/05/17:48:44.594373,9837,1751712524,602319008,,"(1500, 0, 1500, 0, 0, 0, 0, 0, 0, 0, 0, 0, 0, 0, 0, 0)"
2025/07/05/17:48:44.655393,9838,1751712524,661373008,,"(1500, 0, 1500, 0, 0, 0, 0, 0, 0, 0, 0, 0, 0, 0, 0, 0)"
2025/07/05/17:48:44.753149,9839,1751712524,761123008,,"(1500, 0, 1500, 0, 0, 0, 0, 0, 0, 0, 0, 0, 0, 0, 0, 0)"
2025/07/05/17:48:44.875538,9840,1751712524,881108008,,"(1500, 0, 1500, 0, 0, 0, 0, 0, 0, 0, 0, 0, 0, 0, 0, 0)"
2025/07/05/17:48:44.994812,9841,1751712525,2256008,,"(1500, 0, 1500, 0, 0, 0, 0, 0, 0, 0, 0, 0, 0, 0, 0, 0)"
2025/07/05/17:48:45.054952,9842,1751712525,61154008,,"(1500, 0, 1500, 0, 0, 0, 0, 0, 0, 0, 0, 0, 0, 0, 0, 0)"
2025/07/05/17:48:45.174664,9843,1751712525,180919008,,"(1500, 0, 1500, 0, 0, 0, 0, 0, 0, 0, 0, 0, 0, 0, 0, 0)"
2025/07/05/17:48:45.232367,9844,1751712525,241054008,,"(1500, 0, 1500, 0, 0, 0, 0, 0, 0, 0, 0, 0, 0, 0, 0, 0)"
2025/07/05/17:48:45.333448,9845,1751712525,341150008,,"(1500, 0, 1500, 0, 0, 0, 0, 0, 0, 0, 0, 0, 0, 0, 0, 0)"
2025/07/05/17:48:45.513692,9846,1751712525,522143008,,"(1500, 0, 1500, 0, 0, 0, 0, 0, 0, 0, 0, 0, 0, 0, 0, 0)"
2025/07/05/17:48:45.617025,9847,1751712525,624666008,,"(1500, 0, 1500, 0, 0, 0, 0, 0, 0, 0, 0, 0, 0, 0, 0, 0)"
2025/07/05/17:48:45.696143,9848,1751712525,702216008,,"(1500, 0, 1500, 0, 0, 0, 0, 0, 0, 0, 0, 0, 0, 0, 0, 0)"
2025/07/05/17:48:45.795198,9849,1751712525,802906008,,"(1500, 0, 1500, 0, 0, 0, 0, 0, 0, 0, 0, 0, 0, 0, 0, 0)"
2025/07/05/17:48:45.894436,9850,1751712525,902498008,,"(1500, 0, 1500, 0, 0, 0, 0, 0, 0, 0, 0, 0, 0, 0, 0, 0)"
2025/07/05/17:48:45.994877,9851,1751712526,2569008,,"(1500, 0, 1500, 0, 0, 0, 0, 0, 0, 0, 0, 0, 0, 0, 0, 0)"
2025/07/05/17:48:46.073097,9852,1751712526,81329008,,"(1500, 0, 1500, 0, 0, 0, 0, 0, 0, 0, 0, 0, 0, 0, 0, 0)"
2025/07/05/17:48:46.172606,9853,1751712526,181329008,,"(1500, 0, 1500, 0, 0, 0, 0, 0, 0, 0, 0, 0, 0, 0, 0, 0)"
2025/07/05/17:48:46.254499,9854,1751712526,261137008,,"(1500, 0, 1500, 0, 0, 0, 0, 0, 0, 0, 0, 0, 0, 0, 0, 0)"
2025/07/05/17:48:46.353224,9855,1751712526,361505008,,"(1500, 0, 1500, 0, 0, 0, 0, 0, 0, 0, 0, 0, 0, 0, 0, 0)"
2025/07/05/17:48:46.553144,9856,1751712526,561275008,,"(1500, 0, 1500, 0, 0, 0, 0, 0, 0, 0, 0, 0, 0, 0, 0, 0)"
2025/07/05/17:48:46.653063,9857,1751712526,661347008,,"(1500, 0, 1500, 0, 0, 0, 0, 0, 0, 0, 0, 0, 0, 0, 0, 0)"
2025/07/05/17:48:46.753104,9858,1751712526,761159008,,"(1500, 0, 1500, 0, 0, 0, 0, 0, 0, 0, 0, 0, 0, 0, 0, 0)"
2025/07/05/17:48:46.853132,9859,1751712526,861128008,,"(1500, 0, 1500, 0, 0, 0, 0, 0, 0, 0, 0, 0, 0, 0, 0, 0)"
2025/07/05/17:48:46.994023,9860,1751712527,1673008,,"(1500, 0, 1500, 0, 0, 0, 0, 0, 0, 0, 0, 0, 0, 0, 0, 0)"
2025/07/05/17:48:47.073541,9861,1751712527,81645008,,"(1500, 0, 1500, 0, 0, 0, 0, 0, 0, 0, 0, 0, 0, 0, 0, 0)"
2025/07/05/17:48:47.155101,9862,1751712527,161277008,,"(1500, 0, 1500, 0, 0, 0, 0, 0, 0, 0, 0, 0, 0, 0, 0, 0)"
2025/07/05/17:48:47.253007,9863,1751712527,261116008,,"(1500, 0, 1500, 0, 0, 0, 0, 0, 0, 0, 0, 0, 0, 0, 0, 0)"
2025/07/05/17:48:47.353096,9864,1751712527,361121008,,"(1500, 0, 1500, 0, 0, 0, 0, 0, 0, 0, 0, 0, 0, 0, 0, 0)"
2025/07/05/17:48:47.593566,9865,1751712527,601649008,,"(1500, 0, 1500, 0, 0, 0, 0, 0, 0, 0, 0, 0, 0, 0, 0, 0)"
2025/07/05/17:48:47.653679,9866,1751712527,661450008,,"(1500, 0, 1500, 0, 0, 0, 0, 0, 0, 0, 0, 0, 0, 0, 0, 0)"
2025/07/05/17:48:47.753284,9867,1751712527,761199008,,"(1500, 0, 1500, 0, 0, 0, 0, 0, 0, 0, 0, 0, 0, 0, 0, 0)"
2025/07/05/17:48:47.853244,9868,1751712527,861142008,,"(1500, 0, 1500, 0, 0, 0, 0, 0, 0, 0, 0, 0, 0, 0, 0, 0)"
2025/07/05/17:48:47.974083,9869,1751712527,981769008,,"(1500, 0, 1500, 0, 0, 0, 0, 0, 0, 0, 0, 0, 0, 0, 0, 0)"
2025/07/05/17:48:48.073082,9870,1751712528,81349008,,"(1500, 0, 1500, 0, 0, 0, 0, 0, 0, 0, 0, 0, 0, 0, 0, 0)"
2025/07/05/17:48:48.174421,9871,1751712528,180911008,,"(1500, 0, 1500, 0, 0, 0, 0, 0, 0, 0, 0, 0, 0, 0, 0, 0)"
2025/07/05/17:48:48.252989,9872,1751712528,261040008,,"(1500, 0, 1500, 0, 0, 0, 0, 0, 0, 0, 0, 0, 0, 0, 0, 0)"
2025/07/05/17:48:48.352856,9873,1751712528,361022008,,"(1500, 0, 1500, 0, 0, 0, 0, 0, 0, 0, 0, 0, 0, 0, 0, 0)"
2025/07/05/17:48:48.494176,9874,1751712528,502260008,,"(1500, 0, 1500, 0, 0, 0, 0, 0, 0, 0, 0, 0, 0, 0, 0, 0)"
2025/07/05/17:48:48.633026,9875,1751712528,641356008,,"(1500, 0, 1500, 0, 0, 0, 0, 0, 0, 0, 0, 0, 0, 0, 0, 0)"
2025/07/05/17:48:48.733073,9876,1751712528,741028008,,"(1500, 0, 1500, 0, 0, 0, 0, 0, 0, 0, 0, 0, 0, 0, 0, 0)"
2025/07/05/17:48:48.836187,9877,1751712528,843748008,,"(1500, 0, 1500, 0, 0, 0, 0, 0, 0, 0, 0, 0, 0, 0, 0, 0)"
2025/07/05/17:48:48.953160,9878,1751712528,960621008,,"(1500, 0, 1500, 0, 0, 0, 0, 0, 0, 0, 0, 0, 0, 0, 0, 0)"
2025/07/05/17:48:49.035817,9879,1751712529,43926008,,"(1500, 0, 1500, 0, 0, 0, 0, 0, 0, 0, 0, 0, 0, 0, 0, 0)"
2025/07/05/17:48:49.113493,9880,1751712529,121757008,,"(1500, 0, 1500, 0, 0, 0, 0, 0, 0, 0, 0, 0, 0, 0, 0, 0)"
2025/07/05/17:48:49.216630,9881,1751712529,224590008,,"(1500, 0, 1500, 0, 0, 0, 0, 0, 0, 0, 0, 0, 0, 0, 0, 0)"
2025/07/05/17:48:49.295356,9882,1751712529,302420008,,"(1500, 0, 1500, 0, 0, 0, 0, 0, 0, 0, 0, 0, 0, 0, 0, 0)"
2025/07/05/17:48:49.394858,9883,1751712529,402719008,,"(1500, 0, 1500, 0, 0, 0, 0, 0, 0, 0, 0, 0, 0, 0, 0, 0)"
2025/07/05/17:48:49.552943,9884,1751712529,561107008,,"(1500, 0, 1500, 0, 0, 0, 0, 0, 0, 0, 0, 0, 0, 0, 0, 0)"
2025/07/05/17:48:49.653038,9885,1751712529,661338008,,"(1500, 0, 1500, 0, 0, 0, 0, 0, 0, 0, 0, 0, 0, 0, 0, 0)"
2025/07/05/17:48:49.753270,9886,1751712529,761325008,,"(1500, 0, 1500, 0, 0, 0, 0, 0, 0, 0, 0, 0, 0, 0, 0, 0)"
2025/07/05/17:48:49.853104,9887,1751712529,861482008,,"(1500, 0, 1500, 0, 0, 0, 0, 0, 0, 0, 0, 0, 0, 0, 0, 0)"
2025/07/05/17:48:49.974299,9888,1751712529,981691008,,"(1500, 0, 1500, 0, 0, 0, 0, 0, 0, 0, 0, 0, 0, 0, 0, 0)"
2025/07/05/17:48:50.054651,9889,1751712530,60749008,,"(1500, 0, 1500, 0, 0, 0, 0, 0, 0, 0, 0, 0, 0, 0, 0, 0)"
2025/07/05/17:48:50.152740,9890,1751712530,161013008,,"(1500, 0, 1500, 0, 0, 0, 0, 0, 0, 0, 0, 0, 0, 0, 0, 0)"
2025/07/05/17:48:50.235453,9891,1751712530,243713008,,"(1500, 0, 1500, 0, 0, 0, 0, 0, 0, 0, 0, 0, 0, 0, 0, 0)"
2025/07/05/17:48:50.332675,9892,1751712530,341473008,,"(1500, 0, 1500, 0, 0, 0, 0, 0, 0, 0, 0, 0, 0, 0, 0, 0)"
2025/07/05/17:48:50.473645,9893,1751712530,481729008,,"(1500, 0, 1500, 0, 0, 0, 0, 0, 0, 0, 0, 0, 0, 0, 0, 0)"
2025/07/05/17:48:50.635156,9894,1751712530,643509008,,"(1500, 0, 1500, 0, 0, 0, 0, 0, 0, 0, 0, 0, 0, 0, 0, 0)"
2025/07/05/17:48:50.695097,9895,1751712530,702209008,,"(1500, 0, 1500, 0, 0, 0, 0, 0, 0, 0, 0, 0, 0, 0, 0, 0)"
2025/07/05/17:48:50.794045,9896,1751712530,802466008,,"(1500, 0, 1500, 0, 0, 0, 0, 0, 0, 0, 0, 0, 0, 0, 0, 0)"
2025/07/05/17:48:50.893229,9897,1751712530,901563008,,"(1500, 0, 1500, 0, 0, 0, 0, 0, 0, 0, 0, 0, 0, 0, 0, 0)"
2025/07/05/17:48:50.993739,9898,1751712531,2198008,,"(1500, 0, 1500, 0, 0, 0, 0, 0, 0, 0, 0, 0, 0, 0, 0, 0)"
2025/07/05/17:48:51.094123,9899,1751712531,101676008,,"(1500, 0, 1500, 0, 0, 0, 0, 0, 0, 0, 0, 0, 0, 0, 0, 0)"
2025/07/05/17:48:51.173596,9900,1751712531,181655008,,"(1500, 0, 1500, 0, 0, 0, 0, 0, 0, 0, 0, 0, 0, 0, 0, 0)"
2025/07/05/17:48:51.254838,9901,1751712531,261170008,,"(1500, 0, 1500, 0, 0, 0, 0, 0, 0, 0, 0, 0, 0, 0, 0, 0)"
2025/07/05/17:48:51.352849,9902,1751712531,361236008,,"(1500, 0, 1500, 0, 0, 0, 0, 0, 0, 0, 0, 0, 0, 0, 0, 0)"
2025/07/05/17:48:51.532561,9903,1751712531,541258008,,"(1500, 0, 1500, 0, 0, 0, 0, 0, 0, 0, 0, 0, 0, 0, 0, 0)"
2025/07/05/17:48:51.635454,9904,1751712531,644194008,,"(1500, 0, 1500, 0, 0, 0, 0, 0, 0, 0, 0, 0, 0, 0, 0, 0)"
2025/07/05/17:48:51.715422,9905,1751712531,721931008,,"(1500, 0, 1500, 0, 0, 0, 0, 0, 0, 0, 0, 0, 0, 0, 0, 0)"
2025/07/05/17:48:51.816449,9906,1751712531,824558008,,"(1500, 0, 1500, 0, 0, 0, 0, 0, 0, 0, 0, 0, 0, 0, 0, 0)"
2025/07/05/17:48:51.894650,9907,1751712531,902385008,,"(1500, 0, 1500, 0, 0, 0, 0, 0, 0, 0, 0, 0, 0, 0, 0, 0)"
2025/07/05/17:48:52.016617,9908,1751712532,24573008,,"(1500, 0, 1500, 0, 0, 0, 0, 0, 0, 0, 0, 0, 0, 0, 0, 0)"
2025/07/05/17:48:52.113548,9909,1751712532,121956008,,"(1500, 0, 1500, 0, 0, 0, 0, 0, 0, 0, 0, 0, 0, 0, 0, 0)"
2025/07/05/17:48:52.196201,9910,1751712532,202471008,,"(1500, 0, 1500, 0, 0, 0, 0, 0, 0, 0, 0, 0, 0, 0, 0, 0)"
2025/07/05/17:48:52.293430,9911,1751712532,301583008,,"(1500, 0, 1500, 0, 0, 0, 0, 0, 0, 0, 0, 0, 0, 0, 0, 0)"
2025/07/05/17:48:52.393973,9912,1751712532,402432008,,"(1500, 0, 1500, 0, 0, 0, 0, 0, 0, 0, 0, 0, 0, 0, 0, 0)"
2025/07/05/17:48:52.552726,9913,1751712532,561221008,,"(1500, 0, 1500, 0, 0, 0, 0, 0, 0, 0, 0, 0, 0, 0, 0, 0)"
2025/07/05/17:48:52.653908,9914,1751712532,661330008,,"(1500, 0, 1500, 0, 0, 0, 0, 0, 0, 0, 0, 0, 0, 0, 0, 0)"
2025/07/05/17:48:52.753202,9915,1751712532,761414008,,"(1500, 0, 1500, 0, 0, 0, 0, 0, 0, 0, 0, 0, 0, 0, 0, 0)"
2025/07/05/17:48:52.852804,9916,1751712532,861037008,,"(1500, 0, 1500, 0, 0, 0, 0, 0, 0, 0, 0, 0, 0, 0, 0, 0)"
2025/07/05/17:48:52.994148,9917,1751712533,1983008,,"(1500, 0, 1500, 0, 0, 0, 0, 0, 0, 0, 0, 0, 0, 0, 0, 0)"
2025/07/05/17:48:53.073432,9918,1751712533,81546008,,"(1500, 0, 1500, 0, 0, 0, 0, 0, 0, 0, 0, 0, 0, 0, 0, 0)"
2025/07/05/17:48:53.173118,9919,1751712533,181497008,,"(1500, 0, 1500, 0, 0, 0, 0, 0, 0, 0, 0, 0, 0, 0, 0, 0)"
2025/07/05/17:48:53.254868,9920,1751712533,261378008,,"(1500, 0, 1500, 0, 0, 0, 0, 0, 0, 0, 0, 0, 0, 0, 0, 0)"
2025/07/05/17:48:53.352530,9921,1751712533,361030008,,"(1500, 0, 1500, 0, 0, 0, 0, 0, 0, 0, 0, 0, 0, 0, 0, 0)"
2025/07/05/17:48:53.574764,9922,1751712533,580893008,,"(1500, 0, 1500, 0, 0, 0, 0, 0, 0, 0, 0, 0, 0, 0, 0, 0)"
2025/07/05/17:48:53.653184,9923,1751712533,661555008,,"(1500, 0, 1500, 0, 0, 0, 0, 0, 0, 0, 0, 0, 0, 0, 0, 0)"
2025/07/05/17:48:53.752927,9924,1751712533,761277008,,"(1500, 0, 1500, 0, 0, 0, 0, 0, 0, 0, 0, 0, 0, 0, 0, 0)"
2025/07/05/17:48:53.874410,9925,1751712533,880941008,,"(1500, 0, 1500, 0, 0, 0, 0, 0, 0, 0, 0, 0, 0, 0, 0, 0)"
2025/07/05/17:48:53.994439,9926,1751712534,2319008,,"(1500, 0, 1500, 0, 0, 0, 0, 0, 0, 0, 0, 0, 0, 0, 0, 0)"
2025/07/05/17:48:54.053310,9927,1751712534,61041008,,"(1500, 0, 1500, 0, 0, 0, 0, 0, 0, 0, 0, 0, 0, 0, 0, 0)"
2025/07/05/17:48:54.174459,9928,1751712534,180756008,,"(1500, 0, 1500, 0, 0, 0, 0, 0, 0, 0, 0, 0, 0, 0, 0, 0)"
2025/07/05/17:48:54.252848,9929,1751712534,261137008,,"(1500, 0, 1500, 0, 0, 0, 0, 0, 0, 0, 0, 0, 0, 0, 0, 0)"
2025/07/05/17:48:54.352849,9930,1751712534,361083008,,"(1500, 0, 1500, 0, 0, 0, 0, 0, 0, 0, 0, 0, 0, 0, 0, 0)"
2025/07/05/17:48:54.532563,9931,1751712534,541155008,,"(1500, 0, 1500, 0, 0, 0, 0, 0, 0, 0, 0, 0, 0, 0, 0, 0)"
2025/07/05/17:48:54.632382,9932,1751712534,641121008,,"(1500, 0, 1500, 0, 0, 0, 0, 0, 0, 0, 0, 0, 0, 0, 0, 0)"
2025/07/05/17:48:54.733268,9933,1751712534,741326008,,"(1500, 0, 1500, 0, 0, 0, 0, 0, 0, 0, 0, 0, 0, 0, 0, 0)"
2025/07/05/17:48:54.835659,9934,1751712534,843986008,,"(1500, 0, 1500, 0, 0, 0, 0, 0, 0, 0, 0, 0, 0, 0, 0, 0)"
2025/07/05/17:48:54.932896,9935,1751712534,941025008,,"(1500, 0, 1500, 0, 0, 0, 0, 0, 0, 0, 0, 0, 0, 0, 0, 0)"
2025/07/05/17:48:55.013975,9936,1751712535,22491008,,"(1500, 0, 1500, 0, 0, 0, 0, 0, 0, 0, 0, 0, 0, 0, 0, 0)"
2025/07/05/17:48:55.093356,9937,1751712535,102238008,,"(1500, 0, 1500, 0, 0, 0, 0, 0, 0, 0, 0, 0, 0, 0, 0, 0)"
2025/07/05/17:48:55.194609,9938,1751712535,202638008,,"(1500, 0, 1500, 0, 0, 0, 0, 0, 0, 0, 0, 0, 0, 0, 0, 0)"
2025/07/05/17:48:55.272983,9939,1751712535,281500008,,"(1500, 0, 1500, 0, 0, 0, 0, 0, 0, 0, 0, 0, 0, 0, 0, 0)"
2025/07/05/17:48:55.394649,9940,1751712535,402663008,,"(1500, 0, 1500, 0, 0, 0, 0, 0, 0, 0, 0, 0, 0, 0, 0, 0)"
2025/07/05/17:48:55.552628,9941,1751712535,561021008,,"(1500, 0, 1500, 0, 0, 0, 0, 0, 0, 0, 0, 0, 0, 0, 0, 0)"
2025/07/05/17:48:55.674654,9942,1751712535,681161008,,"(1500, 0, 1500, 0, 0, 0, 0, 0, 0, 0, 0, 0, 0, 0, 0, 0)"
2025/07/05/17:48:55.753367,9943,1751712535,760936008,,"(1500, 0, 1500, 0, 0, 0, 0, 0, 0, 0, 0, 0, 0, 0, 0, 0)"
2025/07/05/17:48:55.832304,9944,1751712535,841137008,,"(1500, 0, 1500, 0, 0, 0, 0, 0, 0, 0, 0, 0, 0, 0, 0, 0)"
2025/07/05/17:48:55.974362,9945,1751712535,981012008,,"(1500, 0, 1500, 0, 0, 0, 0, 0, 0, 0, 0, 0, 0, 0, 0, 0)"
2025/07/05/17:48:56.052655,9946,1751712536,61159008,,"(1500, 0, 1500, 0, 0, 0, 0, 0, 0, 0, 0, 0, 0, 0, 0, 0)"
2025/07/05/17:48:56.152704,9947,1751712536,161255008,,"(1500, 0, 1500, 0, 0, 0, 0, 0, 0, 0, 0, 0, 0, 0, 0, 0)"
2025/07/05/17:48:56.232538,9948,1751712536,241180008,,"(1500, 0, 1500, 0, 0, 0, 0, 0, 0, 0, 0, 0, 0, 0, 0, 0)"
2025/07/05/17:48:56.331959,9949,1751712536,341309008,,"(1500, 0, 1500, 0, 0, 0, 0, 0, 0, 0, 0, 0, 0, 0, 0, 0)"
2025/07/05/17:48:56.473017,9950,1751712536,481330008,,"(1500, 0, 1500, 0, 0, 0, 0, 0, 0, 0, 0, 0, 0, 0, 0, 0)"
2025/07/05/17:48:56.572851,9951,1751712536,581185008,,"(1500, 0, 1500, 0, 0, 0, 0, 0, 0, 0, 0, 0, 0, 0, 0, 0)"
2025/07/05/17:48:56.673519,9952,1751712536,682180008,,"(1500, 0, 1500, 0, 0, 0, 0, 0, 0, 0, 0, 0, 0, 0, 0, 0)"
2025/07/05/17:48:56.773416,9953,1751712536,781651008,,"(1500, 0, 1500, 0, 0, 0, 0, 0, 0, 0, 0, 0, 0, 0, 0, 0)"
2025/07/05/17:48:56.873374,9954,1751712536,880769008,,"(1500, 0, 1500, 0, 0, 0, 0, 0, 0, 0, 0, 0, 0, 0, 0, 0)"
2025/07/05/17:48:56.932221,9955,1751712536,941121008,,"(1500, 0, 1500, 0, 0, 0, 0, 0, 0, 0, 0, 0, 0, 0, 0, 0)"
2025/07/05/17:48:57.055015,9956,1751712537,60571008,,"(1500, 0, 1500, 0, 0, 0, 0, 0, 0, 0, 0, 0, 0, 0, 0, 0)"
2025/07/05/17:48:57.132684,9957,1751712537,141137008,,"(1500, 0, 1500, 0, 0, 0, 0, 0, 0, 0, 0, 0, 0, 0, 0, 0)"
2025/07/05/17:48:57.235543,9958,1751712537,243991008,,"(1500, 0, 1500, 0, 0, 0, 0, 0, 0, 0, 0, 0, 0, 0, 0, 0)"
2025/07/05/17:48:57.333167,9959,1751712537,341239008,,"(1500, 0, 1500, 0, 0, 0, 0, 0, 0, 0, 0, 0, 0, 0, 0, 0)"
2025/07/05/17:48:57.493777,9960,1751712537,502234008,,"(1500, 0, 1500, 0, 0, 0, 0, 0, 0, 0, 0, 0, 0, 0, 0, 0)"
2025/07/05/17:48:57.633134,9961,1751712537,641563008,,"(1500, 0, 1500, 0, 0, 0, 0, 0, 0, 0, 0, 0, 0, 0, 0, 0)"
2025/07/05/17:48:57.732656,9962,1751712537,741060008,,"(1500, 0, 1500, 0, 0, 0, 0, 0, 0, 0, 0, 0, 0, 0, 0, 0)"
2025/07/05/17:48:57.835824,9963,1751712537,843966008,,"(1500, 0, 1500, 0, 0, 0, 0, 0, 0, 0, 0, 0, 0, 0, 0, 0)"
2025/07/05/17:48:57.932974,9964,1751712537,941199008,,"(1500, 0, 1500, 0, 0, 0, 0, 0, 0, 0, 0, 0, 0, 0, 0, 0)"
2025/07/05/17:48:58.035421,9965,1751712538,43972008,,"(1500, 0, 1500, 0, 0, 0, 0, 0, 0, 0, 0, 0, 0, 0, 0, 0)"
2025/07/05/17:48:58.131637,9966,1751712538,140994008,,"(1500, 0, 1500, 0, 0, 0, 0, 0, 0, 0, 0, 0, 0, 0, 0, 0)"
2025/07/05/17:48:58.235515,9967,1751712538,244195008,,"(1500, 0, 1500, 0, 0, 0, 0, 0, 0, 0, 0, 0, 0, 0, 0, 0)"
2025/07/05/17:48:58.332525,9968,1751712538,341386008,,"(1500, 0, 1500, 0, 0, 0, 0, 0, 0, 0, 0, 0, 0, 0, 0, 0)"
2025/07/05/17:48:58.532204,9969,1751712538,540744008,,"(1500, 0, 1500, 0, 0, 0, 0, 0, 0, 0, 0, 0, 0, 0, 0, 0)"
2025/07/05/17:48:58.614001,9970,1751712538,622549008,,"(1500, 0, 1500, 0, 0, 0, 0, 0, 0, 0, 0, 0, 0, 0, 0, 0)"
2025/07/05/17:48:58.692931,9971,1751712538,702193008,,"(1500, 0, 1500, 0, 0, 0, 0, 0, 0, 0, 0, 0, 0, 0, 0, 0)"
2025/07/05/17:48:58.792935,9972,1751712538,801661008,,"(1500, 0, 1500, 0, 0, 0, 0, 0, 0, 0, 0, 0, 0, 0, 0, 0)"
2025/07/05/17:48:58.873198,9973,1751712538,881521008,,"(1500, 0, 1500, 0, 0, 0, 0, 0, 0, 0, 0, 0, 0, 0, 0, 0)"
2025/07/05/17:48:58.993079,9974,1751712539,2184008,,"(1500, 0, 1500, 0, 0, 0, 0, 0, 0, 0, 0, 0, 0, 0, 0, 0)"
2025/07/05/17:48:59.072546,9975,1751712539,81551008,,"(1500, 0, 1500, 0, 0, 0, 0, 0, 0, 0, 0, 0, 0, 0, 0, 0)"
2025/07/05/17:48:59.172049,9976,1751712539,181363008,,"(1500, 0, 1500, 0, 0, 0, 0, 0, 0, 0, 0, 0, 0, 0, 0, 0)"
2025/07/05/17:48:59.251723,9977,1751712539,261157008,,"(1500, 0, 1500, 0, 0, 0, 0, 0, 0, 0, 0, 0, 0, 0, 0, 0)"
2025/07/05/17:48:59.355033,9978,1751712539,361293008,,"(1500, 0, 1500, 0, 0, 0, 0, 0, 0, 0, 0, 0, 0, 0, 0, 0)"
2025/07/05/17:48:59.573855,9979,1751712539,581020008,,"(1500, 0, 1500, 0, 0, 0, 0, 0, 0, 0, 0, 0, 0, 0, 0, 0)"
2025/07/05/17:48:59.652239,9980,1751712539,661265008,,"(1500, 0, 1500, 0, 0, 0, 0, 0, 0, 0, 0, 0, 0, 0, 0, 0)"
2025/07/05/17:48:59.752331,9981,1751712539,761035008,,"(1500, 0, 1500, 0, 0, 0, 0, 0, 0, 0, 0, 0, 0, 0, 0, 0)"
2025/07/05/17:48:59.872609,9982,1751712539,881292008,,"(1500, 0, 1500, 0, 0, 0, 0, 0, 0, 0, 0, 0, 0, 0, 0, 0)"
2025/07/05/17:48:59.993301,9983,1751712540,2241008,,"(1500, 0, 1500, 0, 0, 0, 0, 0, 0, 0, 0, 0, 0, 0, 0, 0)"
2025/07/05/17:49:00.072621,9984,1751712540,81576008,,"(1500, 0, 1500, 0, 0, 0, 0, 0, 0, 0, 0, 0, 0, 0, 0, 0)"
2025/07/05/17:49:00.193210,9985,1751712540,201750008,,"(1500, 0, 1500, 0, 0, 0, 0, 0, 0, 0, 0, 0, 0, 0, 0, 0)"
2025/07/05/17:49:00.293355,9986,1751712540,302037008,,"(1500, 0, 1500, 0, 0, 0, 0, 0, 0, 0, 0, 0, 0, 0, 0, 0)"
2025/07/05/17:49:00.373177,9987,1751712540,381402008,,"(1500, 0, 1500, 0, 0, 0, 0, 0, 0, 0, 0, 0, 0, 0, 0, 0)"
2025/07/05/17:49:00.552614,9988,1751712540,561032008,,"(1500, 0, 1500, 0, 0, 0, 0, 0, 0, 0, 0, 0, 0, 0, 0, 0)"
2025/07/05/17:49:00.651930,9989,1751712540,661365008,,"(1500, 0, 1500, 0, 0, 0, 0, 0, 0, 0, 0, 0, 0, 0, 0, 0)"
2025/07/05/17:49:00.772225,9990,1751712540,781053008,,"(1500, 0, 1500, 0, 0, 0, 0, 0, 0, 0, 0, 0, 0, 0, 0, 0)"
2025/07/05/17:49:00.855755,9991,1751712540,861450008,,"(1500, 0, 1500, 0, 0, 0, 0, 0, 0, 0, 0, 0, 0, 0, 0, 0)"
2025/07/05/17:49:00.972592,9992,1751712540,981598008,,"(1500, 0, 1500, 0, 0, 0, 0, 0, 0, 0, 0, 0, 0, 0, 0, 0)"
2025/07/05/17:49:01.054092,9993,1751712541,61024008,,"(1500, 0, 1500, 0, 0, 0, 0, 0, 0, 0, 0, 0, 0, 0, 0, 0)"
2025/07/05/17:49:01.152645,9994,1751712541,161330008,,"(1500, 0, 1500, 0, 0, 0, 0, 0, 0, 0, 0, 0, 0, 0, 0, 0)"
2025/07/05/17:49:01.251868,9995,1751712541,261044008,,"(1500, 0, 1500, 0, 0, 0, 0, 0, 0, 0, 0, 0, 0, 0, 0, 0)"
2025/07/05/17:49:01.393024,9996,1751712541,402004008,,"(1500, 0, 1500, 0, 0, 0, 0, 0, 0, 0, 0, 0, 0, 0, 0, 0)"
2025/07/05/17:49:01.552958,9997,1751712541,561231008,,"(1500, 0, 1500, 0, 0, 0, 0, 0, 0, 0, 0, 0, 0, 0, 0, 0)"
2025/07/05/17:49:01.652194,9998,1751712541,661356008,,"(1500, 0, 1500, 0, 0, 0, 0, 0, 0, 0, 0, 0, 0, 0, 0, 0)"
2025/07/05/17:49:01.733008,9999,1751712541,741447008,,"(1500, 0, 1500, 0, 0, 0, 0, 0, 0, 0, 0, 0, 0, 0, 0, 0)"
2025/07/05/17:49:01.835726,10000,1751712541,844262008,,"(1500, 0, 1500, 0, 0, 0, 0, 0, 0, 0, 0, 0, 0, 0, 0, 0)"
2025/07/05/17:49:01.973897,10001,1751712541,980960008,,"(1500, 0, 1500, 0, 0, 0, 0, 0, 0, 0, 0, 0, 0, 0, 0, 0)"
2025/07/05/17:49:02.051845,10002,1751712542,61208008,,"(1500, 0, 1500, 0, 0, 0, 0, 0, 0, 0, 0, 0, 0, 0, 0, 0)"
2025/07/05/17:49:02.151961,10003,1751712542,161133008,,"(1500, 0, 1500, 0, 0, 0, 0, 0, 0, 0, 0, 0, 0, 0, 0, 0)"
2025/07/05/17:49:02.252208,10004,1751712542,261049008,,"(1500, 0, 1500, 0, 0, 0, 0, 0, 0, 0, 0, 0, 0, 0, 0, 0)"
2025/07/05/17:49:02.331765,10005,1751712542,341220008,,"(1500, 0, 1500, 0, 0, 0, 0, 0, 0, 0, 0, 0, 0, 0, 0, 0)"
2025/07/05/17:49:02.513230,10006,1751712542,521598008,,"(1500, 0, 1500, 0, 0, 0, 0, 0, 0, 0, 0, 0, 0, 0, 0, 0)"
2025/07/05/17:49:02.593492,10007,1751712542,602024008,,"(1500, 0, 1500, 0, 0, 0, 0, 0, 0, 0, 0, 0, 0, 0, 0, 0)"
2025/07/05/17:49:02.672111,10008,1751712542,681645008,,"(1500, 0, 1500, 0, 0, 0, 0, 0, 0, 0, 0, 0, 0, 0, 0, 0)"
2025/07/05/17:49:02.754608,10009,1751712542,761199008,,"(1500, 0, 1500, 0, 0, 0, 0, 0, 0, 0, 0, 0, 0, 0, 0, 0)"
2025/07/05/17:49:02.851874,10010,1751712542,861031008,,"(1500, 0, 1500, 0, 0, 0, 0, 0, 0, 0, 0, 0, 0, 0, 0, 0)"
2025/07/05/17:49:02.992888,10011,1751712543,1564008,,"(1500, 0, 1500, 0, 0, 0, 0, 0, 0, 0, 0, 0, 0, 0, 0, 0)"
2025/07/05/17:49:03.053652,10012,1751712543,61195008,,"(1500, 0, 1500, 0, 0, 0, 0, 0, 0, 0, 0, 0, 0, 0, 0, 0)"
2025/07/05/17:49:03.174965,10013,1751712543,181143008,,"(1500, 0, 1500, 0, 0, 0, 0, 0, 0, 0, 0, 0, 0, 0, 0, 0)"
2025/07/05/17:49:03.251985,10014,1751712543,261103008,,"(1500, 0, 1500, 0, 0, 0, 0, 0, 0, 0, 0, 0, 0, 0, 0, 0)"
2025/07/05/17:49:03.351874,10015,1751712543,361135008,,"(1500, 0, 1500, 0, 0, 0, 0, 0, 0, 0, 0, 0, 0, 0, 0, 0)"
2025/07/05/17:49:03.493727,10016,1751712543,502497008,,"(1500, 0, 1500, 0, 0, 0, 0, 0, 0, 0, 0, 0, 0, 0, 0, 0)"
2025/07/05/17:49:03.635366,10017,1751712543,644166008,,"(1500, 0, 1500, 0, 0, 0, 0, 0, 0, 0, 0, 0, 0, 0, 0, 0)"
2025/07/05/17:49:03.712738,10018,1751712543,721913008,,"(1500, 0, 1500, 0, 0, 0, 0, 0, 0, 0, 0, 0, 0, 0, 0, 0)"
