time,.header.seq,.header.stamp.secs,.header.stamp.nsecs,.header.frame_id,.magnetic_field.x,.magnetic_field.y,.magnetic_field.z,.magnetic_field_covariance
2025/07/05/17:47:55.674423,9374,1751712475,681026008,base_link,-325000.0,-252999.99999999997,233000.00000000003,"(-1.0, 0.0, 0.0, 0.0, 0.0, 0.0, 0.0, 0.0, 0.0)"
2025/07/05/17:47:55.757723,9375,1751712475,761049008,base_link,-333000.0,-249999.99999999997,235000.00000000003,"(-1.0, 0.0, 0.0, 0.0, 0.0, 0.0, 0.0, 0.0, 0.0)"
2025/07/05/17:47:55.874264,9376,1751712475,880969008,base_link,-328000.0,-245999.99999999997,229000.00000000003,"(-1.0, 0.0, 0.0, 0.0, 0.0, 0.0, 0.0, 0.0, 0.0)"
2025/07/05/17:47:55.995198,9377,1751712476,1758008,base_link,-334000.0,-237999.99999999997,228000.00000000003,"(-1.0, 0.0, 0.0, 0.0, 0.0, 0.0, 0.0, 0.0, 0.0)"
2025/07/05/17:47:56.095335,9378,1751712476,101968008,base_link,-345000.0,-232999.99999999997,236000.00000000003,"(-1.0, 0.0, 0.0, 0.0, 0.0, 0.0, 0.0, 0.0, 0.0)"
2025/07/05/17:47:56.195589,9379,1751712476,201993008,base_link,-340000.0,-226999.99999999997,230000.00000000003,"(-1.0, 0.0, 0.0, 0.0, 0.0, 0.0, 0.0, 0.0, 0.0)"
2025/07/05/17:47:56.295305,9380,1751712476,302217008,base_link,-351000.0,-221999.99999999997,233000.00000000003,"(-1.0, 0.0, 0.0, 0.0, 0.0, 0.0, 0.0, 0.0, 0.0)"
2025/07/05/17:47:56.474953,9381,1751712476,481088008,base_link,-344000.0,-216999.99999999997,229000.00000000003,"(-1.0, 0.0, 0.0, 0.0, 0.0, 0.0, 0.0, 0.0, 0.0)"
2025/07/05/17:47:56.595742,9382,1751712476,602244008,base_link,-354000.0,-206999.99999999997,230000.00000000003,"(-1.0, 0.0, 0.0, 0.0, 0.0, 0.0, 0.0, 0.0, 0.0)"
2025/07/05/17:47:56.676078,9383,1751712476,682197008,base_link,-354000.0,-206999.99999999997,230000.00000000003,"(-1.0, 0.0, 0.0, 0.0, 0.0, 0.0, 0.0, 0.0, 0.0)"
2025/07/05/17:47:56.774326,9384,1751712476,780746008,base_link,-351000.0,-201999.99999999997,228000.00000000003,"(-1.0, 0.0, 0.0, 0.0, 0.0, 0.0, 0.0, 0.0, 0.0)"
2025/07/05/17:47:56.854777,9385,1751712476,861335008,base_link,-356000.0,-199999.99999999997,228000.00000000003,"(-1.0, 0.0, 0.0, 0.0, 0.0, 0.0, 0.0, 0.0, 0.0)"
2025/07/05/17:47:56.995538,9386,1751712477,1745008,base_link,-359000.0,-190999.99999999997,227000.00000000003,"(-1.0, 0.0, 0.0, 0.0, 0.0, 0.0, 0.0, 0.0, 0.0)"
2025/07/05/17:47:57.055025,9387,1751712477,61338008,base_link,-359000.0,-190999.99999999997,227000.00000000003,"(-1.0, 0.0, 0.0, 0.0, 0.0, 0.0, 0.0, 0.0, 0.0)"
2025/07/05/17:47:57.134765,9388,1751712477,141302008,base_link,-363000.0,-185999.99999999997,230000.00000000003,"(-1.0, 0.0, 0.0, 0.0, 0.0, 0.0, 0.0, 0.0, 0.0)"
2025/07/05/17:47:57.237625,9389,1751712477,244175008,base_link,-362000.0,-179999.99999999997,222000.00000000003,"(-1.0, 0.0, 0.0, 0.0, 0.0, 0.0, 0.0, 0.0, 0.0)"
2025/07/05/17:47:57.315622,9390,1751712477,321962008,base_link,-365000.0,-175999.99999999997,226000.00000000003,"(-1.0, 0.0, 0.0, 0.0, 0.0, 0.0, 0.0, 0.0, 0.0)"
2025/07/05/17:47:57.437873,9391,1751712477,444406008,base_link,-373000.0,-167999.99999999997,229000.00000000003,"(-1.0, 0.0, 0.0, 0.0, 0.0, 0.0, 0.0, 0.0, 0.0)"
2025/07/05/17:47:57.596373,9392,1751712477,602685008,base_link,-370000.0,-157999.99999999997,224000.00000000003,"(-1.0, 0.0, 0.0, 0.0, 0.0, 0.0, 0.0, 0.0, 0.0)"
2025/07/05/17:47:57.674566,9393,1751712477,681316008,base_link,-370000.0,-157999.99999999997,224000.00000000003,"(-1.0, 0.0, 0.0, 0.0, 0.0, 0.0, 0.0, 0.0, 0.0)"
2025/07/05/17:47:57.774647,9394,1751712477,781266008,base_link,-370000.0,-151999.99999999997,224000.00000000003,"(-1.0, 0.0, 0.0, 0.0, 0.0, 0.0, 0.0, 0.0, 0.0)"
2025/07/05/17:47:57.895513,9395,1751712477,901767008,base_link,-371000.0,-141999.99999999997,224000.00000000003,"(-1.0, 0.0, 0.0, 0.0, 0.0, 0.0, 0.0, 0.0, 0.0)"
2025/07/05/17:47:57.996449,9396,1751712478,2628008,base_link,-377000.0,-136999.99999999997,225000.00000000003,"(-1.0, 0.0, 0.0, 0.0, 0.0, 0.0, 0.0, 0.0, 0.0)"
2025/07/05/17:47:58.094851,9397,1751712478,101770008,base_link,-375000.0,-132999.99999999997,223000.00000000003,"(-1.0, 0.0, 0.0, 0.0, 0.0, 0.0, 0.0, 0.0, 0.0)"
2025/07/05/17:47:58.174293,9398,1751712478,181141008,base_link,-375000.0,-132999.99999999997,223000.00000000003,"(-1.0, 0.0, 0.0, 0.0, 0.0, 0.0, 0.0, 0.0, 0.0)"
2025/07/05/17:47:58.274149,9399,1751712478,280682008,base_link,-377000.0,-125999.99999999997,223000.00000000003,"(-1.0, 0.0, 0.0, 0.0, 0.0, 0.0, 0.0, 0.0, 0.0)"
2025/07/05/17:47:58.395449,9400,1751712478,402092008,base_link,-383000.0,-115999.99999999997,223000.0,"(-1.0, 0.0, 0.0, 0.0, 0.0, 0.0, 0.0, 0.0, 0.0)"
2025/07/05/17:47:58.554085,9401,1751712478,560481008,base_link,-381000.0,-110999.99999999997,223000.0,"(-1.0, 0.0, 0.0, 0.0, 0.0, 0.0, 0.0, 0.0, 0.0)"
2025/07/05/17:47:58.637173,9402,1751712478,643383008,base_link,-380000.0,-105999.99999999997,220000.0,"(-1.0, 0.0, 0.0, 0.0, 0.0, 0.0, 0.0, 0.0, 0.0)"
2025/07/05/17:47:58.715713,9403,1751712478,722049008,base_link,-382000.0,-100999.99999999997,220000.0,"(-1.0, 0.0, 0.0, 0.0, 0.0, 0.0, 0.0, 0.0, 0.0)"
2025/07/05/17:47:58.815665,9404,1751712478,822495008,base_link,-387000.0,-96999.99999999997,222000.0,"(-1.0, 0.0, 0.0, 0.0, 0.0, 0.0, 0.0, 0.0, 0.0)"
2025/07/05/17:47:58.934546,9405,1751712478,940622008,base_link,-388000.0,-92999.99999999997,225000.0,"(-1.0, 0.0, 0.0, 0.0, 0.0, 0.0, 0.0, 0.0, 0.0)"
2025/07/05/17:47:59.054564,9406,1751712479,60635008,base_link,-383000.0,-86999.99999999997,220000.0,"(-1.0, 0.0, 0.0, 0.0, 0.0, 0.0, 0.0, 0.0, 0.0)"
2025/07/05/17:47:59.154776,9407,1751712479,160699008,base_link,-382000.0,-81999.99999999997,221000.0,"(-1.0, 0.0, 0.0, 0.0, 0.0, 0.0, 0.0, 0.0, 0.0)"
2025/07/05/17:47:59.274797,9408,1751712479,280751008,base_link,-387000.0,-78999.99999999997,221000.0,"(-1.0, 0.0, 0.0, 0.0, 0.0, 0.0, 0.0, 0.0, 0.0)"
2025/07/05/17:47:59.415635,9409,1751712479,421917008,base_link,-386000.0,-68999.99999999997,220000.0,"(-1.0, 0.0, 0.0, 0.0, 0.0, 0.0, 0.0, 0.0, 0.0)"
2025/07/05/17:47:59.574727,9410,1751712479,581161008,base_link,-381000.0,-64999.99999999997,217000.0,"(-1.0, 0.0, 0.0, 0.0, 0.0, 0.0, 0.0, 0.0, 0.0)"
2025/07/05/17:47:59.674602,9411,1751712479,681033008,base_link,-386000.0,-59999.99999999997,219000.0,"(-1.0, 0.0, 0.0, 0.0, 0.0, 0.0, 0.0, 0.0, 0.0)"
2025/07/05/17:47:59.774283,9412,1751712479,780947008,base_link,-385000.0,-53999.99999999997,219000.0,"(-1.0, 0.0, 0.0, 0.0, 0.0, 0.0, 0.0, 0.0, 0.0)"
2025/07/05/17:47:59.874796,9413,1751712479,881076008,base_link,-388000.0,-50999.99999999997,218000.0,"(-1.0, 0.0, 0.0, 0.0, 0.0, 0.0, 0.0, 0.0, 0.0)"
2025/07/05/17:47:59.996292,9414,1751712480,2509008,base_link,-389000.0,-41999.99999999997,220000.0,"(-1.0, 0.0, 0.0, 0.0, 0.0, 0.0, 0.0, 0.0, 0.0)"
2025/07/05/17:48:00.054690,9415,1751712480,61142008,base_link,-389000.0,-41999.99999999997,220000.0,"(-1.0, 0.0, 0.0, 0.0, 0.0, 0.0, 0.0, 0.0, 0.0)"
2025/07/05/17:48:00.174474,9416,1751712480,180899008,base_link,-388000.0,-35999.99999999997,218000.0,"(-1.0, 0.0, 0.0, 0.0, 0.0, 0.0, 0.0, 0.0, 0.0)"
2025/07/05/17:48:00.256365,9417,1751712480,260609008,base_link,-384000.0,-32999.99999999997,217000.0,"(-1.0, 0.0, 0.0, 0.0, 0.0, 0.0, 0.0, 0.0, 0.0)"
2025/07/05/17:48:00.334212,9418,1751712480,341351008,base_link,-385000.0,-28999.999999999975,218000.0,"(-1.0, 0.0, 0.0, 0.0, 0.0, 0.0, 0.0, 0.0, 0.0)"
2025/07/05/17:48:00.534001,9419,1751712480,540667008,base_link,-385000.0,-18999.999999999975,217000.0,"(-1.0, 0.0, 0.0, 0.0, 0.0, 0.0, 0.0, 0.0, 0.0)"
2025/07/05/17:48:00.618495,9420,1751712480,624950008,base_link,-383000.0,-14999.999999999973,217000.0,"(-1.0, 0.0, 0.0, 0.0, 0.0, 0.0, 0.0, 0.0, 0.0)"
2025/07/05/17:48:00.695705,9421,1751712480,702410008,base_link,-388000.0,-9999.999999999973,219000.0,"(-1.0, 0.0, 0.0, 0.0, 0.0, 0.0, 0.0, 0.0, 0.0)"
2025/07/05/17:48:00.796122,9422,1751712480,802642008,base_link,-379000.0,-5999.999999999974,214000.0,"(-1.0, 0.0, 0.0, 0.0, 0.0, 0.0, 0.0, 0.0, 0.0)"
2025/07/05/17:48:00.895516,9423,1751712480,901967008,base_link,-381000.0,2.645237086158283e-11,216000.0,"(-1.0, 0.0, 0.0, 0.0, 0.0, 0.0, 0.0, 0.0, 0.0)"
2025/07/05/17:48:00.974134,9424,1751712480,980929008,base_link,-381000.0,2.645237086158283e-11,216000.0,"(-1.0, 0.0, 0.0, 0.0, 0.0, 0.0, 0.0, 0.0, 0.0)"
2025/07/05/17:48:01.074188,9425,1751712481,80946008,base_link,-381000.0,2000.0000000000264,215000.0,"(-1.0, 0.0, 0.0, 0.0, 0.0, 0.0, 0.0, 0.0, 0.0)"
2025/07/05/17:48:01.174484,9426,1751712481,181005008,base_link,-385000.0,8000.000000000026,217000.0,"(-1.0, 0.0, 0.0, 0.0, 0.0, 0.0, 0.0, 0.0, 0.0)"
2025/07/05/17:48:01.274367,9427,1751712481,280978008,base_link,-380000.0,12000.000000000025,215000.0,"(-1.0, 0.0, 0.0, 0.0, 0.0, 0.0, 0.0, 0.0, 0.0)"
2025/07/05/17:48:01.396111,9428,1751712481,402472008,base_link,-375000.0,21000.000000000025,214000.0,"(-1.0, 0.0, 0.0, 0.0, 0.0, 0.0, 0.0, 0.0, 0.0)"
2025/07/05/17:48:01.574654,9429,1751712481,580659008,base_link,-379000.0,25000.000000000025,215000.0,"(-1.0, 0.0, 0.0, 0.0, 0.0, 0.0, 0.0, 0.0, 0.0)"
2025/07/05/17:48:01.675404,9430,1751712481,682197008,base_link,-378000.0,28000.000000000025,215000.0,"(-1.0, 0.0, 0.0, 0.0, 0.0, 0.0, 0.0, 0.0, 0.0)"
2025/07/05/17:48:01.754772,9431,1751712481,761343008,base_link,-375000.0,32000.000000000025,214000.0,"(-1.0, 0.0, 0.0, 0.0, 0.0, 0.0, 0.0, 0.0, 0.0)"
2025/07/05/17:48:01.874649,9432,1751712481,880738008,base_link,-373000.0,38000.00000000003,215000.0,"(-1.0, 0.0, 0.0, 0.0, 0.0, 0.0, 0.0, 0.0, 0.0)"
2025/07/05/17:48:01.996323,9433,1751712482,2708008,base_link,-373000.0,45000.00000000003,214000.0,"(-1.0, 0.0, 0.0, 0.0, 0.0, 0.0, 0.0, 0.0, 0.0)"
2025/07/05/17:48:02.074937,9434,1751712482,81147008,base_link,-373000.0,45000.00000000003,214000.0,"(-1.0, 0.0, 0.0, 0.0, 0.0, 0.0, 0.0, 0.0, 0.0)"
2025/07/05/17:48:02.154583,9435,1751712482,161317008,base_link,-373000.0,51000.00000000003,215000.0,"(-1.0, 0.0, 0.0, 0.0, 0.0, 0.0, 0.0, 0.0, 0.0)"
2025/07/05/17:48:02.274368,9436,1751712482,281148008,base_link,-369000.0,55000.00000000003,214000.0,"(-1.0, 0.0, 0.0, 0.0, 0.0, 0.0, 0.0, 0.0, 0.0)"
2025/07/05/17:48:02.354691,9437,1751712482,361328008,base_link,-369000.0,60000.00000000003,214000.0,"(-1.0, 0.0, 0.0, 0.0, 0.0, 0.0, 0.0, 0.0, 0.0)"
2025/07/05/17:48:02.574339,9438,1751712482,581184008,base_link,-365000.0,66000.00000000003,213000.0,"(-1.0, 0.0, 0.0, 0.0, 0.0, 0.0, 0.0, 0.0, 0.0)"
2025/07/05/17:48:02.675519,9439,1751712482,681517008,base_link,-359000.0,69000.00000000003,213000.0,"(-1.0, 0.0, 0.0, 0.0, 0.0, 0.0, 0.0, 0.0, 0.0)"
2025/07/05/17:48:02.754583,9440,1751712482,761110008,base_link,-366000.0,73000.00000000003,216000.0,"(-1.0, 0.0, 0.0, 0.0, 0.0, 0.0, 0.0, 0.0, 0.0)"
2025/07/05/17:48:02.874947,9441,1751712482,881510008,base_link,-362000.0,79000.00000000003,215000.0,"(-1.0, 0.0, 0.0, 0.0, 0.0, 0.0, 0.0, 0.0, 0.0)"
2025/07/05/17:48:02.996187,9442,1751712483,2620008,base_link,-360000.0,85000.00000000003,217000.0,"(-1.0, 0.0, 0.0, 0.0, 0.0, 0.0, 0.0, 0.0, 0.0)"
2025/07/05/17:48:03.074979,9443,1751712483,80907008,base_link,-360000.0,85000.00000000003,217000.0,"(-1.0, 0.0, 0.0, 0.0, 0.0, 0.0, 0.0, 0.0, 0.0)"
2025/07/05/17:48:03.174163,9444,1751712483,180988008,base_link,-353000.0,90000.00000000003,212000.0,"(-1.0, 0.0, 0.0, 0.0, 0.0, 0.0, 0.0, 0.0, 0.0)"
2025/07/05/17:48:03.254788,9445,1751712483,261277008,base_link,-351000.0,95000.00000000003,214000.0,"(-1.0, 0.0, 0.0, 0.0, 0.0, 0.0, 0.0, 0.0, 0.0)"
2025/07/05/17:48:03.374631,9446,1751712483,380720008,base_link,-356000.0,98000.00000000003,216000.0,"(-1.0, 0.0, 0.0, 0.0, 0.0, 0.0, 0.0, 0.0, 0.0)"
2025/07/05/17:48:03.534498,9447,1751712483,541399008,base_link,-350000.0,106000.00000000003,214000.0,"(-1.0, 0.0, 0.0, 0.0, 0.0, 0.0, 0.0, 0.0, 0.0)"
2025/07/05/17:48:03.638384,9448,1751712483,641290008,base_link,-345000.0,111000.00000000003,212000.0,"(-1.0, 0.0, 0.0, 0.0, 0.0, 0.0, 0.0, 0.0, 0.0)"
2025/07/05/17:48:03.754850,9449,1751712483,761054008,base_link,-345000.0,112000.00000000003,215000.0,"(-1.0, 0.0, 0.0, 0.0, 0.0, 0.0, 0.0, 0.0, 0.0)"
2025/07/05/17:48:03.834684,9450,1751712483,841306008,base_link,-346000.0,119000.00000000003,213999.99999999997,"(-1.0, 0.0, 0.0, 0.0, 0.0, 0.0, 0.0, 0.0, 0.0)"
2025/07/05/17:48:03.975018,9451,1751712483,980980008,base_link,-343000.0,121000.00000000003,214999.99999999997,"(-1.0, 0.0, 0.0, 0.0, 0.0, 0.0, 0.0, 0.0, 0.0)"
2025/07/05/17:48:04.075303,9452,1751712484,81207008,base_link,-340000.0,126000.00000000003,212999.99999999997,"(-1.0, 0.0, 0.0, 0.0, 0.0, 0.0, 0.0, 0.0, 0.0)"
2025/07/05/17:48:04.176381,9453,1751712484,181052008,base_link,-322000.0,129000.00000000003,198999.99999999997,"(-1.0, 0.0, 0.0, 0.0, 0.0, 0.0, 0.0, 0.0, 0.0)"
2025/07/05/17:48:04.254363,9454,1751712484,261309008,base_link,-323000.0,134000.00000000003,201999.99999999997,"(-1.0, 0.0, 0.0, 0.0, 0.0, 0.0, 0.0, 0.0, 0.0)"
2025/07/05/17:48:04.396149,9455,1751712484,402545008,base_link,-321000.0,142000.00000000003,200999.99999999997,"(-1.0, 0.0, 0.0, 0.0, 0.0, 0.0, 0.0, 0.0, 0.0)"
2025/07/05/17:48:04.574080,9456,1751712484,580722008,base_link,-312000.0,147000.00000000003,201999.99999999997,"(-1.0, 0.0, 0.0, 0.0, 0.0, 0.0, 0.0, 0.0, 0.0)"
2025/07/05/17:48:04.675075,9457,1751712484,681397008,base_link,-297000.0,152000.00000000003,195999.99999999997,"(-1.0, 0.0, 0.0, 0.0, 0.0, 0.0, 0.0, 0.0, 0.0)"
2025/07/05/17:48:04.754356,9458,1751712484,761380008,base_link,-307000.0,156000.00000000003,200999.99999999997,"(-1.0, 0.0, 0.0, 0.0, 0.0, 0.0, 0.0, 0.0, 0.0)"
2025/07/05/17:48:04.875801,9459,1751712484,880954008,base_link,-297000.0,163000.00000000003,194999.99999999997,"(-1.0, 0.0, 0.0, 0.0, 0.0, 0.0, 0.0, 0.0, 0.0)"
2025/07/05/17:48:04.995771,9460,1751712485,2560008,base_link,-294000.0,174000.00000000003,201999.99999999997,"(-1.0, 0.0, 0.0, 0.0, 0.0, 0.0, 0.0, 0.0, 0.0)"
2025/07/05/17:48:05.074734,9461,1751712485,81204008,base_link,-294000.0,174000.00000000003,201999.99999999997,"(-1.0, 0.0, 0.0, 0.0, 0.0, 0.0, 0.0, 0.0, 0.0)"
2025/07/05/17:48:05.174256,9462,1751712485,180680008,base_link,-300000.0,180000.00000000003,206999.99999999997,"(-1.0, 0.0, 0.0, 0.0, 0.0, 0.0, 0.0, 0.0, 0.0)"
2025/07/05/17:48:05.274372,9463,1751712485,280905008,base_link,-285000.0,185000.00000000003,198999.99999999997,"(-1.0, 0.0, 0.0, 0.0, 0.0, 0.0, 0.0, 0.0, 0.0)"
2025/07/05/17:48:05.418205,9464,1751712485,424552008,base_link,-286000.0,195000.00000000003,210999.99999999997,"(-1.0, 0.0, 0.0, 0.0, 0.0, 0.0, 0.0, 0.0, 0.0)"
2025/07/05/17:48:05.574072,9465,1751712485,581206008,base_link,-272000.0,201000.00000000003,202999.99999999997,"(-1.0, 0.0, 0.0, 0.0, 0.0, 0.0, 0.0, 0.0, 0.0)"
2025/07/05/17:48:05.654456,9466,1751712485,661395008,base_link,-269000.0,206000.00000000003,205999.99999999997,"(-1.0, 0.0, 0.0, 0.0, 0.0, 0.0, 0.0, 0.0, 0.0)"
2025/07/05/17:48:05.773999,9467,1751712485,780987008,base_link,-262000.0,210000.00000000003,199999.99999999997,"(-1.0, 0.0, 0.0, 0.0, 0.0, 0.0, 0.0, 0.0, 0.0)"
2025/07/05/17:48:05.874902,9468,1751712485,881542008,base_link,-261000.0,218000.00000000003,205999.99999999997,"(-1.0, 0.0, 0.0, 0.0, 0.0, 0.0, 0.0, 0.0, 0.0)"
2025/07/05/17:48:05.996472,9469,1751712486,2881008,base_link,-230000.0,238000.00000000003,207999.99999999997,"(-1.0, 0.0, 0.0, 0.0, 0.0, 0.0, 0.0, 0.0, 0.0)"
2025/07/05/17:48:06.095110,9470,1751712486,101879008,base_link,-237000.0,239000.00000000003,209999.99999999997,"(-1.0, 0.0, 0.0, 0.0, 0.0, 0.0, 0.0, 0.0, 0.0)"
2025/07/05/17:48:06.195979,9471,1751712486,202468008,base_link,-236000.0,243000.00000000003,202999.99999999997,"(-1.0, 0.0, 0.0, 0.0, 0.0, 0.0, 0.0, 0.0, 0.0)"
2025/07/05/17:48:06.254399,9472,1751712486,261130008,base_link,-236000.0,243000.00000000003,202999.99999999997,"(-1.0, 0.0, 0.0, 0.0, 0.0, 0.0, 0.0, 0.0, 0.0)"
2025/07/05/17:48:06.354428,9473,1751712486,361331008,base_link,-255000.0,235000.00000000003,191999.99999999997,"(-1.0, 0.0, 0.0, 0.0, 0.0, 0.0, 0.0, 0.0, 0.0)"
2025/07/05/17:48:06.553895,9474,1751712486,560686008,base_link,-257000.0,222000.00000000003,216999.99999999997,"(-1.0, 0.0, 0.0, 0.0, 0.0, 0.0, 0.0, 0.0, 0.0)"
2025/07/05/17:48:06.634458,9475,1751712486,641170008,base_link,-265000.0,206000.00000000003,218999.99999999997,"(-1.0, 0.0, 0.0, 0.0, 0.0, 0.0, 0.0, 0.0, 0.0)"
2025/07/05/17:48:06.715295,9476,1751712486,721748008,base_link,-276000.0,198000.00000000003,230999.99999999997,"(-1.0, 0.0, 0.0, 0.0, 0.0, 0.0, 0.0, 0.0, 0.0)"
2025/07/05/17:48:06.819042,9477,1751712486,824631008,base_link,-273000.0,197000.00000000003,226999.99999999997,"(-1.0, 0.0, 0.0, 0.0, 0.0, 0.0, 0.0, 0.0, 0.0)"
2025/07/05/17:48:06.895549,9478,1751712486,902560008,base_link,-268000.0,206000.00000000003,218999.99999999997,"(-1.0, 0.0, 0.0, 0.0, 0.0, 0.0, 0.0, 0.0, 0.0)"
2025/07/05/17:48:06.998350,9479,1751712487,2719008,base_link,-263000.0,219000.00000000003,208999.99999999997,"(-1.0, 0.0, 0.0, 0.0, 0.0, 0.0, 0.0, 0.0, 0.0)"
2025/07/05/17:48:07.095080,9480,1751712487,101755008,base_link,-263000.0,230000.00000000003,208999.99999999997,"(-1.0, 0.0, 0.0, 0.0, 0.0, 0.0, 0.0, 0.0, 0.0)"
2025/07/05/17:48:07.196024,9481,1751712487,202700008,base_link,-252000.0,237000.00000000003,206999.99999999997,"(-1.0, 0.0, 0.0, 0.0, 0.0, 0.0, 0.0, 0.0, 0.0)"
2025/07/05/17:48:07.274254,9482,1751712487,280740008,base_link,-252000.0,237000.00000000003,206999.99999999997,"(-1.0, 0.0, 0.0, 0.0, 0.0, 0.0, 0.0, 0.0, 0.0)"
2025/07/05/17:48:07.395985,9483,1751712487,402580008,base_link,-248000.0,243000.00000000003,220999.99999999997,"(-1.0, 0.0, 0.0, 0.0, 0.0, 0.0, 0.0, 0.0, 0.0)"
2025/07/05/17:48:07.554312,9484,1751712487,560587008,base_link,-238000.0,246000.00000000003,216999.99999999997,"(-1.0, 0.0, 0.0, 0.0, 0.0, 0.0, 0.0, 0.0, 0.0)"
2025/07/05/17:48:07.637247,9485,1751712487,644205008,base_link,-228000.0,252000.00000000003,217999.99999999997,"(-1.0, 0.0, 0.0, 0.0, 0.0, 0.0, 0.0, 0.0, 0.0)"
2025/07/05/17:48:07.753749,9486,1751712487,760612008,base_link,-218000.0,257000.00000000003,211999.99999999997,"(-1.0, 0.0, 0.0, 0.0, 0.0, 0.0, 0.0, 0.0, 0.0)"
2025/07/05/17:48:07.854118,9487,1751712487,860655008,base_link,-221000.0,264000.0,219999.99999999997,"(-1.0, 0.0, 0.0, 0.0, 0.0, 0.0, 0.0, 0.0, 0.0)"
2025/07/05/17:48:07.973951,9488,1751712487,981330008,base_link,-203000.0,269000.0,208999.99999999997,"(-1.0, 0.0, 0.0, 0.0, 0.0, 0.0, 0.0, 0.0, 0.0)"
2025/07/05/17:48:08.076135,9489,1751712488,81343008,base_link,-199000.0,274000.0,210999.99999999997,"(-1.0, 0.0, 0.0, 0.0, 0.0, 0.0, 0.0, 0.0, 0.0)"
2025/07/05/17:48:08.175299,9490,1751712488,180702008,base_link,-199000.0,279000.0,219999.99999999997,"(-1.0, 0.0, 0.0, 0.0, 0.0, 0.0, 0.0, 0.0, 0.0)"
2025/07/05/17:48:08.275645,9491,1751712488,281567008,base_link,-188000.0,284000.0,221999.99999999997,"(-1.0, 0.0, 0.0, 0.0, 0.0, 0.0, 0.0, 0.0, 0.0)"
2025/07/05/17:48:08.418294,9492,1751712488,424544008,base_link,-160000.0,299000.0,225999.99999999997,"(-1.0, 0.0, 0.0, 0.0, 0.0, 0.0, 0.0, 0.0, 0.0)"
2025/07/05/17:48:08.574477,9493,1751712488,581091008,base_link,-156000.0,305000.0,222999.99999999997,"(-1.0, 0.0, 0.0, 0.0, 0.0, 0.0, 0.0, 0.0, 0.0)"
2025/07/05/17:48:08.674783,9494,1751712488,681322008,base_link,-170000.0,300000.0,195999.99999999997,"(-1.0, 0.0, 0.0, 0.0, 0.0, 0.0, 0.0, 0.0, 0.0)"
2025/07/05/17:48:08.754100,9495,1751712488,761301008,base_link,-168000.0,302000.0,200999.99999999997,"(-1.0, 0.0, 0.0, 0.0, 0.0, 0.0, 0.0, 0.0, 0.0)"
2025/07/05/17:48:08.854765,9496,1751712488,860751008,base_link,-165000.0,296000.0,200999.99999999997,"(-1.0, 0.0, 0.0, 0.0, 0.0, 0.0, 0.0, 0.0, 0.0)"
2025/07/05/17:48:08.955057,9497,1751712488,960686008,base_link,-186000.0,282000.0,224999.99999999997,"(-1.0, 0.0, 0.0, 0.0, 0.0, 0.0, 0.0, 0.0, 0.0)"
2025/07/05/17:48:09.053940,9498,1751712489,60552008,base_link,-203000.0,269000.00000000006,238999.99999999997,"(-1.0, 0.0, 0.0, 0.0, 0.0, 0.0, 0.0, 0.0, 0.0)"
2025/07/05/17:48:09.154667,9499,1751712489,160948008,base_link,-196000.0,263000.00000000006,239999.99999999997,"(-1.0, 0.0, 0.0, 0.0, 0.0, 0.0, 0.0, 0.0, 0.0)"
2025/07/05/17:48:09.254815,9500,1751712489,260655008,base_link,-187000.0,272000.0,230999.99999999997,"(-1.0, 0.0, 0.0, 0.0, 0.0, 0.0, 0.0, 0.0, 0.0)"
2025/07/05/17:48:09.354079,9501,1751712489,360595008,base_link,-180000.0,280000.0,216999.99999999997,"(-1.0, 0.0, 0.0, 0.0, 0.0, 0.0, 0.0, 0.0, 0.0)"
2025/07/05/17:48:09.516608,9502,1751712489,521408008,base_link,-133000.0,306000.0,200999.99999999997,"(-1.0, 0.0, 0.0, 0.0, 0.0, 0.0, 0.0, 0.0, 0.0)"
2025/07/05/17:48:09.596462,9503,1751712489,602765008,base_link,-116000.0,307000.0,206999.99999999997,"(-1.0, 0.0, 0.0, 0.0, 0.0, 0.0, 0.0, 0.0, 0.0)"
2025/07/05/17:48:09.675536,9504,1751712489,681756008,base_link,-116000.0,307000.0,206999.99999999997,"(-1.0, 0.0, 0.0, 0.0, 0.0, 0.0, 0.0, 0.0, 0.0)"
2025/07/05/17:48:09.795699,9505,1751712489,802385008,base_link,-111000.0,312000.0,220999.99999999997,"(-1.0, 0.0, 0.0, 0.0, 0.0, 0.0, 0.0, 0.0, 0.0)"
2025/07/05/17:48:09.855437,9506,1751712489,861284008,base_link,-111000.0,312000.0,220999.99999999997,"(-1.0, 0.0, 0.0, 0.0, 0.0, 0.0, 0.0, 0.0, 0.0)"
2025/07/05/17:48:09.975277,9507,1751712489,980791008,base_link,-106000.0,316000.0,219999.99999999997,"(-1.0, 0.0, 0.0, 0.0, 0.0, 0.0, 0.0, 0.0, 0.0)"
2025/07/05/17:48:10.075902,9508,1751712490,81117008,base_link,-79000.0,323000.0,185999.99999999997,"(-1.0, 0.0, 0.0, 0.0, 0.0, 0.0, 0.0, 0.0, 0.0)"
2025/07/05/17:48:10.175750,9509,1751712490,181191008,base_link,-57000.0,333000.0,157999.99999999997,"(-1.0, 0.0, 0.0, 0.0, 0.0, 0.0, 0.0, 0.0, 0.0)"
2025/07/05/17:48:10.275118,9510,1751712490,280668008,base_link,-49000.0,329000.0,184999.99999999997,"(-1.0, 0.0, 0.0, 0.0, 0.0, 0.0, 0.0, 0.0, 0.0)"
2025/07/05/17:48:10.395549,9511,1751712490,402396008,base_link,-82000.0,335000.0,200999.99999999997,"(-1.0, 0.0, 0.0, 0.0, 0.0, 0.0, 0.0, 0.0, 0.0)"
2025/07/05/17:48:10.534631,9512,1751712490,541037008,base_link,-60000.0,328000.0,164999.99999999997,"(-1.0, 0.0, 0.0, 0.0, 0.0, 0.0, 0.0, 0.0, 0.0)"
2025/07/05/17:48:10.617942,9513,1751712490,624744008,base_link,-59000.0,330000.0,195999.99999999997,"(-1.0, 0.0, 0.0, 0.0, 0.0, 0.0, 0.0, 0.0, 0.0)"
2025/07/05/17:48:10.733335,9514,1751712490,740646008,base_link,-68000.0,328000.0,178999.99999999997,"(-1.0, 0.0, 0.0, 0.0, 0.0, 0.0, 0.0, 0.0, 0.0)"
2025/07/05/17:48:10.817934,9515,1751712490,824714008,base_link,-87000.0,330000.0,207999.99999999997,"(-1.0, 0.0, 0.0, 0.0, 0.0, 0.0, 0.0, 0.0, 0.0)"
2025/07/05/17:48:10.915407,9516,1751712490,922136008,base_link,-48000.0,328000.0,180999.99999999997,"(-1.0, 0.0, 0.0, 0.0, 0.0, 0.0, 0.0, 0.0, 0.0)"
2025/07/05/17:48:11.018105,9517,1751712491,24961008,base_link,-62000.0,328000.0,168999.99999999997,"(-1.0, 0.0, 0.0, 0.0, 0.0, 0.0, 0.0, 0.0, 0.0)"
2025/07/05/17:48:11.095186,9518,1751712491,102200008,base_link,-96000.0,323000.0,161999.99999999997,"(-1.0, 0.0, 0.0, 0.0, 0.0, 0.0, 0.0, 0.0, 0.0)"
2025/07/05/17:48:11.196251,9519,1751712491,202937008,base_link,-87000.0,323000.0,169999.99999999997,"(-1.0, 0.0, 0.0, 0.0, 0.0, 0.0, 0.0, 0.0, 0.0)"
2025/07/05/17:48:11.294730,9520,1751712491,301596008,base_link,-96000.0,307000.0,170999.99999999997,"(-1.0, 0.0, 0.0, 0.0, 0.0, 0.0, 0.0, 0.0, 0.0)"
2025/07/05/17:48:11.418648,9521,1751712491,424194008,base_link,-157000.0,297000.0,233999.99999999997,"(-1.0, 0.0, 0.0, 0.0, 0.0, 0.0, 0.0, 0.0, 0.0)"
2025/07/05/17:48:11.575739,9522,1751712491,581353008,base_link,-144000.0,288000.00000000006,237999.99999999997,"(-1.0, 0.0, 0.0, 0.0, 0.0, 0.0, 0.0, 0.0, 0.0)"
2025/07/05/17:48:11.634434,9523,1751712491,641154008,base_link,-138000.0,280000.00000000006,244999.99999999997,"(-1.0, 0.0, 0.0, 0.0, 0.0, 0.0, 0.0, 0.0, 0.0)"
2025/07/05/17:48:11.754098,9524,1751712491,760530008,base_link,-119000.0,277000.0,195999.99999999997,"(-1.0, 0.0, 0.0, 0.0, 0.0, 0.0, 0.0, 0.0, 0.0)"
2025/07/05/17:48:11.817682,9525,1751712491,824731008,base_link,-131000.0,289000.0,198999.99999999997,"(-1.0, 0.0, 0.0, 0.0, 0.0, 0.0, 0.0, 0.0, 0.0)"
2025/07/05/17:48:11.933834,9526,1751712491,940612008,base_link,-82000.0,312000.0,188999.99999999997,"(-1.0, 0.0, 0.0, 0.0, 0.0, 0.0, 0.0, 0.0, 0.0)"
2025/07/05/17:48:12.018730,9527,1751712492,24987008,base_link,-89000.0,313000.0,193999.99999999997,"(-1.0, 0.0, 0.0, 0.0, 0.0, 0.0, 0.0, 0.0, 0.0)"
2025/07/05/17:48:12.116024,9528,1751712492,121563008,base_link,-53000.0,326000.0,189999.99999999997,"(-1.0, 0.0, 0.0, 0.0, 0.0, 0.0, 0.0, 0.0, 0.0)"
2025/07/05/17:48:12.196336,9529,1751712492,202920008,base_link,-109000.0,330000.0,185999.99999999997,"(-1.0, 0.0, 0.0, 0.0, 0.0, 0.0, 0.0, 0.0, 0.0)"
2025/07/05/17:48:12.294862,9530,1751712492,301918008,base_link,-75000.0,323000.0,149999.99999999997,"(-1.0, 0.0, 0.0, 0.0, 0.0, 0.0, 0.0, 0.0, 0.0)"
2025/07/05/17:48:12.437466,9531,1751712492,443692008,base_link,-117000.0,317000.0,148999.99999999997,"(-1.0, 0.0, 0.0, 0.0, 0.0, 0.0, 0.0, 0.0, 0.0)"
2025/07/05/17:48:12.555605,9532,1751712492,560588008,base_link,-103000.0,308000.0,173999.99999999997,"(-1.0, 0.0, 0.0, 0.0, 0.0, 0.0, 0.0, 0.0, 0.0)"
2025/07/05/17:48:12.635896,9533,1751712492,641371008,base_link,-100000.0,296000.0,208999.99999999997,"(-1.0, 0.0, 0.0, 0.0, 0.0, 0.0, 0.0, 0.0, 0.0)"
2025/07/05/17:48:12.733920,9534,1751712492,740549008,base_link,-153000.0,291000.0,214999.99999999997,"(-1.0, 0.0, 0.0, 0.0, 0.0, 0.0, 0.0, 0.0, 0.0)"
2025/07/05/17:48:12.817963,9535,1751712492,824721008,base_link,-123000.0,277000.0,223999.99999999997,"(-1.0, 0.0, 0.0, 0.0, 0.0, 0.0, 0.0, 0.0, 0.0)"
2025/07/05/17:48:12.915856,9536,1751712492,921369008,base_link,-142000.0,273000.0,221999.99999999997,"(-1.0, 0.0, 0.0, 0.0, 0.0, 0.0, 0.0, 0.0, 0.0)"
2025/07/05/17:48:13.018079,9537,1751712493,24738008,base_link,-174000.0,280000.00000000006,238999.99999999997,"(-1.0, 0.0, 0.0, 0.0, 0.0, 0.0, 0.0, 0.0, 0.0)"
2025/07/05/17:48:13.095745,9538,1751712493,102221008,base_link,-97000.0,294000.0,192999.99999999997,"(-1.0, 0.0, 0.0, 0.0, 0.0, 0.0, 0.0, 0.0, 0.0)"
2025/07/05/17:48:13.195092,9539,1751712493,202275008,base_link,-77000.0,305000.0,150999.99999999997,"(-1.0, 0.0, 0.0, 0.0, 0.0, 0.0, 0.0, 0.0, 0.0)"
2025/07/05/17:48:13.274081,9540,1751712493,280655008,base_link,-77000.0,305000.0,150999.99999999997,"(-1.0, 0.0, 0.0, 0.0, 0.0, 0.0, 0.0, 0.0, 0.0)"
2025/07/05/17:48:13.395711,9541,1751712493,402198008,base_link,-82000.0,315000.0,183999.99999999997,"(-1.0, 0.0, 0.0, 0.0, 0.0, 0.0, 0.0, 0.0, 0.0)"
2025/07/05/17:48:13.574268,9542,1751712493,580748008,base_link,-66000.0,325000.0,179999.99999999997,"(-1.0, 0.0, 0.0, 0.0, 0.0, 0.0, 0.0, 0.0, 0.0)"
2025/07/05/17:48:13.674306,9543,1751712493,681601008,base_link,-48000.0,319000.0,183999.99999999997,"(-1.0, 0.0, 0.0, 0.0, 0.0, 0.0, 0.0, 0.0, 0.0)"
2025/07/05/17:48:13.774517,9544,1751712493,781154008,base_link,-25000.0,330000.0,180999.99999999997,"(-1.0, 0.0, 0.0, 0.0, 0.0, 0.0, 0.0, 0.0, 0.0)"
2025/07/05/17:48:13.854122,9545,1751712493,861319008,base_link,-9000.0,333000.0,171999.99999999997,"(-1.0, 0.0, 0.0, 0.0, 0.0, 0.0, 0.0, 0.0, 0.0)"
2025/07/05/17:48:13.973850,9546,1751712493,981015008,base_link,9000.0,340000.0,203999.99999999997,"(-1.0, 0.0, 0.0, 0.0, 0.0, 0.0, 0.0, 0.0, 0.0)"
2025/07/05/17:48:14.054407,9547,1751712494,61355008,base_link,47000.0,347000.0,122999.99999999996,"(-1.0, 0.0, 0.0, 0.0, 0.0, 0.0, 0.0, 0.0, 0.0)"
2025/07/05/17:48:14.154476,9548,1751712494,161335008,base_link,24000.0,348000.0,148999.99999999997,"(-1.0, 0.0, 0.0, 0.0, 0.0, 0.0, 0.0, 0.0, 0.0)"
2025/07/05/17:48:14.234248,9549,1751712494,241347008,base_link,30000.0,352000.0,143999.99999999997,"(-1.0, 0.0, 0.0, 0.0, 0.0, 0.0, 0.0, 0.0, 0.0)"
2025/07/05/17:48:14.353845,9550,1751712494,360645008,base_link,-2000.0,355000.0,201999.99999999997,"(-1.0, 0.0, 0.0, 0.0, 0.0, 0.0, 0.0, 0.0, 0.0)"
2025/07/05/17:48:14.515149,9551,1751712494,521719008,base_link,22000.0,353000.0,168999.99999999997,"(-1.0, 0.0, 0.0, 0.0, 0.0, 0.0, 0.0, 0.0, 0.0)"
2025/07/05/17:48:14.595854,9552,1751712494,602596008,base_link,-33000.0,359000.0,121999.99999999996,"(-1.0, 0.0, 0.0, 0.0, 0.0, 0.0, 0.0, 0.0, 0.0)"
2025/07/05/17:48:14.695117,9553,1751712494,701766008,base_link,27000.0,354000.0,59999.999999999956,"(-1.0, 0.0, 0.0, 0.0, 0.0, 0.0, 0.0, 0.0, 0.0)"
2025/07/05/17:48:14.795500,9554,1751712494,802264008,base_link,1000.0,343000.0,146999.99999999997,"(-1.0, 0.0, 0.0, 0.0, 0.0, 0.0, 0.0, 0.0, 0.0)"
2025/07/05/17:48:14.874460,9555,1751712494,881527008,base_link,1000.0,343000.0,146999.99999999997,"(-1.0, 0.0, 0.0, 0.0, 0.0, 0.0, 0.0, 0.0, 0.0)"
2025/07/05/17:48:14.995445,9556,1751712495,2251008,base_link,-24000.0,315000.0,182999.99999999997,"(-1.0, 0.0, 0.0, 0.0, 0.0, 0.0, 0.0, 0.0, 0.0)"
2025/07/05/17:48:15.074261,9557,1751712495,80740008,base_link,-24000.0,315000.0,182999.99999999997,"(-1.0, 0.0, 0.0, 0.0, 0.0, 0.0, 0.0, 0.0, 0.0)"
2025/07/05/17:48:15.173709,9558,1751712495,180917008,base_link,31000.0,295000.0,174999.99999999997,"(-1.0, 0.0, 0.0, 0.0, 0.0, 0.0, 0.0, 0.0, 0.0)"
2025/07/05/17:48:15.274738,9559,1751712495,281052008,base_link,-29000.0,300000.0,204999.99999999997,"(-1.0, 0.0, 0.0, 0.0, 0.0, 0.0, 0.0, 0.0, 0.0)"
2025/07/05/17:48:15.374096,9560,1751712495,380624008,base_link,9000.0,322000.0,212999.99999999997,"(-1.0, 0.0, 0.0, 0.0, 0.0, 0.0, 0.0, 0.0, 0.0)"
2025/07/05/17:48:15.553868,9561,1751712495,560701008,base_link,42000.0,357000.0,167999.99999999994,"(-1.0, 0.0, 0.0, 0.0, 0.0, 0.0, 0.0, 0.0, 0.0)"
2025/07/05/17:48:15.654602,9562,1751712495,660679008,base_link,-2000.0,363000.0,130999.99999999996,"(-1.0, 0.0, 0.0, 0.0, 0.0, 0.0, 0.0, 0.0, 0.0)"
2025/07/05/17:48:15.734056,9563,1751712495,740559008,base_link,5000.0,361000.0,122999.99999999996,"(-1.0, 0.0, 0.0, 0.0, 0.0, 0.0, 0.0, 0.0, 0.0)"
2025/07/05/17:48:15.817587,9564,1751712495,824621008,base_link,9000.0,356000.0,90999.99999999996,"(-1.0, 0.0, 0.0, 0.0, 0.0, 0.0, 0.0, 0.0, 0.0)"
2025/07/05/17:48:15.914380,9565,1751712495,921574008,base_link,14000.0,331000.0,160999.99999999997,"(-1.0, 0.0, 0.0, 0.0, 0.0, 0.0, 0.0, 0.0, 0.0)"
2025/07/05/17:48:15.996361,9566,1751712496,2899008,base_link,-24000.0,333000.0,133999.99999999997,"(-1.0, 0.0, 0.0, 0.0, 0.0, 0.0, 0.0, 0.0, 0.0)"
2025/07/05/17:48:16.094626,9567,1751712496,101922008,base_link,-34000.0,312000.0,130999.99999999996,"(-1.0, 0.0, 0.0, 0.0, 0.0, 0.0, 0.0, 0.0, 0.0)"
2025/07/05/17:48:16.195987,9568,1751712496,202586008,base_link,-67000.0,314000.0,144999.99999999997,"(-1.0, 0.0, 0.0, 0.0, 0.0, 0.0, 0.0, 0.0, 0.0)"
2025/07/05/17:48:16.273808,9569,1751712496,281011008,base_link,-67000.0,314000.0,144999.99999999997,"(-1.0, 0.0, 0.0, 0.0, 0.0, 0.0, 0.0, 0.0, 0.0)"
2025/07/05/17:48:16.395706,9570,1751712496,402439008,base_link,-22000.0,309000.0,139999.99999999997,"(-1.0, 0.0, 0.0, 0.0, 0.0, 0.0, 0.0, 0.0, 0.0)"
2025/07/05/17:48:16.514841,9571,1751712496,521943008,base_link,-82000.0,299000.0,159999.99999999997,"(-1.0, 0.0, 0.0, 0.0, 0.0, 0.0, 0.0, 0.0, 0.0)"
2025/07/05/17:48:16.596297,9572,1751712496,602750008,base_link,-67000.0,282000.0,152999.99999999997,"(-1.0, 0.0, 0.0, 0.0, 0.0, 0.0, 0.0, 0.0, 0.0)"
2025/07/05/17:48:16.675097,9573,1751712496,681992008,base_link,-67000.0,282000.0,152999.99999999997,"(-1.0, 0.0, 0.0, 0.0, 0.0, 0.0, 0.0, 0.0, 0.0)"
2025/07/05/17:48:16.794890,9574,1751712496,802186008,base_link,-42000.0,285000.0,170999.99999999997,"(-1.0, 0.0, 0.0, 0.0, 0.0, 0.0, 0.0, 0.0, 0.0)"
2025/07/05/17:48:16.874088,9575,1751712496,880765008,base_link,-42000.0,285000.0,170999.99999999997,"(-1.0, 0.0, 0.0, 0.0, 0.0, 0.0, 0.0, 0.0, 0.0)"
2025/07/05/17:48:16.995286,9576,1751712497,1990008,base_link,-6000.0,326000.0,105999.99999999996,"(-1.0, 0.0, 0.0, 0.0, 0.0, 0.0, 0.0, 0.0, 0.0)"
2025/07/05/17:48:17.094875,9577,1751712497,101626008,base_link,-22000.0,344000.0,149999.99999999997,"(-1.0, 0.0, 0.0, 0.0, 0.0, 0.0, 0.0, 0.0, 0.0)"
2025/07/05/17:48:17.195063,9578,1751712497,201975008,base_link,-30000.0,343000.0,78999.99999999996,"(-1.0, 0.0, 0.0, 0.0, 0.0, 0.0, 0.0, 0.0, 0.0)"
2025/07/05/17:48:17.254189,9579,1751712497,261111008,base_link,-30000.0,343000.0,78999.99999999996,"(-1.0, 0.0, 0.0, 0.0, 0.0, 0.0, 0.0, 0.0, 0.0)"
2025/07/05/17:48:17.334298,9580,1751712497,341123008,base_link,-66000.0,328000.0,81999.99999999996,"(-1.0, 0.0, 0.0, 0.0, 0.0, 0.0, 0.0, 0.0, 0.0)"
2025/07/05/17:48:17.514873,9581,1751712497,521709008,base_link,-95000.0,300000.0,144999.99999999997,"(-1.0, 0.0, 0.0, 0.0, 0.0, 0.0, 0.0, 0.0, 0.0)"
2025/07/05/17:48:17.596463,9582,1751712497,602977008,base_link,-85000.0,285000.0,173999.99999999997,"(-1.0, 0.0, 0.0, 0.0, 0.0, 0.0, 0.0, 0.0, 0.0)"
2025/07/05/17:48:17.674495,9583,1751712497,681740008,base_link,-85000.0,285000.0,173999.99999999997,"(-1.0, 0.0, 0.0, 0.0, 0.0, 0.0, 0.0, 0.0, 0.0)"
2025/07/05/17:48:17.774499,9584,1751712497,780947008,base_link,-124000.0,274000.0,190999.99999999997,"(-1.0, 0.0, 0.0, 0.0, 0.0, 0.0, 0.0, 0.0, 0.0)"
2025/07/05/17:48:17.873732,9585,1751712497,881007008,base_link,-92000.0,262000.00000000003,189999.99999999997,"(-1.0, 0.0, 0.0, 0.0, 0.0, 0.0, 0.0, 0.0, 0.0)"
2025/07/05/17:48:17.995517,9586,1751712498,2451008,base_link,-95000.0,286000.0,184999.99999999997,"(-1.0, 0.0, 0.0, 0.0, 0.0, 0.0, 0.0, 0.0, 0.0)"
2025/07/05/17:48:18.073686,9587,1751712498,80676008,base_link,-95000.0,286000.0,184999.99999999997,"(-1.0, 0.0, 0.0, 0.0, 0.0, 0.0, 0.0, 0.0, 0.0)"
2025/07/05/17:48:18.173583,9588,1751712498,181128008,base_link,-51000.0,298000.0,157999.99999999997,"(-1.0, 0.0, 0.0, 0.0, 0.0, 0.0, 0.0, 0.0, 0.0)"
2025/07/05/17:48:18.254256,9589,1751712498,261325008,base_link,-108000.0,327000.0,154999.99999999997,"(-1.0, 0.0, 0.0, 0.0, 0.0, 0.0, 0.0, 0.0, 0.0)"
2025/07/05/17:48:18.373543,9590,1751712498,380750008,base_link,-76000.0,328000.0,161999.99999999997,"(-1.0, 0.0, 0.0, 0.0, 0.0, 0.0, 0.0, 0.0, 0.0)"
2025/07/05/17:48:18.553821,9591,1751712498,560664008,base_link,4000.0,344000.0,172999.99999999997,"(-1.0, 0.0, 0.0, 0.0, 0.0, 0.0, 0.0, 0.0, 0.0)"
2025/07/05/17:48:18.653653,9592,1751712498,660674008,base_link,39000.0,351000.0,144999.99999999997,"(-1.0, 0.0, 0.0, 0.0, 0.0, 0.0, 0.0, 0.0, 0.0)"
2025/07/05/17:48:18.753934,9593,1751712498,760694008,base_link,1000.0,352000.0,143999.99999999997,"(-1.0, 0.0, 0.0, 0.0, 0.0, 0.0, 0.0, 0.0, 0.0)"
2025/07/05/17:48:18.834522,9594,1751712498,841381008,base_link,-6000.0,357000.0,79999.99999999996,"(-1.0, 0.0, 0.0, 0.0, 0.0, 0.0, 0.0, 0.0, 0.0)"
2025/07/05/17:48:18.953979,9595,1751712498,960520008,base_link,-43000.0,359000.0,119999.99999999996,"(-1.0, 0.0, 0.0, 0.0, 0.0, 0.0, 0.0, 0.0, 0.0)"
2025/07/05/17:48:19.034274,9596,1751712499,41309008,base_link,-33000.0,348000.0,163999.99999999997,"(-1.0, 0.0, 0.0, 0.0, 0.0, 0.0, 0.0, 0.0, 0.0)"
2025/07/05/17:48:19.153855,9597,1751712499,160711008,base_link,-15000.0,325000.0,149999.99999999997,"(-1.0, 0.0, 0.0, 0.0, 0.0, 0.0, 0.0, 0.0, 0.0)"
2025/07/05/17:48:19.253871,9598,1751712499,260559008,base_link,-38000.0,295000.0,191999.99999999997,"(-1.0, 0.0, 0.0, 0.0, 0.0, 0.0, 0.0, 0.0, 0.0)"
2025/07/05/17:48:19.353917,9599,1751712499,360747008,base_link,-47000.0,289000.0,181999.99999999997,"(-1.0, 0.0, 0.0, 0.0, 0.0, 0.0, 0.0, 0.0, 0.0)"
2025/07/05/17:48:19.454271,9600,1751712499,461560008,base_link,-22000.0,295000.0,195999.99999999997,"(-1.0, 0.0, 0.0, 0.0, 0.0, 0.0, 0.0, 0.0, 0.0)"
2025/07/05/17:48:19.595880,9601,1751712499,602920008,base_link,15000.0,334000.0,175999.99999999997,"(-1.0, 0.0, 0.0, 0.0, 0.0, 0.0, 0.0, 0.0, 0.0)"
2025/07/05/17:48:19.694538,9602,1751712499,701377008,base_link,32000.0,352000.0,164999.99999999997,"(-1.0, 0.0, 0.0, 0.0, 0.0, 0.0, 0.0, 0.0, 0.0)"
2025/07/05/17:48:19.795318,9603,1751712499,802232008,base_link,63000.0,359000.0,137999.99999999994,"(-1.0, 0.0, 0.0, 0.0, 0.0, 0.0, 0.0, 0.0, 0.0)"
2025/07/05/17:48:19.854351,9604,1751712499,861302008,base_link,63000.0,359000.0,137999.99999999994,"(-1.0, 0.0, 0.0, 0.0, 0.0, 0.0, 0.0, 0.0, 0.0)"
2025/07/05/17:48:19.995428,9605,1751712500,2412008,base_link,8000.0,353000.0,123999.99999999996,"(-1.0, 0.0, 0.0, 0.0, 0.0, 0.0, 0.0, 0.0, 0.0)"
2025/07/05/17:48:20.074666,9606,1751712500,81282008,base_link,8000.0,353000.0,123999.99999999996,"(-1.0, 0.0, 0.0, 0.0, 0.0, 0.0, 0.0, 0.0, 0.0)"
2025/07/05/17:48:20.173752,9607,1751712500,180718008,base_link,-50000.0,360000.0,151999.99999999994,"(-1.0, 0.0, 0.0, 0.0, 0.0, 0.0, 0.0, 0.0, 0.0)"
2025/07/05/17:48:20.273640,9608,1751712500,281371008,base_link,-37000.0,335000.0,193999.99999999997,"(-1.0, 0.0, 0.0, 0.0, 0.0, 0.0, 0.0, 0.0, 0.0)"
2025/07/05/17:48:20.354277,9609,1751712500,361331008,base_link,-51000.0,323000.0,177999.99999999997,"(-1.0, 0.0, 0.0, 0.0, 0.0, 0.0, 0.0, 0.0, 0.0)"
2025/07/05/17:48:20.573364,9610,1751712500,580684008,base_link,-43000.0,291000.0,217999.99999999997,"(-1.0, 0.0, 0.0, 0.0, 0.0, 0.0, 0.0, 0.0, 0.0)"
2025/07/05/17:48:20.653652,9611,1751712500,660615008,base_link,-29000.0,308000.0,183999.99999999997,"(-1.0, 0.0, 0.0, 0.0, 0.0, 0.0, 0.0, 0.0, 0.0)"
2025/07/05/17:48:20.734191,9612,1751712500,741344008,base_link,7000.0,313000.0,167999.99999999997,"(-1.0, 0.0, 0.0, 0.0, 0.0, 0.0, 0.0, 0.0, 0.0)"
2025/07/05/17:48:20.834139,9613,1751712500,841359008,base_link,8000.0,335000.0,133999.99999999997,"(-1.0, 0.0, 0.0, 0.0, 0.0, 0.0, 0.0, 0.0, 0.0)"
2025/07/05/17:48:20.953375,9614,1751712500,960715008,base_link,22000.0,343000.0,158999.99999999997,"(-1.0, 0.0, 0.0, 0.0, 0.0, 0.0, 0.0, 0.0, 0.0)"
2025/07/05/17:48:21.053626,9615,1751712501,60588008,base_link,43000.0,345000.0,129999.99999999996,"(-1.0, 0.0, 0.0, 0.0, 0.0, 0.0, 0.0, 0.0, 0.0)"
2025/07/05/17:48:21.153957,9616,1751712501,160700008,base_link,85000.0,343000.0,129999.99999999996,"(-1.0, 0.0, 0.0, 0.0, 0.0, 0.0, 0.0, 0.0, 0.0)"
2025/07/05/17:48:21.234196,9617,1751712501,241110008,base_link,74000.0,343000.0,159999.99999999997,"(-1.0, 0.0, 0.0, 0.0, 0.0, 0.0, 0.0, 0.0, 0.0)"
2025/07/05/17:48:21.353810,9618,1751712501,360598008,base_link,92000.0,343000.0,177999.99999999997,"(-1.0, 0.0, 0.0, 0.0, 0.0, 0.0, 0.0, 0.0, 0.0)"
2025/07/05/17:48:21.533925,9619,1751712501,540619008,base_link,59000.0,358000.0,191999.99999999994,"(-1.0, 0.0, 0.0, 0.0, 0.0, 0.0, 0.0, 0.0, 0.0)"
2025/07/05/17:48:21.617656,9620,1751712501,624682008,base_link,95000.0,351000.0,235999.99999999997,"(-1.0, 0.0, 0.0, 0.0, 0.0, 0.0, 0.0, 0.0, 0.0)"
2025/07/05/17:48:21.714751,9621,1751712501,721377008,base_link,120000.0,348000.0,207999.99999999997,"(-1.0, 0.0, 0.0, 0.0, 0.0, 0.0, 0.0, 0.0, 0.0)"
2025/07/05/17:48:21.795862,9622,1751712501,802930008,base_link,123000.0,345000.0,200999.99999999997,"(-1.0, 0.0, 0.0, 0.0, 0.0, 0.0, 0.0, 0.0, 0.0)"
2025/07/05/17:48:21.914643,9623,1751712501,921591008,base_link,169000.0,336000.0,164999.99999999997,"(-1.0, 0.0, 0.0, 0.0, 0.0, 0.0, 0.0, 0.0, 0.0)"
2025/07/05/17:48:21.995823,9624,1751712502,2741008,base_link,202000.0,334000.0,157999.99999999997,"(-1.0, 0.0, 0.0, 0.0, 0.0, 0.0, 0.0, 0.0, 0.0)"
2025/07/05/17:48:22.094586,9625,1751712502,101375008,base_link,214000.0,329000.0,162999.99999999997,"(-1.0, 0.0, 0.0, 0.0, 0.0, 0.0, 0.0, 0.0, 0.0)"
2025/07/05/17:48:22.154301,9626,1751712502,161017008,base_link,214000.0,329000.0,162999.99999999997,"(-1.0, 0.0, 0.0, 0.0, 0.0, 0.0, 0.0, 0.0, 0.0)"
2025/07/05/17:48:22.253319,9627,1751712502,260588008,base_link,228000.0,322000.0,201999.99999999997,"(-1.0, 0.0, 0.0, 0.0, 0.0, 0.0, 0.0, 0.0, 0.0)"
2025/07/05/17:48:22.334024,9628,1751712502,341347008,base_link,218000.0,324000.0,178999.99999999997,"(-1.0, 0.0, 0.0, 0.0, 0.0, 0.0, 0.0, 0.0, 0.0)"
2025/07/05/17:48:22.533578,9629,1751712502,540632008,base_link,232000.0,312000.0,188999.99999999997,"(-1.0, 0.0, 0.0, 0.0, 0.0, 0.0, 0.0, 0.0, 0.0)"
2025/07/05/17:48:22.617551,9630,1751712502,624723008,base_link,249000.0,307000.0,154999.99999999997,"(-1.0, 0.0, 0.0, 0.0, 0.0, 0.0, 0.0, 0.0, 0.0)"
2025/07/05/17:48:22.733476,9631,1751712502,740587008,base_link,274000.0,298000.0,153999.99999999997,"(-1.0, 0.0, 0.0, 0.0, 0.0, 0.0, 0.0, 0.0, 0.0)"
2025/07/05/17:48:22.817507,9632,1751712502,824675008,base_link,304000.0,286000.0,208999.99999999997,"(-1.0, 0.0, 0.0, 0.0, 0.0, 0.0, 0.0, 0.0, 0.0)"
2025/07/05/17:48:22.914689,9633,1751712502,922035008,base_link,314000.0,284000.0,149999.99999999997,"(-1.0, 0.0, 0.0, 0.0, 0.0, 0.0, 0.0, 0.0, 0.0)"
2025/07/05/17:48:22.996055,9634,1751712503,2651008,base_link,312000.0,273000.0,203999.99999999997,"(-1.0, 0.0, 0.0, 0.0, 0.0, 0.0, 0.0, 0.0, 0.0)"
2025/07/05/17:48:23.094425,9635,1751712503,101665008,base_link,328000.0,268000.0,210999.99999999997,"(-1.0, 0.0, 0.0, 0.0, 0.0, 0.0, 0.0, 0.0, 0.0)"
2025/07/05/17:48:23.195171,9636,1751712503,202462008,base_link,337000.0,261000.00000000003,162999.99999999997,"(-1.0, 0.0, 0.0, 0.0, 0.0, 0.0, 0.0, 0.0, 0.0)"
2025/07/05/17:48:23.273823,9637,1751712503,280765008,base_link,337000.0,261000.00000000003,162999.99999999997,"(-1.0, 0.0, 0.0, 0.0, 0.0, 0.0, 0.0, 0.0, 0.0)"
2025/07/05/17:48:23.353414,9638,1751712503,360520008,base_link,404000.0,248000.00000000003,183999.99999999997,"(-1.0, 0.0, 0.0, 0.0, 0.0, 0.0, 0.0, 0.0, 0.0)"
2025/07/05/17:48:23.533590,9639,1751712503,540636008,base_link,395000.0,220000.00000000003,252999.99999999997,"(-1.0, 0.0, 0.0, 0.0, 0.0, 0.0, 0.0, 0.0, 0.0)"
2025/07/05/17:48:23.617834,9640,1751712503,624628008,base_link,378000.0,219000.00000000003,197999.99999999997,"(-1.0, 0.0, 0.0, 0.0, 0.0, 0.0, 0.0, 0.0, 0.0)"
2025/07/05/17:48:23.714987,9641,1751712503,721387008,base_link,384000.0,207000.00000000003,193999.99999999997,"(-1.0, 0.0, 0.0, 0.0, 0.0, 0.0, 0.0, 0.0, 0.0)"
2025/07/05/17:48:23.795712,9642,1751712503,802721008,base_link,427000.0,194000.00000000003,221999.99999999997,"(-1.0, 0.0, 0.0, 0.0, 0.0, 0.0, 0.0, 0.0, 0.0)"
2025/07/05/17:48:23.894653,9643,1751712503,901767008,base_link,433000.0,186000.00000000003,182999.99999999997,"(-1.0, 0.0, 0.0, 0.0, 0.0, 0.0, 0.0, 0.0, 0.0)"
2025/07/05/17:48:23.995765,9644,1751712504,2955008,base_link,368000.0,178000.00000000003,278000.0,"(-1.0, 0.0, 0.0, 0.0, 0.0, 0.0, 0.0, 0.0, 0.0)"
2025/07/05/17:48:24.094730,9645,1751712504,101757008,base_link,369000.0,167000.00000000003,282000.0,"(-1.0, 0.0, 0.0, 0.0, 0.0, 0.0, 0.0, 0.0, 0.0)"
2025/07/05/17:48:24.173566,9646,1751712504,180890008,base_link,369000.0,167000.00000000003,282000.0,"(-1.0, 0.0, 0.0, 0.0, 0.0, 0.0, 0.0, 0.0, 0.0)"
2025/07/05/17:48:24.253696,9647,1751712504,260581008,base_link,371000.0,166000.00000000003,203999.99999999997,"(-1.0, 0.0, 0.0, 0.0, 0.0, 0.0, 0.0, 0.0, 0.0)"
2025/07/05/17:48:24.353406,9648,1751712504,360662008,base_link,425000.0,143000.00000000003,132999.99999999997,"(-1.0, 0.0, 0.0, 0.0, 0.0, 0.0, 0.0, 0.0, 0.0)"
2025/07/05/17:48:24.534039,9649,1751712504,540603008,base_link,481000.0,102000.00000000003,260000.0,"(-1.0, 0.0, 0.0, 0.0, 0.0, 0.0, 0.0, 0.0, 0.0)"
2025/07/05/17:48:24.634423,9650,1751712504,641125008,base_link,494000.0,99000.00000000001,146000.0,"(-1.0, 0.0, 0.0, 0.0, 0.0, 0.0, 0.0, 0.0, 0.0)"
2025/07/05/17:48:24.734006,9651,1751712504,741301008,base_link,492000.0,90000.00000000001,140000.0,"(-1.0, 0.0, 0.0, 0.0, 0.0, 0.0, 0.0, 0.0, 0.0)"
2025/07/05/17:48:24.853601,9652,1751712504,860525008,base_link,502000.0,91000.00000000003,179000.0,"(-1.0, 0.0, 0.0, 0.0, 0.0, 0.0, 0.0, 0.0, 0.0)"
2025/07/05/17:48:24.953264,9653,1751712504,960562008,base_link,473000.0,80000.00000000004,301000.0,"(-1.0, 0.0, 0.0, 0.0, 0.0, 0.0, 0.0, 0.0, 0.0)"
2025/07/05/17:48:25.034227,9654,1751712505,41335008,base_link,535000.0,77000.00000000003,219000.0,"(-1.0, 0.0, 0.0, 0.0, 0.0, 0.0, 0.0, 0.0, 0.0)"
2025/07/05/17:48:25.153608,9655,1751712505,160581008,base_link,530000.0,89000.00000000001,156000.0,"(-1.0, 0.0, 0.0, 0.0, 0.0, 0.0, 0.0, 0.0, 0.0)"
2025/07/05/17:48:25.253834,9656,1751712505,260583008,base_link,451000.0,109000.00000000003,256000.0,"(-1.0, 0.0, 0.0, 0.0, 0.0, 0.0, 0.0, 0.0, 0.0)"
2025/07/05/17:48:25.353619,9657,1751712505,360915008,base_link,455000.0,125000.00000000001,157999.99999999997,"(-1.0, 0.0, 0.0, 0.0, 0.0, 0.0, 0.0, 0.0, 0.0)"
2025/07/05/17:48:25.514393,9658,1751712505,521681008,base_link,451000.0,130000.00000000003,221999.99999999997,"(-1.0, 0.0, 0.0, 0.0, 0.0, 0.0, 0.0, 0.0, 0.0)"
2025/07/05/17:48:25.595227,9659,1751712505,602447008,base_link,471000.0,108000.00000000003,239000.0,"(-1.0, 0.0, 0.0, 0.0, 0.0, 0.0, 0.0, 0.0, 0.0)"
2025/07/05/17:48:25.694517,9660,1751712505,701664008,base_link,444000.0,91000.00000000003,228000.0,"(-1.0, 0.0, 0.0, 0.0, 0.0, 0.0, 0.0, 0.0, 0.0)"
2025/07/05/17:48:25.794577,9661,1751712505,801723008,base_link,440000.0,79000.00000000003,242000.0,"(-1.0, 0.0, 0.0, 0.0, 0.0, 0.0, 0.0, 0.0, 0.0)"
2025/07/05/17:48:25.873577,9662,1751712505,880908008,base_link,440000.0,79000.00000000003,242000.0,"(-1.0, 0.0, 0.0, 0.0, 0.0, 0.0, 0.0, 0.0, 0.0)"
2025/07/05/17:48:25.974343,9663,1751712505,981763008,base_link,452000.0,77000.00000000003,238000.0,"(-1.0, 0.0, 0.0, 0.0, 0.0, 0.0, 0.0, 0.0, 0.0)"
2025/07/05/17:48:26.073675,9664,1751712506,81305008,base_link,458000.0,70000.00000000003,220000.0,"(-1.0, 0.0, 0.0, 0.0, 0.0, 0.0, 0.0, 0.0, 0.0)"
2025/07/05/17:48:26.153735,9665,1751712506,161299008,base_link,481000.0,72000.00000000003,215000.0,"(-1.0, 0.0, 0.0, 0.0, 0.0, 0.0, 0.0, 0.0, 0.0)"
2025/07/05/17:48:26.233761,9666,1751712506,241146008,base_link,507000.0,64000.00000000003,224000.0,"(-1.0, 0.0, 0.0, 0.0, 0.0, 0.0, 0.0, 0.0, 0.0)"
2025/07/05/17:48:26.353419,9667,1751712506,360530008,base_link,466000.0,75000.00000000003,237000.0,"(-1.0, 0.0, 0.0, 0.0, 0.0, 0.0, 0.0, 0.0, 0.0)"
2025/07/05/17:48:26.514592,9668,1751712506,521332008,base_link,524000.0,102000.00000000003,207000.0,"(-1.0, 0.0, 0.0, 0.0, 0.0, 0.0, 0.0, 0.0, 0.0)"
2025/07/05/17:48:26.595424,9669,1751712506,602217008,base_link,480000.0,117000.00000000003,196000.0,"(-1.0, 0.0, 0.0, 0.0, 0.0, 0.0, 0.0, 0.0, 0.0)"
2025/07/05/17:48:26.694724,9670,1751712506,701606008,base_link,451000.0,99000.00000000003,255000.0,"(-1.0, 0.0, 0.0, 0.0, 0.0, 0.0, 0.0, 0.0, 0.0)"
2025/07/05/17:48:26.773721,9671,1751712506,780753008,base_link,451000.0,99000.00000000003,255000.0,"(-1.0, 0.0, 0.0, 0.0, 0.0, 0.0, 0.0, 0.0, 0.0)"
2025/07/05/17:48:26.854189,9672,1751712506,861398008,base_link,438000.0,79000.00000000003,244000.0,"(-1.0, 0.0, 0.0, 0.0, 0.0, 0.0, 0.0, 0.0, 0.0)"
2025/07/05/17:48:26.953744,9673,1751712506,960583008,base_link,433000.0,55000.00000000004,286000.0,"(-1.0, 0.0, 0.0, 0.0, 0.0, 0.0, 0.0, 0.0, 0.0)"
2025/07/05/17:48:27.053540,9674,1751712507,60587008,base_link,454000.0,58000.00000000003,249000.0,"(-1.0, 0.0, 0.0, 0.0, 0.0, 0.0, 0.0, 0.0, 0.0)"
2025/07/05/17:48:27.133415,9675,1751712507,140588008,base_link,486000.0,46000.00000000003,247000.0,"(-1.0, 0.0, 0.0, 0.0, 0.0, 0.0, 0.0, 0.0, 0.0)"
2025/07/05/17:48:27.236077,9676,1751712507,243528008,base_link,474000.0,70000.00000000003,259000.0,"(-1.0, 0.0, 0.0, 0.0, 0.0, 0.0, 0.0, 0.0, 0.0)"
2025/07/05/17:48:27.314383,9677,1751712507,321371008,base_link,486000.0,78000.00000000003,205000.0,"(-1.0, 0.0, 0.0, 0.0, 0.0, 0.0, 0.0, 0.0, 0.0)"
2025/07/05/17:48:27.436630,9678,1751712507,444460008,base_link,443000.0,95000.00000000003,197000.0,"(-1.0, 0.0, 0.0, 0.0, 0.0, 0.0, 0.0, 0.0, 0.0)"
2025/07/05/17:48:27.594645,9679,1751712507,601739008,base_link,479000.0,104000.00000000003,245000.0,"(-1.0, 0.0, 0.0, 0.0, 0.0, 0.0, 0.0, 0.0, 0.0)"
2025/07/05/17:48:27.673235,9680,1751712507,680903008,base_link,479000.0,104000.00000000003,245000.0,"(-1.0, 0.0, 0.0, 0.0, 0.0, 0.0, 0.0, 0.0, 0.0)"
2025/07/05/17:48:27.773345,9681,1751712507,781121008,base_link,465000.0,105000.00000000003,232000.0,"(-1.0, 0.0, 0.0, 0.0, 0.0, 0.0, 0.0, 0.0, 0.0)"
2025/07/05/17:48:27.894340,9682,1751712507,901600008,base_link,445000.0,60000.00000000003,243000.0,"(-1.0, 0.0, 0.0, 0.0, 0.0, 0.0, 0.0, 0.0, 0.0)"
2025/07/05/17:48:27.994078,9683,1751712508,1995008,base_link,463000.0,45000.00000000003,254000.0,"(-1.0, 0.0, 0.0, 0.0, 0.0, 0.0, 0.0, 0.0, 0.0)"
2025/07/05/17:48:28.094648,9684,1751712508,101695008,base_link,486000.0,56000.00000000003,257000.0,"(-1.0, 0.0, 0.0, 0.0, 0.0, 0.0, 0.0, 0.0, 0.0)"
2025/07/05/17:48:28.195462,9685,1751712508,202524008,base_link,495000.0,47000.00000000003,258000.0,"(-1.0, 0.0, 0.0, 0.0, 0.0, 0.0, 0.0, 0.0, 0.0)"
2025/07/05/17:48:28.273529,9686,1751712508,280704008,base_link,495000.0,47000.00000000003,258000.0,"(-1.0, 0.0, 0.0, 0.0, 0.0, 0.0, 0.0, 0.0, 0.0)"
2025/07/05/17:48:28.395014,9687,1751712508,402205008,base_link,485000.0,75000.00000000003,223000.0,"(-1.0, 0.0, 0.0, 0.0, 0.0, 0.0, 0.0, 0.0, 0.0)"
2025/07/05/17:48:28.533971,9688,1751712508,541148008,base_link,448000.0,85000.00000000003,206000.0,"(-1.0, 0.0, 0.0, 0.0, 0.0, 0.0, 0.0, 0.0, 0.0)"
2025/07/05/17:48:28.617833,9689,1751712508,624772008,base_link,453000.0,103000.00000000003,238000.0,"(-1.0, 0.0, 0.0, 0.0, 0.0, 0.0, 0.0, 0.0, 0.0)"
2025/07/05/17:48:28.733227,9690,1751712508,740739008,base_link,466000.0,99000.00000000003,203000.0,"(-1.0, 0.0, 0.0, 0.0, 0.0, 0.0, 0.0, 0.0, 0.0)"
2025/07/05/17:48:28.853654,9691,1751712508,860539008,base_link,459000.0,85000.00000000003,248000.0,"(-1.0, 0.0, 0.0, 0.0, 0.0, 0.0, 0.0, 0.0, 0.0)"
2025/07/05/17:48:28.974952,9692,1751712508,981012008,base_link,455000.0,62000.00000000002,194000.0,"(-1.0, 0.0, 0.0, 0.0, 0.0, 0.0, 0.0, 0.0, 0.0)"
2025/07/05/17:48:29.054001,9693,1751712509,61474008,base_link,484000.0,37000.00000000003,239000.0,"(-1.0, 0.0, 0.0, 0.0, 0.0, 0.0, 0.0, 0.0, 0.0)"
2025/07/05/17:48:29.175103,9694,1751712509,180799008,base_link,465000.0,35000.00000000003,237000.0,"(-1.0, 0.0, 0.0, 0.0, 0.0, 0.0, 0.0, 0.0, 0.0)"
2025/07/05/17:48:29.275081,9695,1751712509,281356008,base_link,501000.0,37000.00000000003,266000.0,"(-1.0, 0.0, 0.0, 0.0, 0.0, 0.0, 0.0, 0.0, 0.0)"
2025/07/05/17:48:29.418300,9696,1751712509,424559008,base_link,477000.0,63000.00000000003,243000.0,"(-1.0, 0.0, 0.0, 0.0, 0.0, 0.0, 0.0, 0.0, 0.0)"
2025/07/05/17:48:29.575164,9697,1751712509,580939008,base_link,503000.0,66000.00000000003,203000.0,"(-1.0, 0.0, 0.0, 0.0, 0.0, 0.0, 0.0, 0.0, 0.0)"
2025/07/05/17:48:29.635968,9698,1751712509,644144008,base_link,429000.0,93000.00000000003,217000.0,"(-1.0, 0.0, 0.0, 0.0, 0.0, 0.0, 0.0, 0.0, 0.0)"
2025/07/05/17:48:29.753752,9699,1751712509,760544008,base_link,460000.0,94000.00000000003,226000.0,"(-1.0, 0.0, 0.0, 0.0, 0.0, 0.0, 0.0, 0.0, 0.0)"
2025/07/05/17:48:29.837020,9700,1751712509,844139008,base_link,449000.0,92000.00000000003,249000.0,"(-1.0, 0.0, 0.0, 0.0, 0.0, 0.0, 0.0, 0.0, 0.0)"
2025/07/05/17:48:29.935097,9701,1751712509,941007008,base_link,463000.0,90000.00000000003,247000.0,"(-1.0, 0.0, 0.0, 0.0, 0.0, 0.0, 0.0, 0.0, 0.0)"
2025/07/05/17:48:30.035777,9702,1751712510,43568008,base_link,455000.0,70000.00000000003,256000.0,"(-1.0, 0.0, 0.0, 0.0, 0.0, 0.0, 0.0, 0.0, 0.0)"
2025/07/05/17:48:30.095283,9703,1751712510,102021008,base_link,432000.0,55000.00000000003,242000.0,"(-1.0, 0.0, 0.0, 0.0, 0.0, 0.0, 0.0, 0.0, 0.0)"
2025/07/05/17:48:30.194732,9704,1751712510,201932008,base_link,451000.0,50000.00000000003,233000.0,"(-1.0, 0.0, 0.0, 0.0, 0.0, 0.0, 0.0, 0.0, 0.0)"
2025/07/05/17:48:30.254916,9705,1751712510,261134008,base_link,451000.0,50000.00000000003,233000.0,"(-1.0, 0.0, 0.0, 0.0, 0.0, 0.0, 0.0, 0.0, 0.0)"
2025/07/05/17:48:30.375433,9706,1751712510,380901008,base_link,480000.0,46000.00000000003,231000.0,"(-1.0, 0.0, 0.0, 0.0, 0.0, 0.0, 0.0, 0.0, 0.0)"
2025/07/05/17:48:30.533860,9707,1751712510,541406008,base_link,478000.0,62000.00000000003,235000.0,"(-1.0, 0.0, 0.0, 0.0, 0.0, 0.0, 0.0, 0.0, 0.0)"
2025/07/05/17:48:30.655389,9708,1751712510,660632008,base_link,446000.0,77000.00000000003,194000.0,"(-1.0, 0.0, 0.0, 0.0, 0.0, 0.0, 0.0, 0.0, 0.0)"
2025/07/05/17:48:30.733006,9709,1751712510,740582008,base_link,483000.0,93000.00000000003,227000.0,"(-1.0, 0.0, 0.0, 0.0, 0.0, 0.0, 0.0, 0.0, 0.0)"
2025/07/05/17:48:30.817567,9710,1751712510,824919008,base_link,461000.0,101000.00000000003,211000.0,"(-1.0, 0.0, 0.0, 0.0, 0.0, 0.0, 0.0, 0.0, 0.0)"
2025/07/05/17:48:30.895276,9711,1751712510,902485008,base_link,490000.0,97000.00000000003,225000.0,"(-1.0, 0.0, 0.0, 0.0, 0.0, 0.0, 0.0, 0.0, 0.0)"
2025/07/05/17:48:30.995720,9712,1751712511,2681008,base_link,470000.0,85000.00000000003,252000.0,"(-1.0, 0.0, 0.0, 0.0, 0.0, 0.0, 0.0, 0.0, 0.0)"
2025/07/05/17:48:31.094435,9713,1751712511,101735008,base_link,451000.0,70000.00000000003,242000.0,"(-1.0, 0.0, 0.0, 0.0, 0.0, 0.0, 0.0, 0.0, 0.0)"
2025/07/05/17:48:31.195379,9714,1751712511,202509008,base_link,446000.0,46000.00000000003,236000.0,"(-1.0, 0.0, 0.0, 0.0, 0.0, 0.0, 0.0, 0.0, 0.0)"
2025/07/05/17:48:31.275035,9715,1751712511,280918008,base_link,446000.0,46000.00000000003,236000.0,"(-1.0, 0.0, 0.0, 0.0, 0.0, 0.0, 0.0, 0.0, 0.0)"
2025/07/05/17:48:31.395355,9716,1751712511,402549008,base_link,488000.0,33000.00000000003,252000.0,"(-1.0, 0.0, 0.0, 0.0, 0.0, 0.0, 0.0, 0.0, 0.0)"
2025/07/05/17:48:31.553752,9717,1751712511,561215008,base_link,454000.0,28000.00000000003,247000.0,"(-1.0, 0.0, 0.0, 0.0, 0.0, 0.0, 0.0, 0.0, 0.0)"
2025/07/05/17:48:31.675672,9718,1751712511,681674008,base_link,491000.0,11000.00000000003,233000.0,"(-1.0, 0.0, 0.0, 0.0, 0.0, 0.0, 0.0, 0.0, 0.0)"
2025/07/05/17:48:31.775783,9719,1751712511,781034008,base_link,444000.0,3000.00000000003,244000.0,"(-1.0, 0.0, 0.0, 0.0, 0.0, 0.0, 0.0, 0.0, 0.0)"
2025/07/05/17:48:31.875276,9720,1751712511,880681008,base_link,494000.0,-19999.99999999997,247000.0,"(-1.0, 0.0, 0.0, 0.0, 0.0, 0.0, 0.0, 0.0, 0.0)"
2025/07/05/17:48:31.994794,9721,1751712512,2436008,base_link,475000.0,-43999.99999999997,214000.0,"(-1.0, 0.0, 0.0, 0.0, 0.0, 0.0, 0.0, 0.0, 0.0)"
2025/07/05/17:48:32.054401,9722,1751712512,61298008,base_link,475000.0,-43999.99999999997,214000.0,"(-1.0, 0.0, 0.0, 0.0, 0.0, 0.0, 0.0, 0.0, 0.0)"
2025/07/05/17:48:32.154015,9723,1751712512,161179008,base_link,472000.0,-62999.99999999997,238000.0,"(-1.0, 0.0, 0.0, 0.0, 0.0, 0.0, 0.0, 0.0, 0.0)"
2025/07/05/17:48:32.233251,9724,1751712512,241302008,base_link,468000.0,-74999.99999999997,248000.0,"(-1.0, 0.0, 0.0, 0.0, 0.0, 0.0, 0.0, 0.0, 0.0)"
2025/07/05/17:48:32.353889,9725,1751712512,360730008,base_link,465000.0,-83999.99999999997,253000.0,"(-1.0, 0.0, 0.0, 0.0, 0.0, 0.0, 0.0, 0.0, 0.0)"
2025/07/05/17:48:32.533112,9726,1751712512,540592008,base_link,446000.0,-113999.99999999997,193000.0,"(-1.0, 0.0, 0.0, 0.0, 0.0, 0.0, 0.0, 0.0, 0.0)"
2025/07/05/17:48:32.617463,9727,1751712512,624675008,base_link,466000.0,-133999.99999999997,255000.00000000003,"(-1.0, 0.0, 0.0, 0.0, 0.0, 0.0, 0.0, 0.0, 0.0)"
2025/07/05/17:48:32.695347,9728,1751712512,702470008,base_link,444000.0,-142999.99999999997,205000.00000000003,"(-1.0, 0.0, 0.0, 0.0, 0.0, 0.0, 0.0, 0.0, 0.0)"
2025/07/05/17:48:32.795645,9729,1751712512,802983008,base_link,477000.0,-162999.99999999997,204000.00000000003,"(-1.0, 0.0, 0.0, 0.0, 0.0, 0.0, 0.0, 0.0, 0.0)"
2025/07/05/17:48:32.894054,9730,1751712512,901670008,base_link,452000.0,-170999.99999999997,238000.00000000003,"(-1.0, 0.0, 0.0, 0.0, 0.0, 0.0, 0.0, 0.0, 0.0)"
2025/07/05/17:48:32.994942,9731,1751712513,2228008,base_link,451000.0,-185999.99999999997,207000.00000000003,"(-1.0, 0.0, 0.0, 0.0, 0.0, 0.0, 0.0, 0.0, 0.0)"
2025/07/05/17:48:33.055739,9732,1751712513,61298008,base_link,451000.0,-185999.99999999997,207000.00000000003,"(-1.0, 0.0, 0.0, 0.0, 0.0, 0.0, 0.0, 0.0, 0.0)"
2025/07/05/17:48:33.174947,9733,1751712513,181113008,base_link,423000.0,-198999.99999999997,247000.00000000003,"(-1.0, 0.0, 0.0, 0.0, 0.0, 0.0, 0.0, 0.0, 0.0)"
2025/07/05/17:48:33.275099,9734,1751712513,281113008,base_link,436000.0,-218999.99999999997,252000.00000000003,"(-1.0, 0.0, 0.0, 0.0, 0.0, 0.0, 0.0, 0.0, 0.0)"
2025/07/05/17:48:33.374978,9735,1751712513,380919008,base_link,386000.0,-219999.99999999997,253000.00000000003,"(-1.0, 0.0, 0.0, 0.0, 0.0, 0.0, 0.0, 0.0, 0.0)"
2025/07/05/17:48:33.533509,9736,1751712513,541020008,base_link,420000.0,-256999.99999999997,295000.00000000006,"(-1.0, 0.0, 0.0, 0.0, 0.0, 0.0, 0.0, 0.0, 0.0)"
2025/07/05/17:48:33.635892,9737,1751712513,644213008,base_link,365000.0,-255999.99999999997,285000.00000000006,"(-1.0, 0.0, 0.0, 0.0, 0.0, 0.0, 0.0, 0.0, 0.0)"
2025/07/05/17:48:33.754112,9738,1751712513,760992008,base_link,369000.0,-271000.0,197000.00000000003,"(-1.0, 0.0, 0.0, 0.0, 0.0, 0.0, 0.0, 0.0, 0.0)"
2025/07/05/17:48:33.833609,9739,1751712513,841354008,base_link,292000.0,-267999.99999999994,281000.00000000006,"(-1.0, 0.0, 0.0, 0.0, 0.0, 0.0, 0.0, 0.0, 0.0)"
2025/07/05/17:48:33.974926,9740,1751712513,980718008,base_link,391000.0,-294000.0,224000.00000000003,"(-1.0, 0.0, 0.0, 0.0, 0.0, 0.0, 0.0, 0.0, 0.0)"
2025/07/05/17:48:34.074976,9741,1751712514,80794008,base_link,322000.0,-295000.0,213000.00000000003,"(-1.0, 0.0, 0.0, 0.0, 0.0, 0.0, 0.0, 0.0, 0.0)"
2025/07/05/17:48:34.175732,9742,1751712514,181136008,base_link,318000.0,-310999.99999999994,238000.00000000003,"(-1.0, 0.0, 0.0, 0.0, 0.0, 0.0, 0.0, 0.0, 0.0)"
2025/07/05/17:48:34.253599,9743,1751712514,261153008,base_link,283000.0,-312000.0,202000.00000000003,"(-1.0, 0.0, 0.0, 0.0, 0.0, 0.0, 0.0, 0.0, 0.0)"
2025/07/05/17:48:34.394421,9744,1751712514,401995008,base_link,374000.0,-353000.0,203000.00000000003,"(-1.0, 0.0, 0.0, 0.0, 0.0, 0.0, 0.0, 0.0, 0.0)"
2025/07/05/17:48:34.575069,9745,1751712514,581058008,base_link,307000.0,-354000.0,145000.00000000003,"(-1.0, 0.0, 0.0, 0.0, 0.0, 0.0, 0.0, 0.0, 0.0)"
2025/07/05/17:48:34.653559,9746,1751712514,661513008,base_link,281000.0,-359000.0,156000.00000000006,"(-1.0, 0.0, 0.0, 0.0, 0.0, 0.0, 0.0, 0.0, 0.0)"
2025/07/05/17:48:34.775819,9747,1751712514,781350008,base_link,297000.0,-366000.0,151000.00000000006,"(-1.0, 0.0, 0.0, 0.0, 0.0, 0.0, 0.0, 0.0, 0.0)"
2025/07/05/17:48:34.833008,9748,1751712514,841167008,base_link,235000.0,-376999.99999999994,298000.00000000006,"(-1.0, 0.0, 0.0, 0.0, 0.0, 0.0, 0.0, 0.0, 0.0)"
2025/07/05/17:48:34.974943,9749,1751712514,981345008,base_link,255000.0,-386999.99999999994,299000.00000000006,"(-1.0, 0.0, 0.0, 0.0, 0.0, 0.0, 0.0, 0.0, 0.0)"
2025/07/05/17:48:35.053686,9750,1751712515,61149008,base_link,206000.0,-378000.0,191000.00000000006,"(-1.0, 0.0, 0.0, 0.0, 0.0, 0.0, 0.0, 0.0, 0.0)"
2025/07/05/17:48:35.174840,9751,1751712515,180696008,base_link,207000.0,-374000.0,201000.00000000006,"(-1.0, 0.0, 0.0, 0.0, 0.0, 0.0, 0.0, 0.0, 0.0)"
2025/07/05/17:48:35.274972,9752,1751712515,280758008,base_link,218000.0,-395999.99999999994,300000.00000000006,"(-1.0, 0.0, 0.0, 0.0, 0.0, 0.0, 0.0, 0.0, 0.0)"
2025/07/05/17:48:35.415031,9753,1751712515,422244008,base_link,285000.0,-397000.0,229000.00000000006,"(-1.0, 0.0, 0.0, 0.0, 0.0, 0.0, 0.0, 0.0, 0.0)"
2025/07/05/17:48:35.574728,9754,1751712515,581004008,base_link,161000.0,-380999.99999999994,246000.00000000006,"(-1.0, 0.0, 0.0, 0.0, 0.0, 0.0, 0.0, 0.0, 0.0)"
2025/07/05/17:48:35.675472,9755,1751712515,681007008,base_link,270000.0,-405000.0,217000.00000000006,"(-1.0, 0.0, 0.0, 0.0, 0.0, 0.0, 0.0, 0.0, 0.0)"
2025/07/05/17:48:35.774750,9756,1751712515,780909008,base_link,186000.0,-388999.99999999994,281000.00000000006,"(-1.0, 0.0, 0.0, 0.0, 0.0, 0.0, 0.0, 0.0, 0.0)"
2025/07/05/17:48:35.853394,9757,1751712515,861338008,base_link,291000.0,-405000.0,219000.00000000006,"(-1.0, 0.0, 0.0, 0.0, 0.0, 0.0, 0.0, 0.0, 0.0)"
2025/07/05/17:48:35.994131,9758,1751712516,1914008,base_link,186000.0,-404000.0,177000.00000000006,"(-1.0, 0.0, 0.0, 0.0, 0.0, 0.0, 0.0, 0.0, 0.0)"
2025/07/05/17:48:36.114476,9759,1751712516,121179008,base_link,179000.0,-420000.0,214000.00000000006,"(-1.0, 0.0, 0.0, 0.0, 0.0, 0.0, 0.0, 0.0, 0.0)"
2025/07/05/17:48:36.194570,9760,1751712516,202250008,base_link,150000.0,-415000.0,171000.00000000006,"(-1.0, 0.0, 0.0, 0.0, 0.0, 0.0, 0.0, 0.0, 0.0)"
2025/07/05/17:48:36.294314,9761,1751712516,301930008,base_link,122000.0,-416999.99999999994,245000.00000000006,"(-1.0, 0.0, 0.0, 0.0, 0.0, 0.0, 0.0, 0.0, 0.0)"
2025/07/05/17:48:36.436003,9762,1751712516,443762008,base_link,210000.0,-422000.0,196000.00000000006,"(-1.0, 0.0, 0.0, 0.0, 0.0, 0.0, 0.0, 0.0, 0.0)"
2025/07/05/17:48:36.594003,9763,1751712516,601536008,base_link,146000.0,-398999.99999999994,308000.00000000006,"(-1.0, 0.0, 0.0, 0.0, 0.0, 0.0, 0.0, 0.0, 0.0)"
2025/07/05/17:48:36.674351,9764,1751712516,681515008,base_link,146000.0,-398999.99999999994,308000.00000000006,"(-1.0, 0.0, 0.0, 0.0, 0.0, 0.0, 0.0, 0.0, 0.0)"
2025/07/05/17:48:36.774908,9765,1751712516,781433008,base_link,149000.0,-396999.99999999994,321000.00000000006,"(-1.0, 0.0, 0.0, 0.0, 0.0, 0.0, 0.0, 0.0, 0.0)"
2025/07/05/17:48:36.853703,9766,1751712516,861370008,base_link,79000.0,-374999.99999999994,298000.00000000006,"(-1.0, 0.0, 0.0, 0.0, 0.0, 0.0, 0.0, 0.0, 0.0)"
2025/07/05/17:48:36.994633,9767,1751712517,2439008,base_link,250000.0,-395999.99999999994,284000.00000000006,"(-1.0, 0.0, 0.0, 0.0, 0.0, 0.0, 0.0, 0.0, 0.0)"
2025/07/05/17:48:37.094086,9768,1751712517,102095008,base_link,219000.0,-392999.99999999994,241000.00000000006,"(-1.0, 0.0, 0.0, 0.0, 0.0, 0.0, 0.0, 0.0, 0.0)"
2025/07/05/17:48:37.194748,9769,1751712517,202396008,base_link,208000.0,-416000.0,200000.00000000006,"(-1.0, 0.0, 0.0, 0.0, 0.0, 0.0, 0.0, 0.0, 0.0)"
2025/07/05/17:48:37.255441,9770,1751712517,261031008,base_link,208000.0,-416000.0,200000.00000000006,"(-1.0, 0.0, 0.0, 0.0, 0.0, 0.0, 0.0, 0.0, 0.0)"
2025/07/05/17:48:37.394252,9771,1751712517,401666008,base_link,161000.0,-435000.0,170000.00000000006,"(-1.0, 0.0, 0.0, 0.0, 0.0, 0.0, 0.0, 0.0, 0.0)"
2025/07/05/17:48:37.553480,9772,1751712517,560559008,base_link,150000.0,-433000.0,189000.00000000006,"(-1.0, 0.0, 0.0, 0.0, 0.0, 0.0, 0.0, 0.0, 0.0)"
2025/07/05/17:48:37.636372,9773,1751712517,644211008,base_link,139000.0,-425000.0,206000.00000000006,"(-1.0, 0.0, 0.0, 0.0, 0.0, 0.0, 0.0, 0.0, 0.0)"
2025/07/05/17:48:37.753010,9774,1751712517,760661008,base_link,161000.0,-425000.0,232000.00000000006,"(-1.0, 0.0, 0.0, 0.0, 0.0, 0.0, 0.0, 0.0, 0.0)"
2025/07/05/17:48:37.852841,9775,1751712517,860617008,base_link,118000.0,-425999.99999999994,248000.00000000006,"(-1.0, 0.0, 0.0, 0.0, 0.0, 0.0, 0.0, 0.0, 0.0)"
2025/07/05/17:48:37.974927,9776,1751712517,981241008,base_link,95000.0,-424000.0,203000.00000000006,"(-1.0, 0.0, 0.0, 0.0, 0.0, 0.0, 0.0, 0.0, 0.0)"
2025/07/05/17:48:38.053498,9777,1751712518,61155008,base_link,88000.0,-431000.0,196000.00000000006,"(-1.0, 0.0, 0.0, 0.0, 0.0, 0.0, 0.0, 0.0, 0.0)"
2025/07/05/17:48:38.174596,9778,1751712518,180680008,base_link,86000.0,-415000.0,230000.00000000006,"(-1.0, 0.0, 0.0, 0.0, 0.0, 0.0, 0.0, 0.0, 0.0)"
2025/07/05/17:48:38.275441,9779,1751712518,280950008,base_link,99000.0,-410999.99999999994,245000.00000000006,"(-1.0, 0.0, 0.0, 0.0, 0.0, 0.0, 0.0, 0.0, 0.0)"
2025/07/05/17:48:38.414693,9780,1751712518,422228008,base_link,81000.0,-388999.99999999994,247000.00000000006,"(-1.0, 0.0, 0.0, 0.0, 0.0, 0.0, 0.0, 0.0, 0.0)"
2025/07/05/17:48:38.574365,9781,1751712518,581033008,base_link,95000.0,-394999.99999999994,251000.00000000006,"(-1.0, 0.0, 0.0, 0.0, 0.0, 0.0, 0.0, 0.0, 0.0)"
2025/07/05/17:48:38.675425,9782,1751712518,681000008,base_link,58000.0,-389999.99999999994,262000.00000000006,"(-1.0, 0.0, 0.0, 0.0, 0.0, 0.0, 0.0, 0.0, 0.0)"
2025/07/05/17:48:38.774715,9783,1751712518,780799008,base_link,141000.0,-400000.0,233000.00000000006,"(-1.0, 0.0, 0.0, 0.0, 0.0, 0.0, 0.0, 0.0, 0.0)"
2025/07/05/17:48:38.874407,9784,1751712518,880732008,base_link,127000.0,-413000.0,205000.00000000006,"(-1.0, 0.0, 0.0, 0.0, 0.0, 0.0, 0.0, 0.0, 0.0)"
2025/07/05/17:48:38.994565,9785,1751712519,2260008,base_link,154000.0,-452000.0,178000.00000000006,"(-1.0, 0.0, 0.0, 0.0, 0.0, 0.0, 0.0, 0.0, 0.0)"
2025/07/05/17:48:39.075236,9786,1751712519,80910008,base_link,154000.0,-452000.0,178000.00000000006,"(-1.0, 0.0, 0.0, 0.0, 0.0, 0.0, 0.0, 0.0, 0.0)"
2025/07/05/17:48:39.175220,9787,1751712519,181283008,base_link,146000.0,-451000.0,180000.00000000006,"(-1.0, 0.0, 0.0, 0.0, 0.0, 0.0, 0.0, 0.0, 0.0)"
2025/07/05/17:48:39.253410,9788,1751712519,261316008,base_link,106000.0,-423000.0,208000.00000000006,"(-1.0, 0.0, 0.0, 0.0, 0.0, 0.0, 0.0, 0.0, 0.0)"
2025/07/05/17:48:39.374998,9789,1751712519,381037008,base_link,105000.0,-415000.0,204000.00000000006,"(-1.0, 0.0, 0.0, 0.0, 0.0, 0.0, 0.0, 0.0, 0.0)"
2025/07/05/17:48:39.533665,9790,1751712519,541316008,base_link,33000.0,-377999.99999999994,266000.00000000006,"(-1.0, 0.0, 0.0, 0.0, 0.0, 0.0, 0.0, 0.0, 0.0)"
2025/07/05/17:48:39.654552,9791,1751712519,660620008,base_link,85000.0,-390999.99999999994,240000.00000000006,"(-1.0, 0.0, 0.0, 0.0, 0.0, 0.0, 0.0, 0.0, 0.0)"
2025/07/05/17:48:39.733985,9792,1751712519,741343008,base_link,123000.0,-394999.99999999994,272000.00000000006,"(-1.0, 0.0, 0.0, 0.0, 0.0, 0.0, 0.0, 0.0, 0.0)"
2025/07/05/17:48:39.836328,9793,1751712519,844162008,base_link,128000.0,-397000.0,233000.00000000006,"(-1.0, 0.0, 0.0, 0.0, 0.0, 0.0, 0.0, 0.0, 0.0)"
2025/07/05/17:48:39.953205,9794,1751712519,960690008,base_link,123000.0,-409999.99999999994,292000.00000000006,"(-1.0, 0.0, 0.0, 0.0, 0.0, 0.0, 0.0, 0.0, 0.0)"
2025/07/05/17:48:40.036449,9795,1751712520,43965008,base_link,157000.0,-420000.0,189000.00000000006,"(-1.0, 0.0, 0.0, 0.0, 0.0, 0.0, 0.0, 0.0, 0.0)"
2025/07/05/17:48:40.134583,9796,1751712520,141370008,base_link,165000.0,-441000.0,150000.00000000006,"(-1.0, 0.0, 0.0, 0.0, 0.0, 0.0, 0.0, 0.0, 0.0)"
2025/07/05/17:48:40.255013,9797,1751712520,260662008,base_link,114000.0,-440000.0,169000.00000000006,"(-1.0, 0.0, 0.0, 0.0, 0.0, 0.0, 0.0, 0.0, 0.0)"
2025/07/05/17:48:40.332829,9798,1751712520,340567008,base_link,154000.0,-429000.0,202000.00000000006,"(-1.0, 0.0, 0.0, 0.0, 0.0, 0.0, 0.0, 0.0, 0.0)"
2025/07/05/17:48:40.494848,9799,1751712520,502591008,base_link,88000.0,-396000.0,235000.00000000006,"(-1.0, 0.0, 0.0, 0.0, 0.0, 0.0, 0.0, 0.0, 0.0)"
2025/07/05/17:48:40.594321,9800,1751712520,601962008,base_link,103000.0,-391999.99999999994,258000.00000000006,"(-1.0, 0.0, 0.0, 0.0, 0.0, 0.0, 0.0, 0.0, 0.0)"
2025/07/05/17:48:40.674219,9801,1751712520,680895008,base_link,103000.0,-391999.99999999994,258000.00000000006,"(-1.0, 0.0, 0.0, 0.0, 0.0, 0.0, 0.0, 0.0, 0.0)"
2025/07/05/17:48:40.775570,9802,1751712520,780907008,base_link,92000.0,-388999.99999999994,270000.00000000006,"(-1.0, 0.0, 0.0, 0.0, 0.0, 0.0, 0.0, 0.0, 0.0)"
2025/07/05/17:48:40.874975,9803,1751712520,880920008,base_link,114000.0,-397000.0,211000.00000000006,"(-1.0, 0.0, 0.0, 0.0, 0.0, 0.0, 0.0, 0.0, 0.0)"
2025/07/05/17:48:40.994905,9804,1751712521,2430008,base_link,141000.0,-412000.0,220000.00000000006,"(-1.0, 0.0, 0.0, 0.0, 0.0, 0.0, 0.0, 0.0, 0.0)"
2025/07/05/17:48:41.053527,9805,1751712521,61352008,base_link,141000.0,-412000.0,220000.00000000006,"(-1.0, 0.0, 0.0, 0.0, 0.0, 0.0, 0.0, 0.0, 0.0)"
2025/07/05/17:48:41.175183,9806,1751712521,180891008,base_link,171000.0,-416000.0,229000.00000000006,"(-1.0, 0.0, 0.0, 0.0, 0.0, 0.0, 0.0, 0.0, 0.0)"
2025/07/05/17:48:41.274849,9807,1751712521,280991008,base_link,157000.0,-404000.0,230000.00000000006,"(-1.0, 0.0, 0.0, 0.0, 0.0, 0.0, 0.0, 0.0, 0.0)"
2025/07/05/17:48:41.353405,9808,1751712521,361343008,base_link,201000.0,-395999.99999999994,243000.00000000006,"(-1.0, 0.0, 0.0, 0.0, 0.0, 0.0, 0.0, 0.0, 0.0)"
2025/07/05/17:48:41.574259,9809,1751712521,581038008,base_link,235000.0,-384999.99999999994,238000.00000000006,"(-1.0, 0.0, 0.0, 0.0, 0.0, 0.0, 0.0, 0.0, 0.0)"
2025/07/05/17:48:41.675347,9810,1751712521,681904008,base_link,213000.0,-396000.0,223000.00000000006,"(-1.0, 0.0, 0.0, 0.0, 0.0, 0.0, 0.0, 0.0, 0.0)"
2025/07/05/17:48:41.775151,9811,1751712521,780720008,base_link,173000.0,-414000.0,233000.00000000006,"(-1.0, 0.0, 0.0, 0.0, 0.0, 0.0, 0.0, 0.0, 0.0)"
2025/07/05/17:48:41.874968,9812,1751712521,881144008,base_link,159000.0,-421999.99999999994,239000.00000000006,"(-1.0, 0.0, 0.0, 0.0, 0.0, 0.0, 0.0, 0.0, 0.0)"
2025/07/05/17:48:41.994986,9813,1751712522,2443008,base_link,136000.0,-395999.99999999994,287000.00000000006,"(-1.0, 0.0, 0.0, 0.0, 0.0, 0.0, 0.0, 0.0, 0.0)"
2025/07/05/17:48:42.053913,9814,1751712522,61226008,base_link,136000.0,-395999.99999999994,287000.00000000006,"(-1.0, 0.0, 0.0, 0.0, 0.0, 0.0, 0.0, 0.0, 0.0)"
2025/07/05/17:48:42.154016,9815,1751712522,160740008,base_link,97000.0,-390999.99999999994,314000.00000000006,"(-1.0, 0.0, 0.0, 0.0, 0.0, 0.0, 0.0, 0.0, 0.0)"
2025/07/05/17:48:42.253409,9816,1751712522,260692008,base_link,84000.0,-384999.99999999994,318000.00000000006,"(-1.0, 0.0, 0.0, 0.0, 0.0, 0.0, 0.0, 0.0, 0.0)"
2025/07/05/17:48:42.354076,9817,1751712522,360670008,base_link,85000.0,-378999.99999999994,326000.00000000006,"(-1.0, 0.0, 0.0, 0.0, 0.0, 0.0, 0.0, 0.0, 0.0)"
2025/07/05/17:48:42.494883,9818,1751712522,501917008,base_link,73000.0,-390999.99999999994,322000.00000000006,"(-1.0, 0.0, 0.0, 0.0, 0.0, 0.0, 0.0, 0.0, 0.0)"
2025/07/05/17:48:42.595211,9819,1751712522,602695008,base_link,83000.0,-392999.99999999994,315000.00000000006,"(-1.0, 0.0, 0.0, 0.0, 0.0, 0.0, 0.0, 0.0, 0.0)"
2025/07/05/17:48:42.694126,9820,1751712522,701663008,base_link,93000.0,-395999.99999999994,309000.00000000006,"(-1.0, 0.0, 0.0, 0.0, 0.0, 0.0, 0.0, 0.0, 0.0)"
2025/07/05/17:48:42.795089,9821,1751712522,802576008,base_link,124000.0,-382999.99999999994,310000.00000000006,"(-1.0, 0.0, 0.0, 0.0, 0.0, 0.0, 0.0, 0.0, 0.0)"
2025/07/05/17:48:42.893820,9822,1751712522,901933008,base_link,133000.0,-379999.99999999994,312000.00000000006,"(-1.0, 0.0, 0.0, 0.0, 0.0, 0.0, 0.0, 0.0, 0.0)"
2025/07/05/17:48:43.014013,9823,1751712523,21584008,base_link,136000.0,-383999.99999999994,305000.00000000006,"(-1.0, 0.0, 0.0, 0.0, 0.0, 0.0, 0.0, 0.0, 0.0)"
2025/07/05/17:48:43.093931,9824,1751712523,101709008,base_link,131000.0,-393999.99999999994,295000.00000000006,"(-1.0, 0.0, 0.0, 0.0, 0.0, 0.0, 0.0, 0.0, 0.0)"
2025/07/05/17:48:43.194618,9825,1751712523,202477008,base_link,125000.0,-399999.99999999994,286000.00000000006,"(-1.0, 0.0, 0.0, 0.0, 0.0, 0.0, 0.0, 0.0, 0.0)"
2025/07/05/17:48:43.254589,9826,1751712523,261394008,base_link,125000.0,-399999.99999999994,286000.00000000006,"(-1.0, 0.0, 0.0, 0.0, 0.0, 0.0, 0.0, 0.0, 0.0)"
2025/07/05/17:48:43.394788,9827,1751712523,402715008,base_link,106000.0,-399999.99999999994,298000.00000000006,"(-1.0, 0.0, 0.0, 0.0, 0.0, 0.0, 0.0, 0.0, 0.0)"
2025/07/05/17:48:43.594723,9828,1751712523,602511008,base_link,86000.0,-398999.99999999994,306000.00000000006,"(-1.0, 0.0, 0.0, 0.0, 0.0, 0.0, 0.0, 0.0, 0.0)"
2025/07/05/17:48:43.693798,9829,1751712523,701949008,base_link,76000.0,-403999.99999999994,303000.00000000006,"(-1.0, 0.0, 0.0, 0.0, 0.0, 0.0, 0.0, 0.0, 0.0)"
2025/07/05/17:48:43.794754,9830,1751712523,802167008,base_link,66000.0,-407999.99999999994,297000.00000000006,"(-1.0, 0.0, 0.0, 0.0, 0.0, 0.0, 0.0, 0.0, 0.0)"
2025/07/05/17:48:43.916051,9831,1751712523,921988008,base_link,58000.0,-411999.99999999994,294000.00000000006,"(-1.0, 0.0, 0.0, 0.0, 0.0, 0.0, 0.0, 0.0, 0.0)"
2025/07/05/17:48:44.014477,9832,1751712524,22548008,base_link,48000.0,-413999.99999999994,292000.00000000006,"(-1.0, 0.0, 0.0, 0.0, 0.0, 0.0, 0.0, 0.0, 0.0)"
2025/07/05/17:48:44.095667,9833,1751712524,102410008,base_link,37000.0,-413999.99999999994,293000.00000000006,"(-1.0, 0.0, 0.0, 0.0, 0.0, 0.0, 0.0, 0.0, 0.0)"
2025/07/05/17:48:44.195476,9834,1751712524,202737008,base_link,29000.0,-413999.99999999994,295000.00000000006,"(-1.0, 0.0, 0.0, 0.0, 0.0, 0.0, 0.0, 0.0, 0.0)"
2025/07/05/17:48:44.293760,9835,1751712524,301900008,base_link,19000.0,-412999.99999999994,297000.00000000006,"(-1.0, 0.0, 0.0, 0.0, 0.0, 0.0, 0.0, 0.0, 0.0)"
2025/07/05/17:48:44.414616,9836,1751712524,422715008,base_link,11000.0,-413999.99999999994,296000.00000000006,"(-1.0, 0.0, 0.0, 0.0, 0.0, 0.0, 0.0, 0.0, 0.0)"
2025/07/05/17:48:44.594444,9837,1751712524,602501008,base_link,-2000.0,-414999.99999999994,292000.00000000006,"(-1.0, 0.0, 0.0, 0.0, 0.0, 0.0, 0.0, 0.0, 0.0)"
2025/07/05/17:48:44.674380,9838,1751712524,681630008,base_link,-2000.0,-414999.99999999994,292000.00000000006,"(-1.0, 0.0, 0.0, 0.0, 0.0, 0.0, 0.0, 0.0, 0.0)"
2025/07/05/17:48:44.774716,9839,1751712524,780716008,base_link,-10000.0,-417999.99999999994,289000.00000000006,"(-1.0, 0.0, 0.0, 0.0, 0.0, 0.0, 0.0, 0.0, 0.0)"
2025/07/05/17:48:44.875550,9840,1751712524,881373008,base_link,-17000.0,-418999.99999999994,286000.00000000006,"(-1.0, 0.0, 0.0, 0.0, 0.0, 0.0, 0.0, 0.0, 0.0)"
2025/07/05/17:48:44.994790,9841,1751712525,2491008,base_link,-30000.0,-417999.99999999994,286000.00000000006,"(-1.0, 0.0, 0.0, 0.0, 0.0, 0.0, 0.0, 0.0, 0.0)"
2025/07/05/17:48:45.074288,9842,1751712525,80715008,base_link,-30000.0,-417999.99999999994,286000.00000000006,"(-1.0, 0.0, 0.0, 0.0, 0.0, 0.0, 0.0, 0.0, 0.0)"
2025/07/05/17:48:45.174835,9843,1751712525,181006008,base_link,-35000.0,-417999.99999999994,287000.00000000006,"(-1.0, 0.0, 0.0, 0.0, 0.0, 0.0, 0.0, 0.0, 0.0)"
2025/07/05/17:48:45.252696,9844,1751712525,260514008,base_link,-41000.0,-415999.99999999994,287000.00000000006,"(-1.0, 0.0, 0.0, 0.0, 0.0, 0.0, 0.0, 0.0, 0.0)"
2025/07/05/17:48:45.352602,9845,1751712525,360503008,base_link,-48000.0,-415999.99999999994,287000.00000000006,"(-1.0, 0.0, 0.0, 0.0, 0.0, 0.0, 0.0, 0.0, 0.0)"
2025/07/05/17:48:45.532950,9846,1751712525,540637008,base_link,-57000.0,-414999.99999999994,285000.00000000006,"(-1.0, 0.0, 0.0, 0.0, 0.0, 0.0, 0.0, 0.0, 0.0)"
2025/07/05/17:48:45.617360,9847,1751712525,624953008,base_link,-63000.0,-414999.99999999994,284000.00000000006,"(-1.0, 0.0, 0.0, 0.0, 0.0, 0.0, 0.0, 0.0, 0.0)"
2025/07/05/17:48:45.696108,9848,1751712525,702334008,base_link,-67000.0,-412999.99999999994,284000.00000000006,"(-1.0, 0.0, 0.0, 0.0, 0.0, 0.0, 0.0, 0.0, 0.0)"
2025/07/05/17:48:45.795534,9849,1751712525,802993008,base_link,-73000.0,-411999.99999999994,282000.00000000006,"(-1.0, 0.0, 0.0, 0.0, 0.0, 0.0, 0.0, 0.0, 0.0)"
2025/07/05/17:48:45.894667,9850,1751712525,902596008,base_link,-79000.0,-412999.99999999994,283000.00000000006,"(-1.0, 0.0, 0.0, 0.0, 0.0, 0.0, 0.0, 0.0, 0.0)"
2025/07/05/17:48:45.994772,9851,1751712526,2670008,base_link,-84000.0,-412999.99999999994,281000.00000000006,"(-1.0, 0.0, 0.0, 0.0, 0.0, 0.0, 0.0, 0.0, 0.0)"
2025/07/05/17:48:46.093898,9852,1751712526,101399008,base_link,-88000.0,-410999.99999999994,281000.00000000006,"(-1.0, 0.0, 0.0, 0.0, 0.0, 0.0, 0.0, 0.0, 0.0)"
2025/07/05/17:48:46.194131,9853,1751712526,202181008,base_link,-93000.0,-410999.99999999994,279000.00000000006,"(-1.0, 0.0, 0.0, 0.0, 0.0, 0.0, 0.0, 0.0, 0.0)"
2025/07/05/17:48:46.254612,9854,1751712526,261339008,base_link,-93000.0,-410999.99999999994,279000.00000000006,"(-1.0, 0.0, 0.0, 0.0, 0.0, 0.0, 0.0, 0.0, 0.0)"
2025/07/05/17:48:46.393832,9855,1751712526,401732008,base_link,-101000.0,-408999.99999999994,278000.00000000006,"(-1.0, 0.0, 0.0, 0.0, 0.0, 0.0, 0.0, 0.0, 0.0)"
2025/07/05/17:48:46.574788,9856,1751712526,580761008,base_link,-106000.0,-407999.99999999994,278000.00000000006,"(-1.0, 0.0, 0.0, 0.0, 0.0, 0.0, 0.0, 0.0, 0.0)"
2025/07/05/17:48:46.675678,9857,1751712526,681763008,base_link,-110000.0,-407999.99999999994,277000.00000000006,"(-1.0, 0.0, 0.0, 0.0, 0.0, 0.0, 0.0, 0.0, 0.0)"
2025/07/05/17:48:46.774743,9858,1751712526,781387008,base_link,-105000.0,-407999.99999999994,273000.00000000006,"(-1.0, 0.0, 0.0, 0.0, 0.0, 0.0, 0.0, 0.0, 0.0)"
2025/07/05/17:48:46.874496,9859,1751712526,880964008,base_link,-107000.0,-411999.99999999994,269000.00000000006,"(-1.0, 0.0, 0.0, 0.0, 0.0, 0.0, 0.0, 0.0, 0.0)"
2025/07/05/17:48:46.993841,9860,1751712527,1760008,base_link,-98000.0,-410999.99999999994,255000.00000000006,"(-1.0, 0.0, 0.0, 0.0, 0.0, 0.0, 0.0, 0.0, 0.0)"
2025/07/05/17:48:47.094403,9861,1751712527,102098008,base_link,-115000.0,-408999.99999999994,269000.00000000006,"(-1.0, 0.0, 0.0, 0.0, 0.0, 0.0, 0.0, 0.0, 0.0)"
2025/07/05/17:48:47.174265,9862,1751712527,180924008,base_link,-115000.0,-408999.99999999994,269000.00000000006,"(-1.0, 0.0, 0.0, 0.0, 0.0, 0.0, 0.0, 0.0, 0.0)"
2025/07/05/17:48:47.274960,9863,1751712527,280945008,base_link,-123000.0,-407999.99999999994,270000.00000000006,"(-1.0, 0.0, 0.0, 0.0, 0.0, 0.0, 0.0, 0.0, 0.0)"
2025/07/05/17:48:47.417377,9864,1751712527,424236008,base_link,-138000.0,-402999.99999999994,276000.00000000006,"(-1.0, 0.0, 0.0, 0.0, 0.0, 0.0, 0.0, 0.0, 0.0)"
2025/07/05/17:48:47.593486,9865,1751712527,601744008,base_link,-116000.0,-398999.99999999994,250000.00000000006,"(-1.0, 0.0, 0.0, 0.0, 0.0, 0.0, 0.0, 0.0, 0.0)"
2025/07/05/17:48:47.672991,9866,1751712527,680907008,base_link,-116000.0,-398999.99999999994,250000.00000000006,"(-1.0, 0.0, 0.0, 0.0, 0.0, 0.0, 0.0, 0.0, 0.0)"
2025/07/05/17:48:47.775121,9867,1751712527,780937008,base_link,-132000.0,-397999.99999999994,254000.00000000006,"(-1.0, 0.0, 0.0, 0.0, 0.0, 0.0, 0.0, 0.0, 0.0)"
2025/07/05/17:48:47.875350,9868,1751712527,881090008,base_link,-139000.0,-396999.99999999994,259000.00000000006,"(-1.0, 0.0, 0.0, 0.0, 0.0, 0.0, 0.0, 0.0, 0.0)"
2025/07/05/17:48:47.993978,9869,1751712528,1930008,base_link,-140000.0,-394999.99999999994,243000.00000000006,"(-1.0, 0.0, 0.0, 0.0, 0.0, 0.0, 0.0, 0.0, 0.0)"
2025/07/05/17:48:48.094507,9870,1751712528,102139008,base_link,-132000.0,-392999.99999999994,238000.00000000006,"(-1.0, 0.0, 0.0, 0.0, 0.0, 0.0, 0.0, 0.0, 0.0)"
2025/07/05/17:48:48.174311,9871,1751712528,181120008,base_link,-132000.0,-392999.99999999994,238000.00000000006,"(-1.0, 0.0, 0.0, 0.0, 0.0, 0.0, 0.0, 0.0, 0.0)"
2025/07/05/17:48:48.274745,9872,1751712528,281111008,base_link,-149000.0,-388999.99999999994,247000.00000000006,"(-1.0, 0.0, 0.0, 0.0, 0.0, 0.0, 0.0, 0.0, 0.0)"
2025/07/05/17:48:48.353248,9873,1751712528,361320008,base_link,-158000.0,-385999.99999999994,256000.00000000006,"(-1.0, 0.0, 0.0, 0.0, 0.0, 0.0, 0.0, 0.0, 0.0)"
2025/07/05/17:48:48.532522,9874,1751712528,541045008,base_link,-171000.0,-382999.99999999994,252000.00000000006,"(-1.0, 0.0, 0.0, 0.0, 0.0, 0.0, 0.0, 0.0, 0.0)"
2025/07/05/17:48:48.653505,9875,1751712528,660660008,base_link,-177000.0,-379999.99999999994,249000.00000000006,"(-1.0, 0.0, 0.0, 0.0, 0.0, 0.0, 0.0, 0.0, 0.0)"
2025/07/05/17:48:48.753353,9876,1751712528,761032008,base_link,-160000.0,-378000.0,236000.00000000006,"(-1.0, 0.0, 0.0, 0.0, 0.0, 0.0, 0.0, 0.0, 0.0)"
2025/07/05/17:48:48.835997,9877,1751712528,844014008,base_link,-177000.0,-375000.0,237000.00000000006,"(-1.0, 0.0, 0.0, 0.0, 0.0, 0.0, 0.0, 0.0, 0.0)"
2025/07/05/17:48:48.953169,9878,1751712528,960718008,base_link,-193000.0,-371999.99999999994,248000.00000000006,"(-1.0, 0.0, 0.0, 0.0, 0.0, 0.0, 0.0, 0.0, 0.0)"
2025/07/05/17:48:49.036452,9879,1751712529,44014008,base_link,-194000.0,-366999.99999999994,245000.00000000006,"(-1.0, 0.0, 0.0, 0.0, 0.0, 0.0, 0.0, 0.0, 0.0)"
2025/07/05/17:48:49.132088,9880,1751712529,140568008,base_link,-208000.0,-363999.99999999994,247000.00000000006,"(-1.0, 0.0, 0.0, 0.0, 0.0, 0.0, 0.0, 0.0, 0.0)"
2025/07/05/17:48:49.216660,9881,1751712529,224678008,base_link,-207000.0,-358999.99999999994,242000.00000000006,"(-1.0, 0.0, 0.0, 0.0, 0.0, 0.0, 0.0, 0.0, 0.0)"
2025/07/05/17:48:49.314837,9882,1751712529,321409008,base_link,-210000.0,-357999.99999999994,239000.00000000006,"(-1.0, 0.0, 0.0, 0.0, 0.0, 0.0, 0.0, 0.0, 0.0)"
2025/07/05/17:48:49.395400,9883,1751712529,402949008,base_link,-207000.0,-354000.0,231000.00000000003,"(-1.0, 0.0, 0.0, 0.0, 0.0, 0.0, 0.0, 0.0, 0.0)"
2025/07/05/17:48:49.553147,9884,1751712529,561333008,base_link,-222000.0,-349999.99999999994,239000.00000000003,"(-1.0, 0.0, 0.0, 0.0, 0.0, 0.0, 0.0, 0.0, 0.0)"
2025/07/05/17:48:49.674682,9885,1751712529,681003008,base_link,-221000.0,-346000.0,231000.00000000003,"(-1.0, 0.0, 0.0, 0.0, 0.0, 0.0, 0.0, 0.0, 0.0)"
2025/07/05/17:48:49.774737,9886,1751712529,781302008,base_link,-233000.0,-341999.99999999994,240000.00000000003,"(-1.0, 0.0, 0.0, 0.0, 0.0, 0.0, 0.0, 0.0, 0.0)"
2025/07/05/17:48:49.874629,9887,1751712529,880971008,base_link,-220000.0,-341000.0,224000.00000000003,"(-1.0, 0.0, 0.0, 0.0, 0.0, 0.0, 0.0, 0.0, 0.0)"
2025/07/05/17:48:49.994199,9888,1751712530,2184008,base_link,-245000.0,-331000.0,235000.00000000003,"(-1.0, 0.0, 0.0, 0.0, 0.0, 0.0, 0.0, 0.0, 0.0)"
2025/07/05/17:48:50.054732,9889,1751712530,61016008,base_link,-245000.0,-331000.0,235000.00000000003,"(-1.0, 0.0, 0.0, 0.0, 0.0, 0.0, 0.0, 0.0, 0.0)"
2025/07/05/17:48:50.153459,9890,1751712530,161152008,base_link,-241000.0,-315999.99999999994,240000.00000000003,"(-1.0, 0.0, 0.0, 0.0, 0.0, 0.0, 0.0, 0.0, 0.0)"
2025/07/05/17:48:50.235480,9891,1751712530,243925008,base_link,-245000.0,-311999.99999999994,241000.00000000003,"(-1.0, 0.0, 0.0, 0.0, 0.0, 0.0, 0.0, 0.0, 0.0)"
2025/07/05/17:48:50.353030,9892,1751712530,360695008,base_link,-255000.0,-309000.0,232000.00000000003,"(-1.0, 0.0, 0.0, 0.0, 0.0, 0.0, 0.0, 0.0, 0.0)"
2025/07/05/17:48:50.532369,9893,1751712530,540600008,base_link,-279000.0,-301000.0,237000.00000000003,"(-1.0, 0.0, 0.0, 0.0, 0.0, 0.0, 0.0, 0.0, 0.0)"
2025/07/05/17:48:50.635267,9894,1751712530,643606008,base_link,-283000.0,-296000.0,233000.00000000003,"(-1.0, 0.0, 0.0, 0.0, 0.0, 0.0, 0.0, 0.0, 0.0)"
2025/07/05/17:48:50.695168,9895,1751712530,702413008,base_link,-292000.0,-290999.99999999994,238000.00000000003,"(-1.0, 0.0, 0.0, 0.0, 0.0, 0.0, 0.0, 0.0, 0.0)"
2025/07/05/17:48:50.813909,9896,1751712530,822138008,base_link,-289000.0,-285000.0,232000.00000000003,"(-1.0, 0.0, 0.0, 0.0, 0.0, 0.0, 0.0, 0.0, 0.0)"
2025/07/05/17:48:50.893244,9897,1751712530,901651008,base_link,-302000.0,-282000.0,236000.00000000003,"(-1.0, 0.0, 0.0, 0.0, 0.0, 0.0, 0.0, 0.0, 0.0)"
2025/07/05/17:48:50.994169,9898,1751712531,2434008,base_link,-296000.0,-277000.0,229000.00000000003,"(-1.0, 0.0, 0.0, 0.0, 0.0, 0.0, 0.0, 0.0, 0.0)"
2025/07/05/17:48:51.093809,9899,1751712531,101763008,base_link,-299000.0,-274000.0,228000.00000000003,"(-1.0, 0.0, 0.0, 0.0, 0.0, 0.0, 0.0, 0.0, 0.0)"
2025/07/05/17:48:51.173493,9900,1751712531,181755008,base_link,-299000.0,-274000.0,228000.00000000003,"(-1.0, 0.0, 0.0, 0.0, 0.0, 0.0, 0.0, 0.0, 0.0)"
2025/07/05/17:48:51.254939,9901,1751712531,261330008,base_link,-306000.0,-269000.0,228000.00000000003,"(-1.0, 0.0, 0.0, 0.0, 0.0, 0.0, 0.0, 0.0, 0.0)"
2025/07/05/17:48:51.375552,9902,1751712531,380766008,base_link,-305000.0,-265000.0,225000.00000000003,"(-1.0, 0.0, 0.0, 0.0, 0.0, 0.0, 0.0, 0.0, 0.0)"
2025/07/05/17:48:51.553098,9903,1751712531,560631008,base_link,-313000.0,-253999.99999999997,220000.00000000003,"(-1.0, 0.0, 0.0, 0.0, 0.0, 0.0, 0.0, 0.0, 0.0)"
2025/07/05/17:48:51.652604,9904,1751712531,660615008,base_link,-325000.0,-243999.99999999997,223000.00000000003,"(-1.0, 0.0, 0.0, 0.0, 0.0, 0.0, 0.0, 0.0, 0.0)"
2025/07/05/17:48:51.732139,9905,1751712531,740526008,base_link,-328000.0,-235999.99999999997,227000.00000000003,"(-1.0, 0.0, 0.0, 0.0, 0.0, 0.0, 0.0, 0.0, 0.0)"
2025/07/05/17:48:51.816595,9906,1751712531,824645008,base_link,-337000.0,-229999.99999999997,226000.00000000003,"(-1.0, 0.0, 0.0, 0.0, 0.0, 0.0, 0.0, 0.0, 0.0)"
2025/07/05/17:48:51.913371,9907,1751712531,921388008,base_link,-330000.0,-220999.99999999997,219000.00000000003,"(-1.0, 0.0, 0.0, 0.0, 0.0, 0.0, 0.0, 0.0, 0.0)"
2025/07/05/17:48:52.016738,9908,1751712532,24694008,base_link,-338000.0,-211999.99999999997,224000.00000000003,"(-1.0, 0.0, 0.0, 0.0, 0.0, 0.0, 0.0, 0.0, 0.0)"
2025/07/05/17:48:52.113604,9909,1751712532,122165008,base_link,-345000.0,-206999.99999999997,226000.00000000003,"(-1.0, 0.0, 0.0, 0.0, 0.0, 0.0, 0.0, 0.0, 0.0)"
2025/07/05/17:48:52.196178,9910,1751712532,202566008,base_link,-347000.0,-201999.99999999997,221000.00000000003,"(-1.0, 0.0, 0.0, 0.0, 0.0, 0.0, 0.0, 0.0, 0.0)"
2025/07/05/17:48:52.293518,9911,1751712532,301678008,base_link,-341000.0,-196999.99999999997,220000.00000000003,"(-1.0, 0.0, 0.0, 0.0, 0.0, 0.0, 0.0, 0.0, 0.0)"
2025/07/05/17:48:52.394212,9912,1751712532,402522008,base_link,-345000.0,-191999.99999999997,215000.00000000003,"(-1.0, 0.0, 0.0, 0.0, 0.0, 0.0, 0.0, 0.0, 0.0)"
2025/07/05/17:48:52.574558,9913,1751712532,580717008,base_link,-344000.0,-187999.99999999997,212000.00000000003,"(-1.0, 0.0, 0.0, 0.0, 0.0, 0.0, 0.0, 0.0, 0.0)"
2025/07/05/17:48:52.675184,9914,1751712532,681155008,base_link,-338000.0,-181999.99999999997,207000.00000000003,"(-1.0, 0.0, 0.0, 0.0, 0.0, 0.0, 0.0, 0.0, 0.0)"
2025/07/05/17:48:52.774759,9915,1751712532,781292008,base_link,-336000.0,-176999.99999999997,204000.00000000003,"(-1.0, 0.0, 0.0, 0.0, 0.0, 0.0, 0.0, 0.0, 0.0)"
2025/07/05/17:48:52.852845,9916,1751712532,861330008,base_link,-350000.0,-167999.99999999997,214000.00000000003,"(-1.0, 0.0, 0.0, 0.0, 0.0, 0.0, 0.0, 0.0, 0.0)"
2025/07/05/17:48:52.994047,9917,1751712533,2195008,base_link,-358000.0,-148999.99999999997,210000.00000000003,"(-1.0, 0.0, 0.0, 0.0, 0.0, 0.0, 0.0, 0.0, 0.0)"
2025/07/05/17:48:53.093484,9918,1751712533,101764008,base_link,-365000.0,-136999.99999999997,210000.00000000003,"(-1.0, 0.0, 0.0, 0.0, 0.0, 0.0, 0.0, 0.0, 0.0)"
2025/07/05/17:48:53.193429,9919,1751712533,201686008,base_link,-353000.0,-113999.99999999997,217000.0,"(-1.0, 0.0, 0.0, 0.0, 0.0, 0.0, 0.0, 0.0, 0.0)"
2025/07/05/17:48:53.274675,9920,1751712533,280709008,base_link,-353000.0,-113999.99999999997,217000.0,"(-1.0, 0.0, 0.0, 0.0, 0.0, 0.0, 0.0, 0.0, 0.0)"
2025/07/05/17:48:53.417061,9921,1751712533,424542008,base_link,-349000.0,-92999.99999999997,224000.0,"(-1.0, 0.0, 0.0, 0.0, 0.0, 0.0, 0.0, 0.0, 0.0)"
2025/07/05/17:48:53.574314,9922,1751712533,581045008,base_link,-361000.0,-109999.99999999997,216000.0,"(-1.0, 0.0, 0.0, 0.0, 0.0, 0.0, 0.0, 0.0, 0.0)"
2025/07/05/17:48:53.674784,9923,1751712533,681609008,base_link,-365000.0,-119999.99999999997,221000.00000000003,"(-1.0, 0.0, 0.0, 0.0, 0.0, 0.0, 0.0, 0.0, 0.0)"
2025/07/05/17:48:53.774775,9924,1751712533,780732008,base_link,-351000.0,-124999.99999999997,235000.00000000003,"(-1.0, 0.0, 0.0, 0.0, 0.0, 0.0, 0.0, 0.0, 0.0)"
2025/07/05/17:48:53.874737,9925,1751712533,881031008,base_link,-353000.0,-143999.99999999997,229000.00000000003,"(-1.0, 0.0, 0.0, 0.0, 0.0, 0.0, 0.0, 0.0, 0.0)"
2025/07/05/17:48:53.994362,9926,1751712534,2544008,base_link,-368000.0,-169999.99999999997,222000.00000000003,"(-1.0, 0.0, 0.0, 0.0, 0.0, 0.0, 0.0, 0.0, 0.0)"
2025/07/05/17:48:54.074367,9927,1751712534,80709008,base_link,-368000.0,-169999.99999999997,222000.00000000003,"(-1.0, 0.0, 0.0, 0.0, 0.0, 0.0, 0.0, 0.0, 0.0)"
2025/07/05/17:48:54.174216,9928,1751712534,181043008,base_link,-362000.0,-164999.99999999997,215000.00000000003,"(-1.0, 0.0, 0.0, 0.0, 0.0, 0.0, 0.0, 0.0, 0.0)"
2025/07/05/17:48:54.252818,9929,1751712534,261375008,base_link,-362000.0,-144999.99999999997,221000.00000000003,"(-1.0, 0.0, 0.0, 0.0, 0.0, 0.0, 0.0, 0.0, 0.0)"
2025/07/05/17:48:54.352980,9930,1751712534,361339008,base_link,-361000.0,-125999.99999999997,227000.00000000003,"(-1.0, 0.0, 0.0, 0.0, 0.0, 0.0, 0.0, 0.0, 0.0)"
2025/07/05/17:48:54.552352,9931,1751712534,560577008,base_link,-352000.0,-97999.99999999997,230000.0,"(-1.0, 0.0, 0.0, 0.0, 0.0, 0.0, 0.0, 0.0, 0.0)"
2025/07/05/17:48:54.652772,9932,1751712534,660743008,base_link,-369000.0,-113999.99999999997,222000.0,"(-1.0, 0.0, 0.0, 0.0, 0.0, 0.0, 0.0, 0.0, 0.0)"
2025/07/05/17:48:54.752866,9933,1751712534,760891008,base_link,-365000.0,-120999.99999999997,224000.00000000003,"(-1.0, 0.0, 0.0, 0.0, 0.0, 0.0, 0.0, 0.0, 0.0)"
2025/07/05/17:48:54.835547,9934,1751712534,844208008,base_link,-361000.0,-133999.99999999997,219000.00000000003,"(-1.0, 0.0, 0.0, 0.0, 0.0, 0.0, 0.0, 0.0, 0.0)"
2025/07/05/17:48:54.933038,9935,1751712534,941313008,base_link,-347000.0,-134999.99999999997,226000.00000000003,"(-1.0, 0.0, 0.0, 0.0, 0.0, 0.0, 0.0, 0.0, 0.0)"
2025/07/05/17:48:55.014189,9936,1751712535,22592008,base_link,-356000.0,-150999.99999999997,224000.00000000003,"(-1.0, 0.0, 0.0, 0.0, 0.0, 0.0, 0.0, 0.0, 0.0)"
2025/07/05/17:48:55.093418,9937,1751712535,102466008,base_link,-365000.0,-154999.99999999997,222000.00000000003,"(-1.0, 0.0, 0.0, 0.0, 0.0, 0.0, 0.0, 0.0, 0.0)"
2025/07/05/17:48:55.194830,9938,1751712535,202726008,base_link,-366000.0,-153999.99999999997,218000.00000000003,"(-1.0, 0.0, 0.0, 0.0, 0.0, 0.0, 0.0, 0.0, 0.0)"
2025/07/05/17:48:55.293377,9939,1751712535,301704008,base_link,-350000.0,-122999.99999999997,229000.00000000003,"(-1.0, 0.0, 0.0, 0.0, 0.0, 0.0, 0.0, 0.0, 0.0)"
2025/07/05/17:48:55.394912,9940,1751712535,402753008,base_link,-361000.0,-125999.99999999997,224000.00000000003,"(-1.0, 0.0, 0.0, 0.0, 0.0, 0.0, 0.0, 0.0, 0.0)"
2025/07/05/17:48:55.552715,9941,1751712535,561290008,base_link,-362000.0,-119999.99999999997,221000.00000000003,"(-1.0, 0.0, 0.0, 0.0, 0.0, 0.0, 0.0, 0.0, 0.0)"
2025/07/05/17:48:55.674732,9942,1751712535,681554008,base_link,-368000.0,-123999.99999999997,223000.00000000003,"(-1.0, 0.0, 0.0, 0.0, 0.0, 0.0, 0.0, 0.0, 0.0)"
2025/07/05/17:48:55.753324,9943,1751712535,761170008,base_link,-354000.0,-119999.99999999997,230000.00000000003,"(-1.0, 0.0, 0.0, 0.0, 0.0, 0.0, 0.0, 0.0, 0.0)"
2025/07/05/17:48:55.832269,9944,1751712535,841332008,base_link,-351000.0,-140999.99999999997,228000.00000000003,"(-1.0, 0.0, 0.0, 0.0, 0.0, 0.0, 0.0, 0.0, 0.0)"
2025/07/05/17:48:55.974463,9945,1751712535,981240008,base_link,-360000.0,-155999.99999999997,223000.00000000003,"(-1.0, 0.0, 0.0, 0.0, 0.0, 0.0, 0.0, 0.0, 0.0)"
2025/07/05/17:48:56.052615,9946,1751712536,61306008,base_link,-359000.0,-165999.99999999997,223000.00000000003,"(-1.0, 0.0, 0.0, 0.0, 0.0, 0.0, 0.0, 0.0, 0.0)"
2025/07/05/17:48:56.152672,9947,1751712536,161342008,base_link,-353000.0,-160999.99999999997,212000.00000000003,"(-1.0, 0.0, 0.0, 0.0, 0.0, 0.0, 0.0, 0.0, 0.0)"
2025/07/05/17:48:56.232388,9948,1751712536,241373008,base_link,-341000.0,-152999.99999999997,189000.00000000003,"(-1.0, 0.0, 0.0, 0.0, 0.0, 0.0, 0.0, 0.0, 0.0)"
2025/07/05/17:48:56.352916,9949,1751712536,360542008,base_link,-329000.0,-135999.99999999997,184000.00000000003,"(-1.0, 0.0, 0.0, 0.0, 0.0, 0.0, 0.0, 0.0, 0.0)"
2025/07/05/17:48:56.493609,9950,1751712536,501993008,base_link,-345000.0,-98999.99999999997,214000.0,"(-1.0, 0.0, 0.0, 0.0, 0.0, 0.0, 0.0, 0.0, 0.0)"
2025/07/05/17:48:56.593554,9951,1751712536,601687008,base_link,-353000.0,-100999.99999999997,203000.0,"(-1.0, 0.0, 0.0, 0.0, 0.0, 0.0, 0.0, 0.0, 0.0)"
2025/07/05/17:48:56.693517,9952,1751712536,701673008,base_link,-350000.0,-103999.99999999997,198000.0,"(-1.0, 0.0, 0.0, 0.0, 0.0, 0.0, 0.0, 0.0, 0.0)"
2025/07/05/17:48:56.773505,9953,1751712536,781738008,base_link,-350000.0,-103999.99999999997,198000.0,"(-1.0, 0.0, 0.0, 0.0, 0.0, 0.0, 0.0, 0.0, 0.0)"
2025/07/05/17:48:56.873641,9954,1751712536,881000008,base_link,-343000.0,-105999.99999999997,208000.0,"(-1.0, 0.0, 0.0, 0.0, 0.0, 0.0, 0.0, 0.0, 0.0)"
2025/07/05/17:48:56.953268,9955,1751712536,960585008,base_link,-348000.0,-115999.99999999997,216000.0,"(-1.0, 0.0, 0.0, 0.0, 0.0, 0.0, 0.0, 0.0, 0.0)"
2025/07/05/17:48:57.054633,9956,1751712537,60707008,base_link,-349000.0,-126999.99999999997,226000.00000000003,"(-1.0, 0.0, 0.0, 0.0, 0.0, 0.0, 0.0, 0.0, 0.0)"
2025/07/05/17:48:57.153069,9957,1751712537,160886008,base_link,-357000.0,-148999.99999999997,227000.00000000003,"(-1.0, 0.0, 0.0, 0.0, 0.0, 0.0, 0.0, 0.0, 0.0)"
2025/07/05/17:48:57.235495,9958,1751712537,244179008,base_link,-355000.0,-155999.99999999997,222000.00000000003,"(-1.0, 0.0, 0.0, 0.0, 0.0, 0.0, 0.0, 0.0, 0.0)"
2025/07/05/17:48:57.353402,9959,1751712537,360607008,base_link,-368000.0,-160999.99999999997,219000.00000000003,"(-1.0, 0.0, 0.0, 0.0, 0.0, 0.0, 0.0, 0.0, 0.0)"
2025/07/05/17:48:57.532541,9960,1751712537,540907008,base_link,-360000.0,-125999.99999999997,223000.00000000003,"(-1.0, 0.0, 0.0, 0.0, 0.0, 0.0, 0.0, 0.0, 0.0)"
2025/07/05/17:48:57.655401,9961,1751712537,663675008,base_link,-355000.0,-116999.99999999997,225000.0,"(-1.0, 0.0, 0.0, 0.0, 0.0, 0.0, 0.0, 0.0, 0.0)"
2025/07/05/17:48:57.732557,9962,1751712537,741290008,base_link,-372000.0,-120999.99999999997,222000.00000000003,"(-1.0, 0.0, 0.0, 0.0, 0.0, 0.0, 0.0, 0.0, 0.0)"
2025/07/05/17:48:57.835689,9963,1751712537,844151008,base_link,-369000.0,-126999.99999999997,223000.00000000003,"(-1.0, 0.0, 0.0, 0.0, 0.0, 0.0, 0.0, 0.0, 0.0)"
2025/07/05/17:48:57.932901,9964,1751712537,941350008,base_link,-358000.0,-129999.99999999997,229000.00000000003,"(-1.0, 0.0, 0.0, 0.0, 0.0, 0.0, 0.0, 0.0, 0.0)"
2025/07/05/17:48:58.054752,9965,1751712538,60668008,base_link,-347000.0,-144999.99999999997,233000.00000000003,"(-1.0, 0.0, 0.0, 0.0, 0.0, 0.0, 0.0, 0.0, 0.0)"
2025/07/05/17:48:58.131842,9966,1751712538,141133008,base_link,-344000.0,-153999.99999999997,235000.00000000003,"(-1.0, 0.0, 0.0, 0.0, 0.0, 0.0, 0.0, 0.0, 0.0)"
2025/07/05/17:48:58.251862,9967,1751712538,260538008,base_link,-347000.0,-170999.99999999997,225000.00000000003,"(-1.0, 0.0, 0.0, 0.0, 0.0, 0.0, 0.0, 0.0, 0.0)"
2025/07/05/17:48:58.351909,9968,1751712538,360754008,base_link,-357000.0,-174999.99999999997,221000.00000000003,"(-1.0, 0.0, 0.0, 0.0, 0.0, 0.0, 0.0, 0.0, 0.0)"
2025/07/05/17:48:58.532187,9969,1751712538,541035008,base_link,-368000.0,-159999.99999999997,222000.00000000003,"(-1.0, 0.0, 0.0, 0.0, 0.0, 0.0, 0.0, 0.0, 0.0)"
2025/07/05/17:48:58.614212,9970,1751712538,622650008,base_link,-365000.0,-146999.99999999997,219000.00000000003,"(-1.0, 0.0, 0.0, 0.0, 0.0, 0.0, 0.0, 0.0, 0.0)"
2025/07/05/17:48:58.712847,9971,1751712538,721324008,base_link,-371000.0,-136999.99999999997,222000.00000000003,"(-1.0, 0.0, 0.0, 0.0, 0.0, 0.0, 0.0, 0.0, 0.0)"
2025/07/05/17:48:58.792882,9972,1751712538,801757008,base_link,-369000.0,-129999.99999999997,219000.00000000003,"(-1.0, 0.0, 0.0, 0.0, 0.0, 0.0, 0.0, 0.0, 0.0)"
2025/07/05/17:48:58.912183,9973,1751712538,921480008,base_link,-351000.0,-107999.99999999997,233000.0,"(-1.0, 0.0, 0.0, 0.0, 0.0, 0.0, 0.0, 0.0, 0.0)"
2025/07/05/17:48:58.993090,9974,1751712539,2379008,base_link,-361000.0,-113999.99999999997,226000.0,"(-1.0, 0.0, 0.0, 0.0, 0.0, 0.0, 0.0, 0.0, 0.0)"
2025/07/05/17:48:59.092991,9975,1751712539,101904008,base_link,-369000.0,-116999.99999999997,224000.0,"(-1.0, 0.0, 0.0, 0.0, 0.0, 0.0, 0.0, 0.0, 0.0)"
2025/07/05/17:48:59.193054,9976,1751712539,201705008,base_link,-370000.0,-120999.99999999997,226000.00000000003,"(-1.0, 0.0, 0.0, 0.0, 0.0, 0.0, 0.0, 0.0, 0.0)"
2025/07/05/17:48:59.251909,9977,1751712539,261360008,base_link,-370000.0,-120999.99999999997,226000.00000000003,"(-1.0, 0.0, 0.0, 0.0, 0.0, 0.0, 0.0, 0.0, 0.0)"
2025/07/05/17:48:59.414958,9978,1751712539,422532008,base_link,-361000.0,-128999.99999999997,227000.00000000003,"(-1.0, 0.0, 0.0, 0.0, 0.0, 0.0, 0.0, 0.0, 0.0)"
2025/07/05/17:48:59.574118,9979,1751712539,581159008,base_link,-360000.0,-137999.99999999997,233000.00000000003,"(-1.0, 0.0, 0.0, 0.0, 0.0, 0.0, 0.0, 0.0, 0.0)"
2025/07/05/17:48:59.674286,9980,1751712539,681004008,base_link,-374000.0,-145999.99999999997,224000.00000000003,"(-1.0, 0.0, 0.0, 0.0, 0.0, 0.0, 0.0, 0.0, 0.0)"
2025/07/05/17:48:59.752460,9981,1751712539,761454008,base_link,-378000.0,-146999.99999999997,222000.00000000003,"(-1.0, 0.0, 0.0, 0.0, 0.0, 0.0, 0.0, 0.0, 0.0)"
2025/07/05/17:48:59.872685,9982,1751712539,881417008,base_link,-379000.0,-136999.99999999997,223000.00000000003,"(-1.0, 0.0, 0.0, 0.0, 0.0, 0.0, 0.0, 0.0, 0.0)"
2025/07/05/17:48:59.993355,9983,1751712540,2349008,base_link,-371000.0,-111999.99999999997,233000.0,"(-1.0, 0.0, 0.0, 0.0, 0.0, 0.0, 0.0, 0.0, 0.0)"
2025/07/05/17:49:00.095162,9984,1751712540,101957008,base_link,-369000.0,-102999.99999999997,233000.0,"(-1.0, 0.0, 0.0, 0.0, 0.0, 0.0, 0.0, 0.0, 0.0)"
2025/07/05/17:49:00.193123,9985,1751712540,201958008,base_link,-364000.0,-101999.99999999997,235000.0,"(-1.0, 0.0, 0.0, 0.0, 0.0, 0.0, 0.0, 0.0, 0.0)"
2025/07/05/17:49:00.293294,9986,1751712540,302284008,base_link,-380000.0,-109999.99999999997,231000.0,"(-1.0, 0.0, 0.0, 0.0, 0.0, 0.0, 0.0, 0.0, 0.0)"
2025/07/05/17:49:00.432684,9987,1751712540,441076008,base_link,-381000.0,-120999.99999999997,226000.00000000003,"(-1.0, 0.0, 0.0, 0.0, 0.0, 0.0, 0.0, 0.0, 0.0)"
2025/07/05/17:49:00.572910,9988,1751712540,580990008,base_link,-381000.0,-124999.99999999997,226000.00000000003,"(-1.0, 0.0, 0.0, 0.0, 0.0, 0.0, 0.0, 0.0, 0.0)"
2025/07/05/17:49:00.674903,9989,1751712540,680921008,base_link,-381000.0,-130999.99999999997,225000.00000000003,"(-1.0, 0.0, 0.0, 0.0, 0.0, 0.0, 0.0, 0.0, 0.0)"
2025/07/05/17:49:00.772210,9990,1751712540,781284008,base_link,-381000.0,-134999.99999999997,225000.00000000003,"(-1.0, 0.0, 0.0, 0.0, 0.0, 0.0, 0.0, 0.0, 0.0)"
2025/07/05/17:49:00.894664,9991,1751712540,901913008,base_link,-378000.0,-142999.99999999997,227000.00000000003,"(-1.0, 0.0, 0.0, 0.0, 0.0, 0.0, 0.0, 0.0, 0.0)"
2025/07/05/17:49:00.973176,9992,1751712540,981686008,base_link,-378000.0,-142999.99999999997,227000.00000000003,"(-1.0, 0.0, 0.0, 0.0, 0.0, 0.0, 0.0, 0.0, 0.0)"
2025/07/05/17:49:01.072259,9993,1751712541,80943008,base_link,-376000.0,-147999.99999999997,228000.00000000003,"(-1.0, 0.0, 0.0, 0.0, 0.0, 0.0, 0.0, 0.0, 0.0)"
2025/07/05/17:49:01.174679,9994,1751712541,181235008,base_link,-375000.0,-151999.99999999997,228000.00000000003,"(-1.0, 0.0, 0.0, 0.0, 0.0, 0.0, 0.0, 0.0, 0.0)"
2025/07/05/17:49:01.251973,9995,1751712541,261339008,base_link,-345000.0,-158999.99999999997,214000.00000000003,"(-1.0, 0.0, 0.0, 0.0, 0.0, 0.0, 0.0, 0.0, 0.0)"
2025/07/05/17:49:01.392986,9996,1751712541,402216008,base_link,-360000.0,-170999.99999999997,221000.00000000003,"(-1.0, 0.0, 0.0, 0.0, 0.0, 0.0, 0.0, 0.0, 0.0)"
2025/07/05/17:49:01.571887,9997,1751712541,580946008,base_link,-361000.0,-175999.99999999997,225000.00000000003,"(-1.0, 0.0, 0.0, 0.0, 0.0, 0.0, 0.0, 0.0, 0.0)"
2025/07/05/17:49:01.674777,9998,1751712541,681640008,base_link,-358000.0,-179999.99999999997,223000.00000000003,"(-1.0, 0.0, 0.0, 0.0, 0.0, 0.0, 0.0, 0.0, 0.0)"
2025/07/05/17:49:01.754077,9999,1751712541,760592008,base_link,-356000.0,-184999.99999999997,225000.00000000003,"(-1.0, 0.0, 0.0, 0.0, 0.0, 0.0, 0.0, 0.0, 0.0)"
2025/07/05/17:49:01.851938,10000,1751712541,860630008,base_link,-353000.0,-188999.99999999997,224000.00000000003,"(-1.0, 0.0, 0.0, 0.0, 0.0, 0.0, 0.0, 0.0, 0.0)"
2025/07/05/17:49:01.973598,10001,1751712541,981226008,base_link,-351000.0,-192999.99999999997,224000.00000000003,"(-1.0, 0.0, 0.0, 0.0, 0.0, 0.0, 0.0, 0.0, 0.0)"
2025/07/05/17:49:02.074695,10002,1751712542,80898008,base_link,-352000.0,-198999.99999999997,228000.00000000003,"(-1.0, 0.0, 0.0, 0.0, 0.0, 0.0, 0.0, 0.0, 0.0)"
2025/07/05/17:49:02.173916,10003,1751712542,180913008,base_link,-349000.0,-202999.99999999997,228000.00000000003,"(-1.0, 0.0, 0.0, 0.0, 0.0, 0.0, 0.0, 0.0, 0.0)"
2025/07/05/17:49:02.252257,10004,1751712542,261304008,base_link,-339000.0,-207999.99999999997,225000.00000000003,"(-1.0, 0.0, 0.0, 0.0, 0.0, 0.0, 0.0, 0.0, 0.0)"
2025/07/05/17:49:02.352121,10005,1751712542,360580008,base_link,-348000.0,-214999.99999999997,230000.00000000003,"(-1.0, 0.0, 0.0, 0.0, 0.0, 0.0, 0.0, 0.0, 0.0)"
2025/07/05/17:49:02.513045,10006,1751712542,521686008,base_link,-340000.0,-224999.99999999997,229000.00000000003,"(-1.0, 0.0, 0.0, 0.0, 0.0, 0.0, 0.0, 0.0, 0.0)"
2025/07/05/17:49:02.593481,10007,1751712542,602440008,base_link,-332000.0,-227999.99999999997,227000.00000000003,"(-1.0, 0.0, 0.0, 0.0, 0.0, 0.0, 0.0, 0.0, 0.0)"
2025/07/05/17:49:02.672888,10008,1751712542,681732008,base_link,-332000.0,-227999.99999999997,227000.00000000003,"(-1.0, 0.0, 0.0, 0.0, 0.0, 0.0, 0.0, 0.0, 0.0)"
2025/07/05/17:49:02.754555,10009,1751712542,761350008,base_link,-338000.0,-230999.99999999997,233000.00000000003,"(-1.0, 0.0, 0.0, 0.0, 0.0, 0.0, 0.0, 0.0, 0.0)"
2025/07/05/17:49:02.875147,10010,1751712542,880745008,base_link,-333000.0,-227999.99999999997,241000.00000000003,"(-1.0, 0.0, 0.0, 0.0, 0.0, 0.0, 0.0, 0.0, 0.0)"
2025/07/05/17:49:02.992874,10011,1751712543,1659008,base_link,-323000.0,-228999.99999999997,242000.00000000003,"(-1.0, 0.0, 0.0, 0.0, 0.0, 0.0, 0.0, 0.0, 0.0)"
2025/07/05/17:49:03.053574,10012,1751712543,61346008,base_link,-323000.0,-228999.99999999997,242000.00000000003,"(-1.0, 0.0, 0.0, 0.0, 0.0, 0.0, 0.0, 0.0, 0.0)"
2025/07/05/17:49:03.174921,10013,1751712543,181375008,base_link,-337000.0,-241999.99999999997,235000.00000000003,"(-1.0, 0.0, 0.0, 0.0, 0.0, 0.0, 0.0, 0.0, 0.0)"
2025/07/05/17:49:03.252006,10014,1751712543,261333008,base_link,-336000.0,-239999.99999999997,235000.00000000003,"(-1.0, 0.0, 0.0, 0.0, 0.0, 0.0, 0.0, 0.0, 0.0)"
2025/07/05/17:49:03.374714,10015,1751712543,381022008,base_link,-332000.0,-229999.99999999997,237000.00000000003,"(-1.0, 0.0, 0.0, 0.0, 0.0, 0.0, 0.0, 0.0, 0.0)"
2025/07/05/17:49:03.552139,10016,1751712543,560638008,base_link,-346000.0,-221999.99999999997,237000.00000000003,"(-1.0, 0.0, 0.0, 0.0, 0.0, 0.0, 0.0, 0.0, 0.0)"
2025/07/05/17:49:03.635528,10017,1751712543,644253008,base_link,-340000.0,-213999.99999999997,238000.00000000003,"(-1.0, 0.0, 0.0, 0.0, 0.0, 0.0, 0.0, 0.0, 0.0)"
