time,.header.seq,.header.stamp.secs,.header.stamp.nsecs,.header.frame_id,.twist.linear.x,.twist.linear.y,.twist.linear.z,.twist.angular.x,.twist.angular.y,.twist.angular.z
2025/07/05/17:49:30.972045,10278,1751712570,980147008,base_link,-0.0010304796742275357,-0.19818086922168732,0.00780773488804698,0.001984924045529548,0.0026088282807743123,0.07295182217093135
2025/07/05/17:49:31.092505,10279,1751712571,101147008,base_link,0.0024703419767320156,-0.19558291137218475,0.004353655967861414,0.002234916784203951,0.008029161343239603,0.07313405149295127
2025/07/05/17:49:31.192737,10280,1751712571,201147008,base_link,0.003914495464414358,-0.1925520896911621,0.0006813000072725117,0.0014795929201722232,0.002438387341440463,0.07056138583838938
2025/07/05/17:49:31.271523,10281,1751712571,281147008,base_link,0.002947873203083873,-0.18991099298000336,-0.000795086205471307,0.0018521525107000447,-0.00896592162691219,0.07149406000247245
2025/07/05/17:49:31.392626,10282,1751712571,402147008,base_link,-0.00048386940034106374,-0.1859511286020279,0.0021413795184344053,0.002009532411061628,-0.014673688959233261,0.07391584443115073
2025/07/05/17:49:31.551583,10283,1751712571,560147008,base_link,-0.0016149847069755197,-0.1807178407907486,0.0078355073928833,-0.003893738496106809,0.0015033789052140666,0.07393866977435425
2025/07/05/17:49:31.634948,10284,1751712571,643147008,base_link,-0.00010889209806919098,-0.17834164202213287,0.006951628718525171,-0.006663710452657266,0.017588043509527036,0.072379727209847
2025/07/05/17:49:31.693329,10285,1751712571,702147008,base_link,0.003906865604221821,-0.17665085196495056,0.005951078608632088,-0.005849968229796319,0.02074929606321328,0.07081638214718747
2025/07/05/17:49:31.793197,10286,1751712571,802147008,base_link,0.008318294771015644,-0.1732306033372879,0.0023294684942811728,-0.002511483389097069,0.010640777124588332,0.07072655544174572
2025/07/05/17:49:31.912885,10287,1751712571,921147008,base_link,0.01574155129492283,-0.17134717106819153,0.001756434328854084,0.003009468384724086,-0.01058861074373405,0.07079700598902033
2025/07/05/17:49:32.012552,10288,1751712572,21147008,base_link,0.017782730981707573,-0.16924209892749786,0.004564614035189152,0.006899358470695326,-0.02151452166225759,0.06909872563407617
2025/07/05/17:49:32.092731,10289,1751712572,102147008,base_link,0.019417112693190575,-0.17060887813568115,0.005427992902696133,0.0052684772073065215,-0.01217067187652514,0.0674681579370167
2025/07/05/17:49:32.193629,10290,1751712572,202147008,base_link,0.02131650224328041,-0.17031748592853546,0.00484889280050993,-0.0008089963332516912,0.006485400998139454,0.0650659662251656
2025/07/05/17:49:32.292277,10291,1751712572,302147008,base_link,0.025864722207188606,-0.174036905169487,0.0019593071192502975,-0.006146582982773131,0.015006713281420083,0.06299460681189965
2025/07/05/17:49:32.471738,10292,1751712572,480147008,base_link,0.030146459117531776,-0.17815057933330536,0.0015697978669777513,-0.00756795653215016,0.009953814370750675,0.0626081531439263
2025/07/05/17:49:32.572651,10293,1751712572,580147008,base_link,0.03115140274167061,-0.18025848269462585,0.0026220306754112244,-0.0002435355623598423,-0.005193256955332065,0.0612972435515574
2025/07/05/17:49:32.672462,10294,1751712572,681147008,base_link,0.033427730202674866,-0.1821686178445816,0.002160127041861415,0.005767704305160849,-0.006934123724416679,0.06146327920763236
2025/07/05/17:49:32.772160,10295,1751712572,781147008,base_link,0.037879642099142075,-0.1817876547574997,0.0005994563107378781,0.005798170261900715,-0.0017826681293944008,0.06115604085955771
2025/07/05/17:49:32.872824,10296,1751712572,881147008,base_link,0.04421256482601166,-0.18341971933841705,-0.0013094268506392837,-5.338831595443809e-05,0.003658256012194718,0.06060488025715109
2025/07/05/17:49:32.972016,10297,1751712572,981147008,base_link,0.04907773435115814,-0.18477380275726318,-0.0012116279685869813,-0.005811371945845157,0.005474010187589832,0.05898301958881682
2025/07/05/17:49:33.071974,10298,1751712573,81147008,base_link,0.05287265405058861,-0.186804860830307,0.00037677568616345525,-0.005223954277336259,0.000990332950919848,0.058660973100082496
2025/07/05/17:49:33.173410,10299,1751712573,181147008,base_link,0.055667657405138016,-0.18682007491588593,7.283132435986772e-05,0.0012353691449684418,-0.005956873941945375,0.05932314265184015
2025/07/05/17:49:33.292779,10300,1751712573,301147008,base_link,0.06227462738752365,-0.18609577417373657,-0.0020967128220945597,0.004770932263022673,-0.0060178709483435806,0.061485649007141145
2025/07/05/17:49:33.371609,10301,1751712573,381147008,base_link,0.07526445388793945,-0.2065158635377884,-0.007388400845229626,0.0008353856507012296,0.0015584238526053038,0.06216762690810033
2025/07/05/17:49:33.551477,10302,1751712573,560147008,base_link,0.09086956828832626,-0.29798200726509094,-0.005088972393423319,-0.03576470139194448,0.00019278344849599227,0.0762737118542248
2025/07/05/17:49:33.615396,10303,1751712573,624147008,base_link,0.10430579632520676,-0.3163837492465973,-0.0012014559470117092,-0.0608572122079737,0.05503952156070517,0.13928189632932075
2025/07/05/17:49:33.712745,10304,1751712573,721147008,base_link,0.1242007315158844,-0.3481467664241791,0.003195354016497731,-0.02233624759218246,0.024058011092292417,0.1500157098527642
2025/07/05/17:49:33.812535,10305,1751712573,822147008,base_link,0.13897202908992767,-0.3735660910606384,0.005624192301183939,0.028683248506615237,-0.02426002341737897,0.16764853319173992
2025/07/05/17:49:33.912849,10306,1751712573,921147008,base_link,0.16994605958461761,-0.4056060016155243,0.0041364021599292755,0.04777377198885446,-0.04497670890817203,0.18048362840712392
2025/07/05/17:49:33.992749,10307,1751712574,2147008,base_link,0.19444385170936584,-0.4270208477973938,0.0031271688640117645,0.03740958546937296,-0.039645514208158525,0.18886838601939132
2025/07/05/17:49:34.092866,10308,1751712574,102147008,base_link,0.21551084518432617,-0.45818039774894714,0.0088739525526762,0.010656275646449352,-0.014187885905927709,0.190395470320074
2025/07/05/17:49:34.212806,10309,1751712574,221147008,base_link,0.24542374908924103,-0.4862014651298523,0.0072263996116817,-0.01006968678642312,0.012599102653567479,0.194444727663915
2025/07/05/17:49:34.292831,10310,1751712574,302147008,base_link,0.26584136486053467,-0.5049992799758911,0.00894942693412304,-0.02010101357049357,0.02938093117292519,0.20396430884217698
2025/07/05/17:49:34.512839,10311,1751712574,521147008,base_link,0.3308754563331604,-0.5470970869064331,0.005880408454686403,-0.017984630203207817,0.021695814943032098,0.20763950089923533
2025/07/05/17:49:34.592788,10312,1751712574,602147008,base_link,0.3468671143054962,-0.5611465573310852,0.007985318079590797,-0.00433342300232707,-0.009691390159883196,0.2198760432071975
2025/07/05/17:49:34.692706,10313,1751712574,702147008,base_link,0.3813738226890564,-0.5692324638366699,0.011695999652147293,0.011374063019243324,-0.024307915268105017,0.22561565761280117
2025/07/05/17:49:34.793067,10314,1751712574,801147008,base_link,0.4066624641418457,-0.5790445804595947,0.012046859599649906,0.017305914321731737,-0.022617149714777417,0.2295835259168104
2025/07/05/17:49:34.912901,10315,1751712574,922147008,base_link,0.445233553647995,-0.5891176462173462,0.014077293686568737,0.0033189583880465882,-0.0009050858535923981,0.229987238065371
2025/07/05/17:49:35.012656,10316,1751712575,22147008,base_link,0.464247465133667,-0.5990278720855713,0.013612496666610241,-0.020991800684759514,0.018980256494251262,0.22729315082410834
2025/07/05/17:49:35.092993,10317,1751712575,102147008,base_link,0.517757773399353,-0.5747174620628357,0.01539165060967207,-0.01651585030207497,0.009374821628908854,0.2215548088156466
2025/07/05/17:49:35.212780,10318,1751712575,221147008,base_link,0.5864903926849365,-0.5359395742416382,0.018456995487213135,0.06684982613145139,-0.06933596269645237,0.1387703133981486
2025/07/05/17:49:35.292474,10319,1751712575,301147008,base_link,0.6107407808303833,-0.5357444882392883,0.013829972594976425,0.15509235737167698,-0.1339103394324443,0.027038354842010656
2025/07/05/17:49:35.412805,10320,1751712575,422147008,base_link,0.66987144947052,-0.5061235427856445,0.01955590955913067,0.07971819541476466,-0.06648239249882544,-0.004783345592064964
2025/07/05/17:49:35.551675,10321,1751712575,560147008,base_link,0.7229717373847961,-0.47287705540657043,0.02767721563577652,0.0044098281868716754,0.0041106763492365535,-0.13734178774475797
2025/07/05/17:49:35.634459,10322,1751712575,643147008,base_link,0.7382814884185791,-0.46942049264907837,0.023509278893470764,0.0004178141007660386,0.021469799577363585,-0.24822302256811546
2025/07/05/17:49:35.711873,10323,1751712575,721147008,base_link,0.7535356879234314,-0.4747634530067444,0.02636243775486946,-0.04110572225528748,0.05694834501582385,-0.28394972901703996
2025/07/05/17:49:35.792723,10324,1751712575,802147008,base_link,0.7633641958236694,-0.47904887795448303,0.02022661082446575,-0.07001960621684547,0.07500049054968312,-0.30681153527699057
2025/07/05/17:49:35.892987,10325,1751712575,902147008,base_link,0.7500110268592834,-0.5168312191963196,0.02782050520181656,-0.06960932274188211,0.05557947985678653,-0.32271136868394135
2025/07/05/17:49:36.012787,10326,1751712576,22147008,base_link,0.6487799882888794,-0.6315224766731262,0.03266317397356033,-0.07724142000395784,0.0726744541002225,-0.24262119361071988
2025/07/05/17:49:36.092710,10327,1751712576,101147008,base_link,0.6034098267555237,-0.6632100939750671,0.03936721011996269,-0.19875223612609144,0.2279131800870436,-0.05830267030669041
2025/07/05/17:49:36.192698,10328,1751712576,201147008,base_link,0.6037402153015137,-0.6716445088386536,0.04138392210006714,-0.24714172334138507,0.3088101746887016,0.12132862846741205
2025/07/05/17:49:36.292678,10329,1751712576,301147008,base_link,0.6035148501396179,-0.6782293319702148,0.03361799195408821,-0.04852018989527853,0.08103461191609335,0.18196601484507172
2025/07/05/17:49:36.371686,10330,1751712576,381147008,base_link,0.6177090406417847,-0.6879883408546448,0.03084130398929119,0.15132401569808993,-0.15948632134806698,0.22502365210392072
2025/07/05/17:49:36.571520,10331,1751712576,580147008,base_link,0.6364959478378296,-0.6959490180015564,0.03086882084608078,0.19011577979952754,-0.21468024462010551,0.2831407469261071
2025/07/05/17:49:36.672020,10332,1751712576,681147008,base_link,0.652061402797699,-0.6958723664283752,0.03912430256605148,0.03276787899463067,-0.057043059439522495,0.2959338004030937
2025/07/05/17:49:36.751701,10333,1751712576,760147008,base_link,0.664911687374115,-0.69078129529953,0.04220866039395332,-0.050989567136136386,0.03125936802249544,0.29318584858489577
2025/07/05/17:49:36.833983,10334,1751712576,844147008,base_link,0.6840085983276367,-0.6840029954910278,0.04685703665018082,-0.09628091835396534,0.08663232255350815,0.2917486049480363
2025/07/05/17:49:36.951789,10335,1751712576,960147008,base_link,0.7136059403419495,-0.6688576340675354,0.04498827084898949,-0.07790353987925056,0.07267173580373107,0.29048801708383
2025/07/05/17:49:37.051682,10336,1751712577,60147008,base_link,0.7375211119651794,-0.6574884057044983,0.044236235320568085,0.0012898392768138055,0.00031365284869256174,0.2979585954096424
2025/07/05/17:49:37.151832,10337,1751712577,161147008,base_link,0.761289656162262,-0.6437361240386963,0.040420468896627426,0.05339429123999271,-0.043951013424820023,0.3110382234897135
2025/07/05/17:49:37.251671,10338,1751712577,260147008,base_link,0.7845434546470642,-0.6239628195762634,0.043976593762636185,0.06192204284612868,-0.055241974593443315,0.3124378089979288
2025/07/05/17:49:37.331672,10339,1751712577,340147008,base_link,0.7967976331710815,-0.6130692958831787,0.04676036909222603,0.04320910108790882,-0.041116568547018464,0.3122029258029801
2025/07/05/17:49:37.511774,10340,1751712577,521147008,base_link,0.8258779644966125,-0.5693124532699585,0.05327584594488144,0.01224726681871104,-0.013878331603696881,0.3181309659943375
2025/07/05/17:49:37.592890,10341,1751712577,602147008,base_link,0.8532418012619019,-0.5278155207633972,0.05367652699351311,-0.0030229709459936964,0.001829114727805073,0.29618298583762837
2025/07/05/17:49:37.692748,10342,1751712577,702147008,base_link,0.9121228456497192,-0.4095185101032257,0.06529185175895691,0.01693000627448117,-0.010974824045472259,0.25391084017830584
2025/07/05/17:49:37.792206,10343,1751712577,801147008,base_link,0.9272016286849976,-0.3607838451862335,0.06290222704410553,0.2146682709267735,-0.08796241934610416,0.08440611036927656
2025/07/05/17:49:37.871541,10344,1751712577,880147008,base_link,0.9374428987503052,-0.32331809401512146,0.06916078925132751,0.24570652084065592,-0.0838887240573083,-0.0480098464486919
2025/07/05/17:49:37.992213,10345,1751712578,2147008,base_link,0.9513857364654541,-0.2931029498577118,0.06296708434820175,0.03477337286824425,0.01038927718050365,-0.13806984005703415
2025/07/05/17:49:38.071728,10346,1751712578,80147008,base_link,0.9606831669807434,-0.26889219880104065,0.05709020420908928,-0.09528108838216515,0.06821692001084839,-0.19218576171297294
2025/07/05/17:49:38.170985,10347,1751712578,180147008,base_link,0.9603629112243652,-0.2659693956375122,0.045343223959207535,-0.1676323948841948,0.09100789994472983,-0.2641484244145282
2025/07/05/17:49:38.291781,10348,1751712578,301147008,base_link,0.9539733529090881,-0.2745184004306793,0.0481315478682518,-0.18015655844665424,0.07864032149571556,-0.29152134192098517
2025/07/05/17:49:38.412770,10349,1751712578,422147008,base_link,0.9427435398101807,-0.3018164336681366,0.0439172089099884,-0.1390158185427171,0.0639920312020225,-0.2863667101392713
2025/07/05/17:49:38.551639,10350,1751712578,561147008,base_link,0.9312825798988342,-0.31770312786102295,0.045032426714897156,0.0011336971339498056,-0.008094466832585981,-0.2509619987063816
2025/07/05/17:49:38.651602,10351,1751712578,660147008,base_link,0.9240375757217407,-0.33273667097091675,0.04199494421482086,0.05185060075130365,-0.03758221998845991,-0.24265164819175258
2025/07/05/17:49:38.730912,10352,1751712578,740147008,base_link,0.9178766012191772,-0.34657910466194153,0.042661476880311966,0.04111326839449515,-0.026817626668139832,-0.23281575437701968
2025/07/05/17:49:38.814479,10353,1751712578,824147008,base_link,0.9131739139556885,-0.36505329608917236,0.037865471094846725,0.01204359713467314,-0.0018688019227716957,-0.2298112508012857
2025/07/05/17:49:38.931720,10354,1751712578,940147008,base_link,0.8672875761985779,-0.45070576667785645,0.03210741654038429,-0.012736480249448736,0.011471583454060935,-0.21906009183004407
2025/07/05/17:49:39.012211,10355,1751712579,22147008,base_link,0.7790921926498413,-0.5403537154197693,0.03842367231845856,-0.2072161671094969,0.14518582057944446,-0.0602543652538887
2025/07/05/17:49:39.130824,10356,1751712579,140147008,base_link,0.7583847045898438,-0.5525469779968262,0.04311724007129669,-0.3651854510403262,0.27744575887021206,0.13415426799921668
2025/07/05/17:49:39.215733,10357,1751712579,221147008,base_link,0.7535025477409363,-0.5570107102394104,0.04553631320595741,-0.1777974763255527,0.1488743072250807,0.22230217509309608
2025/07/05/17:49:39.311718,10358,1751712579,321147008,base_link,0.7508853077888489,-0.5503926873207092,0.033908817917108536,0.1332238503464028,-0.07279826414490952,0.2647205925860293
2025/07/05/17:49:39.492837,10359,1751712579,502147008,base_link,0.7646105289459229,-0.5453612208366394,0.030781462788581848,0.3094060075098914,-0.20447098831742117,0.2973980084120445
2025/07/05/17:49:39.592607,10360,1751712579,602147008,base_link,0.7755358219146729,-0.5408077836036682,0.031318627297878265,0.1755934837210225,-0.1290193448896767,0.329223397732368
2025/07/05/17:49:39.671773,10361,1751712579,681147008,base_link,0.7929094433784485,-0.5308602452278137,0.031056243926286697,0.021732600219059983,-0.025510300562334956,0.3297393017721713
2025/07/05/17:49:39.771437,10362,1751712579,781147008,base_link,0.8135929107666016,-0.5154344439506531,0.03149756044149399,-0.0865518478234294,0.03992585337919797,0.3271667227450164
2025/07/05/17:49:39.892927,10363,1751712579,901147008,base_link,0.8791967630386353,-0.4162777364253998,0.03200402110815048,-0.10407612356492967,0.0430643310268578,0.31297834689271137
2025/07/05/17:49:39.973633,10364,1751712579,981147008,base_link,0.9087409973144531,-0.3484348952770233,0.04265555739402771,0.07774996256261713,-0.03986775424788742,0.18599861237145485
2025/07/05/17:49:40.073136,10365,1751712580,81147008,base_link,0.9330735206604004,-0.2795385420322418,0.054430607706308365,0.35008397853501155,-0.13305167017404218,-0.005598925374605726
2025/07/05/17:49:40.191755,10366,1751712580,201147008,base_link,0.9368274807929993,-0.2691565454006195,0.04596301540732384,0.33958022270172333,-0.11084964392796116,-0.1464902721497234
2025/07/05/17:49:40.272911,10367,1751712580,281147008,base_link,0.9215828776359558,-0.3229816257953644,0.033470094203948975,0.027792808321715524,0.017853032392110522,-0.2000280339125444
2025/07/05/17:49:40.450311,10368,1751712580,460147008,base_link,0.8568958044052124,-0.4626617729663849,0.0410943478345871,-0.4007300404002914,0.17419396416065636,-0.11615698727407274
2025/07/05/17:49:40.551523,10369,1751712580,560147008,base_link,0.8655069470405579,-0.44683679938316345,0.0451228953897953,-0.5983120805377559,0.2442526576672173,0.16807042711648038
2025/07/05/17:49:40.634071,10370,1751712580,643147008,base_link,0.8661914467811584,-0.4414308965206146,0.036910414695739746,-0.16319535912576386,0.0645485122907588,0.22079516687111053
2025/07/05/17:49:40.711903,10371,1751712580,721147008,base_link,0.8787694573402405,-0.42858177423477173,0.04176165163516998,0.2027093470141893,-0.08410670089667058,0.2486647856451557
2025/07/05/17:49:40.812953,10372,1751712580,821147008,base_link,0.8883394598960876,-0.4211186468601227,0.03936917334794998,0.4317302571894326,-0.16682540972296556,0.28583252018014327
2025/07/05/17:49:40.951655,10373,1751712580,961147008,base_link,0.9016799926757812,-0.4080430865287781,0.039399124681949615,0.34664147712341037,-0.12405253894393832,0.30593004073568936
2025/07/05/17:49:41.034058,10374,1751712581,44147008,base_link,0.906182587146759,-0.3992363512516022,0.045585595071315765,-0.0011307808570264408,-0.016741957241180837,0.3058972989943371
2025/07/05/17:49:41.130487,10375,1751712581,140147008,base_link,0.9126788377761841,-0.3744491934776306,0.04989004135131836,-0.14040987262745214,0.020679102089284692,0.3022058830337597
2025/07/05/17:49:41.211663,10376,1751712581,221147008,base_link,0.9182292222976685,-0.3530943989753723,0.055523116141557693,-0.18082801204831175,0.03954750449027117,0.2965377275541013
2025/07/05/17:49:41.291783,10377,1751712581,301147008,base_link,0.9220917820930481,-0.3347439467906952,0.053453363478183746,-0.13430967735191243,0.041016476928682474,0.2915608365338353
2025/07/05/17:49:41.414584,10378,1751712581,424147008,base_link,0.9281843900680542,-0.3099982440471649,0.04476934298872948,-0.04306950519514817,0.020256895480390807,0.2985116632188036
2025/07/05/17:49:41.530825,10379,1751712581,540147008,base_link,0.9426986575126648,-0.27257710695266724,0.046756237745285034,0.09686987380821213,-0.017142382091378052,0.3299967578500808
2025/07/05/17:49:41.612465,10380,1751712581,622147008,base_link,0.9490907192230225,-0.24097397923469543,0.04680105298757553,0.12968159033471538,-0.02050203883343012,0.3176451222777022
2025/07/05/17:49:41.711866,10381,1751712581,721147008,base_link,0.9624876379966736,-0.14679622650146484,0.05502459779381752,0.11058844804693416,-0.01187068433997982,0.28589010969161754
2025/07/05/17:49:41.833398,10382,1751712581,843147008,base_link,0.9670302867889404,-0.05541808903217316,0.059862855821847916,0.22032615614467302,-0.0012705591841382369,0.13278428829914557
2025/07/05/17:49:41.930859,10383,1751712581,940147008,base_link,0.9716594219207764,0.0013855001889169216,0.06313452124595642,0.23143212568120639,0.01586996429845003,-0.0165683354989123
2025/07/05/17:49:42.033611,10384,1751712582,43147008,base_link,0.9800838232040405,0.032600514590740204,0.05315155163407326,0.012173785658519735,0.03310681730974124,-0.1361854260586384
2025/07/05/17:49:42.112106,10385,1751712582,121147008,base_link,0.9832806587219238,0.060394786298274994,0.04448867589235306,-0.14573684867643072,0.02645948688324716,-0.21756847809089713
2025/07/05/17:49:42.211781,10386,1751712582,222147008,base_link,0.9885550737380981,0.06647612154483795,0.03343523293733597,-0.18526699910581093,0.015107370843337818,-0.27010187767126487
2025/07/05/17:49:42.291501,10387,1751712582,302147008,base_link,0.9925757646560669,0.05587191507220268,0.03391967713832855,-0.19862754094553306,0.0066064549207583215,-0.2932083178303643
2025/07/05/17:49:42.433357,10388,1751712582,444147008,base_link,0.9783763885498047,-0.09881442040205002,0.03759511932730675,-0.19713295186776314,0.008366927758708991,-0.27127635445975234
2025/07/05/17:49:42.592324,10389,1751712582,602147008,base_link,0.9639707803726196,-0.1545933336019516,0.03599010035395622,-0.4086291269506767,0.05807587595680257,0.10153636335824298
2025/07/05/17:49:42.691540,10390,1751712582,702147008,base_link,0.9656790494918823,-0.14784546196460724,0.03159266337752342,-0.0796402573282467,0.018088209833320427,0.19965078435525377
2025/07/05/17:49:42.791994,10391,1751712582,802147008,base_link,0.9697075486183167,-0.13938388228416443,0.029069211333990097,0.24768952890730467,-0.029677088690531404,0.2376330290806396
2025/07/05/17:49:42.911814,10392,1751712582,921147008,base_link,0.9851940870285034,-0.08006253838539124,0.02235720492899418,0.3657888398532985,-0.039770389939905997,0.26296616573785886
2025/07/05/17:49:43.012165,10393,1751712583,22147008,base_link,0.985110342502594,0.056788887828588486,0.03462209552526474,0.32050267211529204,-0.03760180855650625,0.16359128582649834
2025/07/05/17:49:43.111976,10394,1751712583,121147008,base_link,0.9851334095001221,0.1109214797616005,0.04000146687030792,0.3480391061745653,-0.005628621372669381,-0.0633568012519775
2025/07/05/17:49:43.212409,10395,1751712583,222147008,base_link,0.9841233491897583,0.12087607383728027,0.024314144626259804,0.15656539977360273,0.02549337275709337,-0.21190566281898296
2025/07/05/17:49:43.312013,10396,1751712583,321147008,base_link,0.9816825985908508,0.11834457516670227,0.011302587576210499,-0.14502039131697897,0.027254655318200028,-0.2755502722783432
2025/07/05/17:49:43.450371,10397,1751712583,460147008,base_link,0.9801329970359802,0.08371920883655548,0.004420604091137648,-0.31722650179301703,0.024592953634655135,-0.29858728628984327
2025/07/05/17:49:43.591593,10398,1751712583,602147008,base_link,0.9860628247261047,0.012362844310700893,0.013971799984574318,-0.2691719203946741,0.00920211521728687,-0.2218117431018812
2025/07/05/17:49:43.691444,10399,1751712583,702147008,base_link,0.9624624252319336,-0.11683398485183716,0.022948428988456726,-0.13494190703531278,0.009833532734730565,-0.11175637310819758
2025/07/05/17:49:43.792069,10400,1751712583,802147008,base_link,0.9506740570068359,-0.14472931623458862,0.016493937000632286,-0.19225833392715155,0.05133938591932543,0.1259293042537315
2025/07/05/17:49:43.930389,10401,1751712583,940147008,base_link,0.9510291218757629,-0.15080799162387848,0.0066238404251635075,-0.024666427191543168,0.0326787643406778,0.22912806178432496
2025/07/05/17:49:44.015246,10402,1751712584,24147008,base_link,0.955138623714447,-0.1417655497789383,0.004609582480043173,0.23448849408902195,-0.02173149658153769,0.2701515384415812
2025/07/05/17:49:44.092892,10403,1751712584,102147008,base_link,0.9660739898681641,-0.13029776513576508,0.0005629848456010222,0.2693182101277659,-0.032686485609186106,0.2903370409589889
2025/07/05/17:49:44.212877,10404,1751712584,222147008,base_link,0.9912580847740173,-0.04094277322292328,0.007279899902641773,0.19884155072148132,-0.02920888781177959,0.2743777129308032
2025/07/05/17:49:44.291838,10405,1751712584,301147008,base_link,1.0009958744049072,0.054368894547224045,0.014792166650295258,0.19672824317967888,-0.01943996458788915,0.1433754347119859
2025/07/05/17:49:44.413229,10406,1751712584,422147008,base_link,1.0051246881484985,0.1021263375878334,0.015435544773936272,0.28177771585323586,0.00029658049366027017,-0.03132051651686273
2025/07/05/17:49:44.551167,10407,1751712584,560147008,base_link,1.0088293552398682,0.1150730773806572,0.0005092028295621276,0.08546116507586844,0.02027835984179252,-0.1975803396961011
2025/07/05/17:49:44.633712,10408,1751712584,643147008,base_link,1.0111377239227295,0.1103019118309021,-0.00328217726200819,-0.16858053270326098,0.02132044157353878,-0.26411522546871585
2025/07/05/17:49:44.712003,10409,1751712584,721147008,base_link,1.0148862600326538,0.0778353214263916,-0.0091056814417243,-0.2321560649103382,0.020514243022815685,-0.29618256646672275
2025/07/05/17:49:44.812787,10410,1751712584,822147008,base_link,1.02059805393219,-0.00610957620665431,-0.010566157288849354,-0.2599609977333763,0.010149800670911585,-0.2606929554094864
2025/07/05/17:49:44.891943,10411,1751712584,901147008,base_link,0.9905727505683899,-0.1379697024822235,-0.0017905370332300663,-0.29778089356676046,0.010395039962810418,-0.14473410321543118
2025/07/05/17:49:45.012139,10412,1751712585,22147008,base_link,0.9856796264648438,-0.14868305623531342,0.010565835051238537,-0.41694018223753343,0.0632726440574797,0.15122252113726192
2025/07/05/17:49:45.091990,10413,1751712585,101147008,base_link,0.9905332326889038,-0.15565770864486694,0.001609451719559729,-0.17308930734881434,0.04573447390957611,0.21154885247854477
2025/07/05/17:49:45.211608,10414,1751712585,221147008,base_link,1.0012997388839722,-0.1528063416481018,-0.0015192310092970729,0.2176647021340386,-0.006201105373989782,0.2513878827768023
2025/07/05/17:49:45.291653,10415,1751712585,302147008,base_link,1.010076880455017,-0.14921243488788605,-0.00417460547760129,0.40663914804426093,-0.03140990209647421,0.2883211784414739
2025/07/05/17:49:45.433904,10416,1751712585,444147008,base_link,1.036643385887146,-0.06472145020961761,-0.0025076218880712986,0.3253646121180066,-0.030809111989165645,0.3064918653519624
2025/07/05/17:49:45.591624,10417,1751712585,602147008,base_link,1.048877239227295,0.08901125937700272,0.0098921749740839,0.2520301064518954,0.0003394588661192457,0.033342612105537656
2025/07/05/17:49:45.671334,10418,1751712585,681147008,base_link,1.0443506240844727,0.10770075023174286,-0.001107758842408657,0.16961093088478493,0.026350770929752153,-0.13032662442176998
2025/07/05/17:49:45.771251,10419,1751712585,781147008,base_link,1.0458037853240967,0.12360689789056778,-0.004425732418894768,-0.027481563043313936,0.029392170104276787,-0.23367101660120965
2025/07/05/17:49:45.891619,10420,1751712585,901147008,base_link,1.0515539646148682,0.1130121722817421,-0.0162397138774395,-0.22052899675869445,0.016916971801059586,-0.2867226628924372
2025/07/05/17:49:45.971120,10421,1751712585,981147008,base_link,1.0587818622589111,0.0936727523803711,-0.017988529056310654,-0.27680785035635663,0.0027261732479314446,-0.3084760075130649
2025/07/05/17:49:46.071420,10422,1751712586,81147008,base_link,1.063248872756958,0.041004009544849396,-0.013946986757218838,-0.2158457976814777,-0.012316286451674346,-0.2859749256484727
2025/07/05/17:49:46.172349,10423,1751712586,181147008,base_link,1.0584665536880493,-0.022287826985120773,-0.01147631835192442,-0.12623545782090712,-0.013642735803480105,-0.2119266712887542
2025/07/05/17:49:46.291667,10424,1751712586,301147008,base_link,1.0336980819702148,-0.15776704251766205,-0.004065544344484806,-0.15556739745778136,0.015096898185275548,-0.06656675233195361
2025/07/05/17:49:46.392190,10425,1751712586,402147008,base_link,1.033632755279541,-0.17065350711345673,-0.0058056083507835865,-0.2702811721906117,0.064543337163371,0.15154524989323123
2025/07/05/17:49:46.551172,10426,1751712586,560147008,base_link,1.0481048822402954,-0.17609557509422302,-0.017266537994146347,0.10756982917858121,0.012819471027942196,0.2532411868228953
2025/07/05/17:49:46.651841,10427,1751712586,661147008,base_link,1.059350848197937,-0.17512667179107666,-0.026199406012892723,0.29374587562653154,-0.026101064400895695,0.29118309620468485
2025/07/05/17:49:46.751914,10428,1751712586,760147008,base_link,1.072306752204895,-0.15133927762508392,-0.02685975842177868,0.2377956065853434,-0.03943415929304387,0.3163230383939196
2025/07/05/17:49:46.833436,10429,1751712586,843147008,base_link,1.0879734754562378,-0.09806148707866669,-0.021071257069706917,0.1393444284055681,-0.0315104468229845,0.3014236512503724
2025/07/05/17:49:46.931259,10430,1751712586,941147008,base_link,1.0922257900238037,-0.006509080529212952,-0.017376741394400597,0.11589049979715016,-0.007759425075556131,0.19108068006612516
2025/07/05/17:49:47.012510,10431,1751712587,22147008,base_link,1.0976897478103638,0.03844933956861496,-0.014887959696352482,0.20972499918754028,0.026437238135872804,0.013201162066898246
2025/07/05/17:49:47.111777,10432,1751712587,121147008,base_link,1.0990897417068481,0.06356187164783478,-0.01646866649389267,0.1628248919809646,0.03550485210183767,-0.07992536348460999
2025/07/05/17:49:47.211994,10433,1751712587,222147008,base_link,1.0996383428573608,0.08990812301635742,-0.02289309911429882,0.004871122931650273,0.023038438542473796,-0.16266928238816158
2025/07/05/17:49:47.293419,10434,1751712587,302147008,base_link,1.1044994592666626,0.07791413366794586,-0.029160330072045326,-0.10650847130125667,0.006870631626729521,-0.22445660897543399
2025/07/05/17:49:47.511744,10435,1751712587,521147008,base_link,1.1377403736114502,0.05929993838071823,-0.022913053631782532,-0.23322147505207508,-0.01566873004497391,-0.23844002527943198
2025/07/05/17:49:47.611690,10436,1751712587,621147008,base_link,1.1686789989471436,0.04159172251820564,-0.026442743837833405,-0.04342373053325947,-0.0025575334821388,-0.2645430020160185
2025/07/05/17:49:47.691998,10437,1751712587,701147008,base_link,1.1910675764083862,0.020833157002925873,-0.026595773175358772,0.05118751235999053,-0.0082792781817911,-0.2691041775294614
2025/07/05/17:49:47.792261,10438,1751712587,802147008,base_link,1.2157108783721924,-0.011333584785461426,-0.02681770920753479,0.0885377503270558,-0.02031233021303011,-0.26927313076203285
2025/07/05/17:49:47.891550,10439,1751712587,901147008,base_link,1.2374871969223022,-0.04571252688765526,-0.02876562438905239,0.03379474260812879,-0.017319044550142264,-0.26753565895714815
2025/07/05/17:49:48.012032,10440,1751712588,22147008,base_link,1.2721319198608398,-0.07580356299877167,-0.030924886465072632,-0.04775391855955319,-0.0034562459111980876,-0.25577235907808515
2025/07/05/17:49:48.111968,10441,1751712588,121147008,base_link,1.2948808670043945,-0.1230420470237732,-0.024938512593507767,-0.08130685715360751,0.00666025570459393,-0.2519403250314029
2025/07/05/17:49:48.211906,10442,1751712588,221147008,base_link,1.3173052072525024,-0.149431049823761,-0.02823794260621071,-0.07861064941446325,0.008880255879928842,-0.24877115020659793
2025/07/05/17:49:48.291768,10443,1751712588,302147008,base_link,1.3098138570785522,-0.19416101276874542,-0.022047365084290504,-0.062339534549951406,0.004754833868483617,-0.23661950741002946
2025/07/05/17:49:48.433651,10444,1751712588,444147008,base_link,1.3125300407409668,-0.2670285701751709,-0.013487675227224827,-0.04306444441745945,0.0007875756769851177,-0.2106468933290493
2025/07/05/17:49:48.591712,10445,1751712588,602147008,base_link,1.2890070676803589,-0.46483978629112244,-0.007495392579585314,-0.10656809696557094,0.03582524129794258,-0.07612867416118069
2025/07/05/17:49:48.670959,10446,1751712588,681147008,base_link,1.2765511274337769,-0.49888941645622253,-0.005356235429644585,-0.3434060927099479,0.1336284037166285,0.1726956555395116
2025/07/05/17:49:48.771245,10447,1751712588,781147008,base_link,1.3083600997924805,-0.5131418704986572,-0.0120522016659379,-0.24410583187647394,0.10226320252872252,0.31426893809134404
2025/07/05/17:49:48.892864,10448,1751712588,902147008,base_link,1.3204550743103027,-0.4988608658313751,-0.013582361862063408,0.0790700709372768,-0.014443808792929115,0.36619687118038036
2025/07/05/17:49:48.993018,10449,1751712589,2147008,base_link,1.3411706686019897,-0.49235624074935913,-0.020861228927969933,0.30420215803515593,-0.08293610991018886,0.40178581317814965
2025/07/05/17:49:49.071615,10450,1751712589,81147008,base_link,1.3676095008850098,-0.4732304811477661,-0.021699583157896996,0.3204859100441946,-0.0820828805349026,0.42844977830440895
2025/07/05/17:49:49.192847,10451,1751712589,202147008,base_link,1.3915399312973022,-0.4231334924697876,-0.018829917535185814,0.2018450874574262,-0.04869453988927821,0.43732363086742765
2025/07/05/17:49:49.270924,10452,1751712589,281147008,base_link,1.3972283601760864,-0.37780970335006714,-0.015539619140326977,0.059209024150728554,-0.01984013032465455,0.42921494007032146
2025/07/05/17:49:49.392086,10453,1751712589,402147008,base_link,1.4203509092330933,-0.2322242558002472,-0.005453953985124826,0.006837093762063928,-0.010058408142837285,0.3978937432479345
2025/07/05/17:49:49.551433,10454,1751712589,560147008,base_link,1.4092425107955933,0.009972707368433475,0.02343866415321827,0.5247681240797281,0.041852903735082325,-0.030645925405908103
2025/07/05/17:49:49.651777,10455,1751712589,660147008,base_link,1.4176024198532104,0.06008961424231529,0.02316642925143242,0.4683632703853904,0.07352396995346931,-0.23193105210774095
2025/07/05/17:49:49.730307,10456,1751712589,740147008,base_link,1.4226213693618774,0.055424779653549194,0.0015284098917618394,0.18333513706504062,0.08018089599659656,-0.3384995592583263
2025/07/05/17:49:49.833515,10457,1751712589,843147008,base_link,1.4303457736968994,0.04354192316532135,-0.022593209519982338,-0.2758190305392546,0.03356656645178656,-0.38831036579444267
2025/07/05/17:49:49.930837,10458,1751712589,940147008,base_link,1.4288781881332397,0.026771467179059982,-0.028635626658797264,-0.46896142513159184,-0.0027493262157044576,-0.4178688940447665
2025/07/05/17:49:50.033706,10459,1751712590,43147008,base_link,1.425807237625122,-0.007500213570892811,-0.016189219430088997,-0.4145296513443137,-0.017024042831985577,-0.4507614724502394
2025/07/05/17:49:50.111651,10460,1751712590,121147008,base_link,1.4140232801437378,-0.03656970337033272,-0.0156033243983984,-0.26404857886243754,-0.008184845088030277,-0.4374429260934332
2025/07/05/17:49:50.212037,10461,1751712590,222147008,base_link,1.4167991876602173,-0.10285231471061707,-0.002689789980649948,-0.05904397579752841,-0.0003062345103427601,-0.4135098275262192
2025/07/05/17:49:50.291859,10462,1751712590,301147008,base_link,1.4073100090026855,-0.18161407113075256,-0.0007358415168710053,0.02814947401825134,0.0031074284264289223,-0.37821587424407704
2025/07/05/17:49:50.412287,10463,1751712590,422147008,base_link,1.3476461172103882,-0.4037412405014038,-0.005314638838171959,-0.014496986213667983,0.014909561452629068,-0.29579252345851925
2025/07/05/17:49:50.551552,10464,1751712590,560147008,base_link,1.3318299055099487,-0.49392005801200867,0.025285307317972183,-0.5257458867805885,0.16184498647347184,0.1153651643204687
2025/07/05/17:49:50.633652,10465,1751712590,643147008,base_link,1.3289403915405273,-0.4940505921840668,0.01018101442605257,-0.35680183453794745,0.14898521430786182,0.31417087714500685
2025/07/05/17:49:50.711669,10466,1751712590,721147008,base_link,1.3490192890167236,-0.48654597997665405,-0.005724177695810795,0.04813448237144008,0.042291988481109974,0.3480730651668863
2025/07/05/17:49:50.833807,10467,1751712590,843147008,base_link,1.3755306005477905,-0.47415101528167725,-0.020478636026382446,0.4380977471585097,-0.07529517868120106,0.3896448044586399
2025/07/05/17:49:50.931280,10468,1751712590,941147008,base_link,1.3726829290390015,-0.44914042949676514,-0.021350765600800514,0.49789771895540935,-0.11147124890900859,0.42485893973378974
2025/07/05/17:49:51.012561,10469,1751712591,22147008,base_link,1.3760960102081299,-0.42281439900398254,-0.019224034622311592,0.25897578904940827,-0.07280542174087165,0.43223846524538306
2025/07/05/17:49:51.111883,10470,1751712591,121147008,base_link,1.3919531106948853,-0.38027381896972656,-0.009804507717490196,0.05513021020139964,-0.03247198994322757,0.41607208281120667
2025/07/05/17:49:51.211929,10471,1751712591,222147008,base_link,1.3994253873825073,-0.34756043553352356,-0.010733944363892078,-0.09883298586856894,0.004402723557098238,0.3957032442043792
2025/07/05/17:49:51.291711,10472,1751712591,301147008,base_link,1.3921196460723877,-0.30978497862815857,-0.011206131428480148,-0.11292019650703805,0.008250081051887872,0.39421770466542955
2025/07/05/17:49:51.371168,10473,1751712591,381147008,base_link,1.4028749465942383,-0.27894026041030884,-0.010734830051660538,-0.0625492609604966,0.002168574496220872,0.3950786378217901
2025/07/05/17:49:51.571398,10474,1751712591,581147008,base_link,1.3878217935562134,-0.1809372454881668,-0.021793225780129433,0.08254103236884196,-0.006152964925163636,0.4050857202987422
2025/07/05/17:49:51.672326,10475,1751712591,681147008,base_link,1.3832179307937622,-0.12241379171609879,-0.018946491181850433,0.11976752472613612,0.0027636675686660214,0.4028141797933299
2025/07/05/17:49:51.751853,10476,1751712591,760147008,base_link,1.3738179206848145,-0.08803780376911163,-0.02145346812903881,0.09162684953002259,0.007063175797794419,0.3921483548482159
2025/07/05/17:49:51.830251,10477,1751712591,841147008,base_link,1.371880054473877,-0.03753311559557915,-0.023191742599010468,0.027243595606280802,-3.9180617067615525e-06,0.3860406020876871
2025/07/05/17:49:51.952358,10478,1751712591,960147008,base_link,1.3494503498077393,0.015884218737483025,-0.016223261132836342,-0.014454247629444417,-0.007277057865811891,0.3740646887162643
2025/07/05/17:49:52.033505,10479,1751712592,43147008,base_link,1.3439685106277466,0.06286784261465073,-0.02038981206715107,-0.03995505833782157,-0.009092453483292977,0.3748145332922441
2025/07/05/17:49:52.111978,10480,1751712592,121147008,base_link,1.3453130722045898,0.0995626449584961,-0.01576133817434311,-0.03870252533489518,-0.01382501239266503,0.3717565593474607
2025/07/05/17:49:52.212341,10481,1751712592,222147008,base_link,1.325047492980957,0.15387070178985596,-0.017731675878167152,-0.02435299537727844,-0.018421784202191364,0.3717913175180082
2025/07/05/17:49:52.293375,10482,1751712592,302147008,base_link,1.315274953842163,0.19732333719730377,-0.01375061459839344,-0.0038961417042312346,-0.010550144448248502,0.36596953194410387
2025/07/05/17:49:52.450475,10483,1751712592,461147008,base_link,1.2891677618026733,0.27496179938316345,-0.019090386107563972,0.010685052012820273,0.005028190065973427,0.36195715751227603
2025/07/05/17:49:52.591873,10484,1751712592,602147008,base_link,1.266633152961731,0.3489971160888672,-0.017186162993311882,0.015002172067264355,0.006749063352019616,0.36563891000770243
2025/07/05/17:49:52.691729,10485,1751712592,702147008,base_link,1.2496145963668823,0.39286497235298157,-0.02010452002286911,0.007480035172969864,0.002383671894990249,0.360904473901304
2025/07/05/17:49:52.811794,10486,1751712592,821147008,base_link,1.224931001663208,0.44602733850479126,-0.022870833054184914,0.0023804953611866325,-0.003976584702371054,0.36152117000444306
2025/07/05/17:49:52.911757,10487,1751712592,921147008,base_link,1.2064098119735718,0.4880518913269043,-0.02071736380457878,-0.0036232425883409164,-0.010338109522690084,0.35633244725345903
2025/07/05/17:49:53.013932,10488,1751712593,22147008,base_link,1.1919432878494263,0.5367258191108704,-0.021435992792248726,-0.0070803661215114305,-0.016284028584093096,0.36696774127430626
2025/07/05/17:49:53.111947,10489,1751712593,121147008,base_link,1.164495587348938,0.5741069316864014,-0.023806404322385788,0.005345801161700692,-0.005827327991662901,0.35761734391717015
2025/07/05/17:49:53.211658,10490,1751712593,222147008,base_link,1.1470463275909424,0.6169168949127197,-0.024842411279678345,0.0024005180583719157,0.006129181360814839,0.3542687502387084
2025/07/05/17:49:53.291743,10491,1751712593,302147008,base_link,1.1220890283584595,0.6479734182357788,-0.024622635915875435,0.0022030086729693324,0.007885246666508151,0.35343344082614675
2025/07/05/17:49:53.470706,10492,1751712593,481147008,base_link,1.0810751914978027,0.7187829613685608,-0.017104575410485268,0.000631243554573821,-0.003835940046962652,0.3470201744606187
2025/07/05/17:49:53.591466,10493,1751712593,602147008,base_link,1.0374817848205566,0.7681068778038025,-0.015592506155371666,0.002189144166066949,-0.016053517330002792,0.3510945373943792
2025/07/05/17:49:53.691618,10494,1751712593,702147008,base_link,1.0054097175598145,0.7967658042907715,-0.019636426120996475,-0.004888701205990671,-0.009339246537605424,0.34980127335756417
2025/07/05/17:49:53.811719,10495,1751712593,821147008,base_link,0.9665744304656982,0.8458989262580872,-0.01939406804740429,-0.002066161032382108,0.004417745287999639,0.35897112192754205
2025/07/05/17:49:53.930456,10496,1751712593,940147008,base_link,0.9280338287353516,0.8822537660598755,-0.013130857609212399,0.006407527789070638,0.007201863490589683,0.35175920421454193
2025/07/05/17:49:54.013783,10497,1751712594,24147008,base_link,0.8992769122123718,0.9044812917709351,-0.015623043291270733,0.009292735157176449,0.0007177256767735285,0.3524577259512286
2025/07/05/17:49:54.091331,10498,1751712594,102147008,base_link,0.8609357476234436,0.9322699904441833,-0.017460696399211884,0.007294964692165513,-0.0016629883991476878,0.35851291146158637
2025/07/05/17:49:54.192039,10499,1751712594,202147008,base_link,0.8278909921646118,0.9578337669372559,-0.019882190972566605,0.0003522565525502265,-0.005935493720276283,0.3430849636115207
2025/07/05/17:49:54.291492,10500,1751712594,301147008,base_link,0.7874830961227417,0.9860944151878357,-0.02092999592423439,-0.0022391800437210133,-0.014183770912082595,0.3492684201950904
2025/07/05/17:49:54.371107,10501,1751712594,380147008,base_link,0.7632653117179871,1.0050162076950073,-0.02189481630921364,0.005486793479503104,-0.0002239636506191911,0.3505171052013195
2025/07/05/17:49:54.530440,10502,1751712594,540147008,base_link,0.7013729214668274,1.0514918565750122,-0.020726729184389114,-0.002018101426455997,-0.01605764124804418,0.35362497850963537
2025/07/05/17:49:54.633601,10503,1751712594,643147008,base_link,0.658374547958374,1.081559419631958,-0.021093226969242096,-0.0008490114171189195,-0.009890093468284088,0.3514733991633499
2025/07/05/17:49:54.711893,10504,1751712594,721147008,base_link,0.6306275725364685,1.092410922050476,-0.022744648158550262,0.003997931746957079,0.006643919101758735,0.33947314333863715
2025/07/05/17:49:54.811742,10505,1751712594,821147008,base_link,0.5898172855377197,1.1141303777694702,-0.022733865305781364,0.009678069878181586,0.005876640417522588,0.35060889076451585
2025/07/05/17:49:54.952398,10506,1751712594,960147008,base_link,0.5370621681213379,1.13853919506073,-0.02602330967783928,0.009972466781077906,0.01155898304921809,0.34952831044019356
2025/07/05/17:49:55.033464,10507,1751712595,43147008,base_link,0.5037844777107239,1.1509381532669067,-0.02293974906206131,-0.0016721682498132204,-0.009346795168772418,0.34911457398695933
2025/07/05/17:49:55.131825,10508,1751712595,140147008,base_link,0.4538300633430481,1.160696268081665,-0.0244140625,-0.002190765403533263,-0.01026815896662786,0.34664333655336016
2025/07/05/17:49:55.211704,10509,1751712595,222147008,base_link,0.42916199564933777,1.1709661483764648,-0.020511789247393608,0.0014943111097382202,-0.007160625513793227,0.34275263076818757
2025/07/05/17:49:55.311430,10510,1751712595,321147008,base_link,0.38348591327667236,1.1902307271957397,-0.018333902582526207,0.0036786567854257407,-0.008549355232174358,0.3480333229470219
2025/07/05/17:49:55.511241,10511,1751712595,521147008,base_link,0.2989802658557892,1.204838514328003,-0.015012284740805626,0.0037259160636810233,0.010121158901853132,0.34505714873922355
2025/07/05/17:49:55.611718,10512,1751712595,621147008,base_link,0.24743421375751495,1.2073595523834229,-0.01784861832857132,0.003834320950544418,0.0008664467927916655,0.3466039190371586
2025/07/05/17:49:55.690859,10513,1751712595,702147008,base_link,0.2128562480211258,1.2124160528182983,-0.015515485778450966,0.006262230890756772,-0.0015333947352377322,0.3443172894806415
2025/07/05/17:49:55.792091,10514,1751712595,802147008,base_link,0.1750721037387848,1.2251811027526855,-0.01128920167684555,0.0006225773904670225,0.005822483671692247,0.34415427653128894
2025/07/05/17:49:55.911821,10515,1751712595,921147008,base_link,0.12392673641443253,1.232121229171753,-0.009981079027056694,-0.0027773411025299316,0.010121892255836616,0.3447898999328535
2025/07/05/17:49:55.992100,10516,1751712596,2147008,base_link,0.09044010937213898,1.2401291131973267,-0.00589850265532732,0.005014003563082183,-0.011756525491290165,0.3472528906353958
2025/07/05/17:49:56.111778,10517,1751712596,121147008,base_link,0.037242334336042404,1.240540623664856,-0.0032959727104753256,0.013405366149661263,-0.02641307314714967,0.34652120120718477
2025/07/05/17:49:56.192800,10518,1751712596,202147008,base_link,0.0049107875674963,1.240971326828003,-0.0018783926498144865,0.011630950371998676,-0.01783117427413177,0.34058938780493175
2025/07/05/17:49:56.291805,10519,1751712596,302147008,base_link,-0.04311152547597885,1.2496557235717773,-0.001832080539315939,0.003542985883141739,0.001120616071008551,0.341812002798737
2025/07/05/17:49:56.470819,10520,1751712596,481147008,base_link,-0.1319366693496704,1.2513947486877441,0.0026007683482021093,-0.00017334020381247592,0.012795438573449006,0.34154721755358985
2025/07/05/17:49:56.552084,10521,1751712596,561147008,base_link,-0.1667565256357193,1.2560219764709473,0.006150878965854645,0.0031979999999590513,0.006225463517194739,0.3490974825462094
2025/07/05/17:49:56.630504,10522,1751712596,641147008,base_link,-0.21364693343639374,1.2505552768707275,0.006419192999601364,0.008288052557213354,-0.009011186201155999,0.35813332167927836
2025/07/05/17:49:56.730549,10523,1751712596,740147008,base_link,-0.2679609954357147,1.238012433052063,0.011312153190374374,0.008923069501644693,-0.010630693063287615,0.36136864500181687
2025/07/05/17:49:56.814217,10524,1751712596,824147008,base_link,-0.30895498394966125,1.2372325658798218,0.016094869002699852,0.0048522821683854005,0.004208120473997927,0.35739284172051866
2025/07/05/17:49:56.931317,10525,1751712596,941147008,base_link,-0.36681434512138367,1.2232261896133423,0.02014719322323799,0.003480136295178695,0.009264070426598457,0.36233972034440143
2025/07/05/17:49:57.014514,10526,1751712597,24147008,base_link,-0.4040283262729645,1.2167670726776123,0.022357922047376633,-0.0008129293975896196,0.003489559425854105,0.3630539313129354
2025/07/05/17:49:57.130686,10527,1751712597,140147008,base_link,-0.46858012676239014,1.203098177909851,0.027845349162817,-0.009973148089579274,0.0005681991770778161,0.356438558498903
2025/07/05/17:49:57.211996,10528,1751712597,222147008,base_link,-0.49914512038230896,1.1908749341964722,0.03200090676546097,-0.014707622911474542,0.002435670435835924,0.34859954495464035
2025/07/05/17:49:57.311155,10529,1751712597,321147008,base_link,-0.5488654971122742,1.1758766174316406,0.040321946144104004,-0.00530218879025326,0.0024687089617238395,0.349740645702852
2025/07/05/17:49:57.491554,10530,1751712597,502147008,base_link,-0.6130717396736145,1.1436649560928345,0.04480336606502533,0.009127015537239942,-0.0045910630855298395,0.34094743350349543
2025/07/05/17:49:57.591299,10531,1751712597,602147008,base_link,-0.6526034474372864,1.126975417137146,0.04190382733941078,0.017470529080687858,-0.011769799023056325,0.3520692598259636
2025/07/05/17:49:57.691528,10532,1751712597,701147008,base_link,-0.6862051486968994,1.1030395030975342,0.03781922534108162,-0.007004547879124802,0.008906368432818203,0.3482605248751935
2025/07/05/17:49:57.811680,10533,1751712597,821147008,base_link,-0.7606603503227234,1.0620191097259521,0.03513001278042793,-0.023091583888423105,0.019696518236864583,0.3565474559701322
2025/07/05/17:49:57.911651,10534,1751712597,921147008,base_link,-0.9055269360542297,0.8916321396827698,0.05430765077471733,-0.0352874595240519,0.04041240525170629,0.3155230257231435
2025/07/05/17:49:57.991526,10535,1751712598,2147008,base_link,-0.943232536315918,0.8429529070854187,0.06447966396808624,-0.2819296330881575,0.2346580521639767,0.04384035036678848
2025/07/05/17:49:58.091540,10536,1751712598,101147008,base_link,-0.9819720387458801,0.8020271062850952,0.08286042511463165,-0.3829884939705121,0.2765942421314894,-0.1907074949215268
2025/07/05/17:49:58.170950,10537,1751712598,181147008,base_link,-0.9878819584846497,0.8079821467399597,0.06425812840461731,-0.2735363796846741,0.1445038766507515,-0.3103559827157262
2025/07/05/17:49:58.270849,10538,1751712598,281147008,base_link,-0.9828997850418091,0.8291834592819214,0.03657333925366402,0.05496746364189574,-0.13434505810873532,-0.3715216406011833
2025/07/05/17:49:58.351974,10539,1751712598,361147008,base_link,-0.9553347229957581,0.8764545321464539,0.027753548696637154,0.28105076704664533,-0.29895835024323186,-0.3860554613046037
2025/07/05/17:49:58.530574,10540,1751712598,540147008,base_link,-0.7884737253189087,1.055043339729309,0.050791334360837936,0.4804090913835949,-0.48156413139357185,-0.2582492065885317
2025/07/05/17:49:58.612246,10541,1751712598,622147008,base_link,-0.7615753412246704,1.0791667699813843,0.06431670486927032,0.48057875158378593,-0.547392093119302,0.05634771147326027
2025/07/05/17:49:58.691252,10542,1751712598,702147008,base_link,-0.763816773891449,1.0854178667068481,0.04993950575590134,0.27754334187652363,-0.3708549330967538,0.21796112006516852
2025/07/05/17:49:58.811759,10543,1751712598,822147008,base_link,-0.763305127620697,1.0954056978225708,0.03404960036277771,-0.1449524388531756,0.11532412828584787,0.2834029562982021
2025/07/05/17:49:58.910995,10544,1751712598,921147008,base_link,-0.7727721333503723,1.108954668045044,0.020258747041225433,-0.3953605806828556,0.4177510881003502,0.34689080047055165
2025/07/05/17:49:59.011680,10545,1751712599,21147008,base_link,-0.7827959656715393,1.104298710823059,0.0202278234064579,-0.32613924462439414,0.36931913549656803,0.403627191690323
2025/07/05/17:49:59.110851,10546,1751712599,121147008,base_link,-0.8092594146728516,1.0943548679351807,0.030066534876823425,-0.10674525491949877,0.1515021532363164,0.4143365178528914
2025/07/05/17:49:59.211825,10547,1751712599,222147008,base_link,-0.840912401676178,1.0672482252120972,0.03754299506545067,0.07509567801432382,-0.032512076174359944,0.3949767938011713
2025/07/05/17:49:59.292853,10548,1751712599,302147008,base_link,-0.8637210726737976,1.0502688884735107,0.03945162147283554,0.13697820564191537,-0.10045950464411124,0.37806005322486747
2025/07/05/17:49:59.470881,10549,1751712599,481147008,base_link,-0.9205980896949768,0.9840347170829773,0.03380439803004265,0.11115276883072897,-0.09069154396408013,0.3723943463690712
2025/07/05/17:49:59.571276,10550,1751712599,580147008,base_link,-0.9978130459785461,0.8799715042114258,0.03601139038801193,-0.07262272376185512,0.04517388850223486,0.3532201098695008
2025/07/05/17:49:59.651882,10551,1751712599,660147008,base_link,-1.0775169134140015,0.7508872747421265,0.05825125798583031,-0.2988551400563113,0.18703936555915399,0.19546326259863556
2025/07/05/17:49:59.752130,10552,1751712599,760147008,base_link,-1.1114180088043213,0.6698722839355469,0.07469575852155685,-0.6150243828029474,0.3350418633823165,-0.14420349726408238
2025/07/05/17:49:59.852224,10553,1751712599,860147008,base_link,-1.1101641654968262,0.6755430102348328,0.05251948535442352,-0.39661693027347183,0.17094821497473855,-0.3028006858718672
2025/07/05/17:49:59.951475,10554,1751712599,961147008,base_link,-1.1068445444107056,0.707578182220459,0.0159279964864254,0.1243434221721076,-0.13819494931707532,-0.34488326015927545
2025/07/05/17:50:00.071305,10555,1751712600,81147008,base_link,-1.0729453563690186,0.8044686913490295,0.00013651655171997845,0.5694963520382442,-0.3730801008113954,-0.3266377826941411
2025/07/05/17:50:00.191799,10556,1751712600,201147008,base_link,-1.0436266660690308,0.869451105594635,0.015963679179549217,0.641488595599272,-0.4042257446665071,-0.22720141352104462
2025/07/05/17:50:00.270799,10557,1751712600,281147008,base_link,-0.9802786707878113,0.9553004503250122,0.03651990368962288,0.4011138828506201,-0.26128338842254967,-0.11518115464046678
2025/07/05/17:50:00.433880,10558,1751712600,443147008,base_link,-0.9540079236030579,0.9951855540275574,0.033381205052137375,0.1759020489316091,-0.15886894960073877,0.11346597879323811
2025/07/05/17:50:00.551160,10559,1751712600,560147008,base_link,-0.9608662128448486,0.9947770237922668,0.022371569648385048,-0.22061258520084714,0.11184514477377545,0.3395510850343313
2025/07/05/17:50:00.612633,10560,1751712600,622147008,base_link,-0.9718690514564514,0.9873594045639038,0.013208644464612007,-0.3190779395397273,0.22465102098595727,0.38471754610498904
2025/07/05/17:50:00.712051,10561,1751712600,721147008,base_link,-1.020983099937439,0.9485570788383484,0.016202814877033234,-0.2790365768250971,0.2294872988539972,0.40172464086047166
2025/07/05/17:50:00.811747,10562,1751712600,821147008,base_link,-1.1012201309204102,0.8566814661026001,0.03450730815529823,-0.21465255628625918,0.192140277252692,0.32716099960674055
2025/07/05/17:50:00.911726,10563,1751712600,921147008,base_link,-1.1639065742492676,0.7373260855674744,0.04574484005570412,-0.2611444313257394,0.18555871212291022,0.15840034074944556
2025/07/05/17:50:01.011615,10564,1751712601,22147008,base_link,-1.1845523118972778,0.6848913431167603,0.03960701823234558,-0.3609033232739673,0.17284636280074717,-0.10913403871016666
2025/07/05/17:50:01.091801,10565,1751712601,101147008,base_link,-1.1937347650527954,0.6719418168067932,0.02822416089475155,-0.16374529099335533,0.017951665630236813,-0.25387171320809554
2025/07/05/17:50:01.191360,10566,1751712601,202147008,base_link,-1.1879829168319702,0.6852258443832397,0.0070442622527480125,0.10628624133242931,-0.13026331904623123,-0.34069567994858546
2025/07/05/17:50:01.291827,10567,1751712601,301147008,base_link,-1.1620228290557861,0.7433859705924988,-0.0010481636272743344,0.31169822346052495,-0.19955457675035057,-0.3650058554212072
2025/07/05/17:50:01.450439,10568,1751712601,461147008,base_link,-1.042502999305725,0.920958936214447,0.03911295160651207,0.4301308816882261,-0.2213518690993441,-0.28975718331452693
2025/07/05/17:50:01.611834,10569,1751712601,621147008,base_link,-0.9861171841621399,0.9801065325737,0.045490942895412445,0.3665341677792416,-0.2906752365483758,0.14352565689100094
2025/07/05/17:50:01.691752,10570,1751712601,702147008,base_link,-0.9892986416816711,0.987450122833252,0.02806178294122219,0.05722674057009645,-0.1263867610696226,0.27778718397338026
2025/07/05/17:50:01.771182,10571,1751712601,781147008,base_link,-0.986046314239502,0.9769412279129028,0.009365200065076351,-0.18058497496966197,0.050898737344911356,0.3257304632421649
2025/07/05/17:50:01.871764,10572,1751712601,881147008,base_link,-1.007100224494934,0.9650301337242126,0.0075049991719424725,-0.3112188015132861,0.19225487758378818,0.3698875432194454
2025/07/05/17:50:01.991413,10573,1751712602,2147008,base_link,-1.077936053276062,0.8835291266441345,0.015594241209328175,-0.293438910996576,0.24481049991339213,0.3644589298097584
2025/07/05/17:50:02.091552,10574,1751712602,102147008,base_link,-1.1669684648513794,0.7245191335678101,0.04598037898540497,-0.2684061336770184,0.2190802266698245,0.2430243899918376
2025/07/05/17:50:02.192675,10575,1751712602,202147008,base_link,-1.1886141300201416,0.6595900058746338,0.05209088698029518,-0.41504101544347116,0.22220523465057337,-0.046485960849033614
2025/07/05/17:50:02.291564,10576,1751712602,301147008,base_link,-1.1938036680221558,0.6420027017593384,0.035344019532203674,-0.3855446842826324,0.1439829527675987,-0.2288836703257026
2025/07/05/17:50:02.411055,10577,1751712602,422147008,base_link,-1.1844052076339722,0.6689554452896118,0.008383681997656822,-0.0759424578892105,-0.04633792114930896,-0.3313729686411916
2025/07/05/17:50:02.551095,10578,1751712602,560147008,base_link,-1.1136106252670288,0.8125278949737549,0.0030758921056985855,0.3994406354552306,-0.2434759515314649,-0.3381465418559754
2025/07/05/17:50:02.633992,10579,1751712602,644147008,base_link,-1.021439790725708,0.9188247323036194,0.0322042740881443,0.678320105890738,-0.3692855417748332,-0.08369230601172957
2025/07/05/17:50:02.730389,10580,1751712602,740147008,base_link,-1.0045210123062134,0.9162272810935974,0.047631584107875824,0.6756715264681811,-0.43899828682881764,0.16315441944923115
2025/07/05/17:50:02.811777,10581,1751712602,822147008,base_link,-1.005945086479187,0.9152323007583618,0.03906894847750664,0.2140699013309335,-0.2030304124519691,0.2838530012347744
2025/07/05/17:50:02.930572,10582,1751712602,940147008,base_link,-1.028141975402832,0.900497317314148,0.01734759658575058,-0.21258196935166554,0.06510486742393233,0.3305777840452765
2025/07/05/17:50:03.013735,10583,1751712603,24147008,base_link,-1.0844038724899292,0.8318541646003723,0.014149299822747707,-0.5393874213109443,0.3133369605585929,0.35884097064586185
2025/07/05/17:50:03.110700,10584,1751712603,121147008,base_link,-1.1380780935287476,0.7452908754348755,0.03976741060614586,-0.6660221817031865,0.43365196013783014,0.2693065831184027
2025/07/05/17:50:03.211834,10585,1751712603,222147008,base_link,-1.170642375946045,0.6840610504150391,0.06637711822986603,-0.6076136588993062,0.39101994767995624,0.09802093013136243
2025/07/05/17:50:03.291714,10586,1751712603,302147008,base_link,-1.1687126159667969,0.6720879673957825,0.05527225881814957,-0.36451356636506554,0.19008848839147624,-0.1130607871739466
2025/07/05/17:50:03.433342,10587,1751712603,443147008,base_link,-1.1419025659561157,0.7399977445602417,0.013576597906649113,0.10940283021443835,-0.11252139560555334,-0.2003627185900786
2025/07/05/17:50:03.570685,10588,1751712603,581147008,base_link,-1.0947774648666382,0.8310697674751282,0.015046224929392338,0.6344812644728967,-0.364847395649242,-0.12898553117542777
2025/07/05/17:50:03.670900,10589,1751712603,681147008,base_link,-1.0496679544448853,0.8932361006736755,0.03985259309411049,0.6098430736361682,-0.32880768744543304,0.09253555170433803
2025/07/05/17:50:03.790805,10590,1751712603,801147008,base_link,-1.0568922758102417,0.8799457550048828,0.031623296439647675,0.2914849401944307,-0.18384227013173093,0.2822329804205535
2025/07/05/17:50:03.893235,10591,1751712603,901147008,base_link,-1.0690525770187378,0.858193576335907,0.0278222244232893,-0.2006381451002845,0.07810558866833339,0.354511731915066
2025/07/05/17:50:03.970967,10592,1751712603,981147008,base_link,-1.0803685188293457,0.8551516532897949,0.02648647129535675,-0.47325085618860036,0.24569723999119994,0.40167949685792936
2025/07/05/17:50:04.090982,10593,1751712604,101147008,base_link,-1.1074573993682861,0.7946026921272278,0.03611357510089874,-0.44465121234816524,0.24625416822024743,0.4271032833285856
2025/07/05/17:50:04.171786,10594,1751712604,181147008,base_link,-1.1664963960647583,0.6826419234275818,0.04803086444735527,-0.2577830230616317,0.14492537212315112,0.38504299016208204
2025/07/05/17:50:04.271447,10595,1751712604,280147008,base_link,-1.216483235359192,0.5146234631538391,0.05431440845131874,-0.34513822332110206,0.1256017314382491,0.09376538745642468
2025/07/05/17:50:04.392240,10596,1751712604,402147008,base_link,-1.2302675247192383,0.4575214684009552,0.04165351018309593,-0.40901574619716613,0.0854555158034653,-0.2037030417549379
2025/07/05/17:50:04.551018,10597,1751712604,560147008,base_link,-1.2361279726028442,0.4521377980709076,0.011037823744118214,0.17401368480673043,-0.14142002299563822,-0.3519727396083182
2025/07/05/17:50:04.651532,10598,1751712604,661147008,base_link,-1.2311553955078125,0.46163251996040344,0.011792573146522045,0.3961159100508097,-0.17812873897613843,-0.40162653767193546
2025/07/05/17:50:04.751634,10599,1751712604,760147008,base_link,-1.2192599773406982,0.4861428737640381,0.029265420511364937,0.3115499451147005,-0.09691046645451207,-0.42499732462765705
2025/07/05/17:50:04.832581,10600,1751712604,843147008,base_link,-1.19858717918396,0.5176506042480469,0.03538590297102928,0.16465878912110649,-0.028094899627807056,-0.41772572826192983
2025/07/05/17:50:04.930845,10601,1751712604,940147008,base_link,-1.1742287874221802,0.5568277835845947,0.02993709407746792,0.038610556784421865,0.009200170770059815,-0.40009671804355856
2025/07/05/17:50:05.011825,10602,1751712605,21147008,base_link,-1.1557695865631104,0.5746331214904785,0.02167225256562233,-0.027758270007778908,0.007249579574874279,-0.3882010353374207
2025/07/05/17:50:05.130609,10603,1751712605,140147008,base_link,-1.1305469274520874,0.601250946521759,0.017000308260321617,-0.006938191830039273,-0.019521994689173136,-0.38508378751167494
2025/07/05/17:50:05.212246,10604,1751712605,222147008,base_link,-1.1054154634475708,0.6325003504753113,0.02245383709669113,0.02033826956865547,-0.033951007213012106,-0.3894690207351468
2025/07/05/17:50:05.310901,10605,1751712605,321147008,base_link,-1.0713733434677124,0.6855037212371826,0.03557524085044861,0.02329553311238908,-0.0317655597483313,-0.3704394836455889
2025/07/05/17:50:05.470772,10606,1751712605,480147008,base_link,-1.02228844165802,0.7517092823982239,0.03751061111688614,0.03448160287677419,-0.044996649284971844,-0.3428374246758381
2025/07/05/17:50:05.591571,10607,1751712605,602147008,base_link,-0.9852369427680969,0.7914450168609619,0.0320364274084568,0.04267829128355949,-0.03860533095301402,-0.3027062489937234
2025/07/05/17:50:05.710865,10608,1751712605,721147008,base_link,-0.9633800983428955,0.8223167061805725,0.020959407091140747,0.018173754888973034,-0.011149593810529407,-0.2932946862679724
2025/07/05/17:50:05.814902,10609,1751712605,824147008,base_link,-0.941879153251648,0.8629580140113831,0.015849579125642776,-0.018285071065135612,0.027366174576564886,-0.29818716556267116
2025/07/05/17:50:05.930464,10610,1751712605,940147008,base_link,-0.905775249004364,0.8909974098205566,0.01603120192885399,-0.026442786749085637,0.0395194816803389,-0.2995152774541117
2025/07/05/17:50:06.011830,10611,1751712606,21147008,base_link,-0.8911378383636475,0.9262477159500122,0.0184820257127285,-0.025369758060497398,0.035420398613695475,-0.2872885423172574
2025/07/05/17:50:06.091755,10612,1751712606,101147008,base_link,-0.8654019236564636,0.9531521797180176,0.018985170871019363,-0.017194872360819326,0.018627755522067767,-0.2838791951464051
2025/07/05/17:50:06.171086,10613,1751712606,181147008,base_link,-0.8403587937355042,0.9812615513801575,0.013819357380270958,-0.009378381401838432,0.0019622505728281933,-0.28759533971324236
2025/07/05/17:50:06.270922,10614,1751712606,281147008,base_link,-0.8190954327583313,1.0060690641403198,0.007787635549902916,0.010119474313834639,-0.024046306306190837,-0.2754734829933944
2025/07/05/17:50:06.370871,10615,1751712606,381147008,base_link,-0.7978107929229736,1.0308340787887573,0.003670370439067483,0.006856345840416693,-0.014376404809966131,-0.27587925437459976
2025/07/05/17:50:06.551425,10616,1751712606,560147008,base_link,-0.7373130917549133,1.0929841995239258,0.004121397156268358,-0.0011763325913379877,0.016013676165546865,-0.2741211744126152
2025/07/05/17:50:06.633584,10617,1751712606,643147008,base_link,-0.7140933275222778,1.1135882139205933,0.0012684271205216646,-0.004934802007400846,0.022809559409251185,-0.2722962157058362
2025/07/05/17:50:06.729628,10618,1751712606,740147008,base_link,-0.6909653544425964,1.1334481239318848,-0.003859790973365307,-0.004800559430436746,0.0171202956730602,-0.2722930268862499
2025/07/05/17:50:06.832455,10619,1751712606,843147008,base_link,-0.6657398343086243,1.1515618562698364,-0.00962839275598526,-0.0038524731914208726,0.013078815655007979,-0.2817529293799776
2025/07/05/17:50:06.951977,10620,1751712606,960147008,base_link,-0.6244848370552063,1.1849068403244019,-0.007004287093877792,0.004635616911167515,-0.0036166019721298875,-0.28520077672440414
2025/07/05/17:50:07.032477,10621,1751712607,43147008,base_link,-0.5956642627716064,1.204209804534912,-0.006954866461455822,0.005810869918340203,-0.009058341193870521,-0.2870510230946811
2025/07/05/17:50:07.110986,10622,1751712607,121147008,base_link,-0.5772035717964172,1.2173222303390503,-0.007108804304152727,0.0031716334757214545,-0.003649321593301773,-0.27873120430358367
2025/07/05/17:50:07.211461,10623,1751712607,222147008,base_link,-0.5503107905387878,1.2353814840316772,-0.00969775766134262,-0.002053616387605064,0.004529041954679056,-0.2772692396367271
2025/07/05/17:50:07.311096,10624,1751712607,321147008,base_link,-0.5263025760650635,1.2482376098632812,-0.012430747970938683,-0.004871421645067787,0.003688381093865878,-0.2729409532308476
2025/07/05/17:50:07.510761,10625,1751712607,521147008,base_link,-0.43839484453201294,1.2899389266967773,-0.006193013861775398,-0.009414808882996735,0.0037432537632076032,-0.2750313649002163
2025/07/05/17:50:07.590711,10626,1751712607,602147008,base_link,-0.41265276074409485,1.3007889986038208,-0.004592005629092455,-0.00042948348122311066,-0.0013446806919908093,-0.2636451827785867
2025/07/05/17:50:07.691394,10627,1751712607,702147008,base_link,-0.37505215406417847,1.3110517263412476,-0.0025672167539596558,0.003394955076847752,7.747504322655474e-05,-0.2699626964849613
2025/07/05/17:50:07.771216,10628,1751712607,781147008,base_link,-0.35284075140953064,1.31376314163208,-0.003952576778829098,-0.0003730392682130383,-0.00022272647647503946,-0.2680396476569421
2025/07/05/17:50:07.870763,10629,1751712607,881147008,base_link,-0.32315123081207275,1.3266291618347168,-0.002423590514808893,-0.00815085155754988,0.008165962323863546,-0.26689489294424795
2025/07/05/17:50:07.991653,10630,1751712608,2147008,base_link,-0.28924861550331116,1.332750916481018,-0.0074347034096717834,-0.005827043871066945,0.009627576451936744,-0.2687693275967492
2025/07/05/17:50:08.090650,10631,1751712608,102147008,base_link,-0.2455097734928131,1.3390179872512817,-0.00645213108509779,-0.0016520218937361932,0.009356029884081553,-0.26978073498262145
2025/07/05/17:50:08.191519,10632,1751712608,202147008,base_link,-0.21413305401802063,1.3447401523590088,-0.001561298849992454,0.004207531411871617,0.01010281162409566,-0.26298537887616735
2025/07/05/17:50:08.291463,10633,1751712608,302147008,base_link,-0.18731199204921722,1.3450268507003784,-0.00209726020693779,0.0008005463268598552,0.013120385717238607,-0.2717726576736987
2025/07/05/17:50:08.470851,10634,1751712608,481147008,base_link,-0.13081048429012299,1.3532532453536987,-0.002811275888234377,-0.003224655882406012,-0.003264619132807737,-0.277385772400422
2025/07/05/17:50:08.591818,10635,1751712608,602147008,base_link,-0.07053162902593613,1.361495852470398,-0.0016760916914790869,-0.005252421750420712,-0.013396406183993233,-0.2753015383754141
2025/07/05/17:50:08.690293,10636,1751712608,701147008,base_link,-0.03643986955285072,1.364359736442566,-0.0019407491199672222,-0.0035968940753951777,-0.009315492752572395,-0.27154985009893234
2025/07/05/17:50:08.790612,10637,1751712608,802147008,base_link,-0.006523303687572479,1.363816261291504,-0.0010578377405181527,-0.0018773651857354277,0.00285176848792508,-0.27137211560548097
2025/07/05/17:50:08.891048,10638,1751712608,902147008,base_link,0.020213793963193893,1.3627058267593384,0.0011075818911194801,0.00040813470863494683,0.005501373672744961,-0.27313693188169197
2025/07/05/17:50:09.011258,10639,1751712609,22147008,base_link,0.18347394466400146,1.3421580791473389,0.0071656485088169575,-0.0049382312813268745,-0.036515550661204085,-0.23312411239140982
2025/07/05/17:50:09.111030,10640,1751712609,121147008,base_link,0.3379746079444885,1.289046287536621,0.01653170771896839,-0.06495855222665303,-0.3162739730263397,-0.01569527965246062
2025/07/05/17:50:09.210925,10641,1751712609,222147008,base_link,0.3598085343837738,1.285055160522461,0.03175266459584236,-0.13399465787374668,-0.5421671374702148,0.2613245736900111
2025/07/05/17:50:09.290584,10642,1751712609,301147008,base_link,0.3517967760562897,1.2959413528442383,0.01961512863636017,-0.10787021987127574,-0.3152033593319808,0.33353395214161413
2025/07/05/17:50:09.432311,10643,1751712609,443147008,base_link,0.29688143730163574,1.3225657939910889,-0.008887315168976784,-0.009910851074653518,0.17396493945240954,0.36709112269225674
2025/07/05/17:50:09.591571,10644,1751712609,602147008,base_link,0.06266069412231445,1.3589359521865845,0.012002968229353428,0.08245149475886068,0.6091864954528847,0.3221610690844636
2025/07/05/17:50:09.670935,10645,1751712609,681147008,base_link,0.04775292053818703,1.362801432609558,0.01677010953426361,0.06778382135018661,0.7957193519607614,-0.008413893470586659
2025/07/05/17:50:09.792235,10646,1751712609,801147008,base_link,0.017109114676713943,1.362137794494629,0.0003787594032473862,0.007065679923685439,0.43527104489938123,-0.18489801347146056
2025/07/05/17:50:09.892162,10647,1751712609,901147008,base_link,0.02815844491124153,1.3721197843551636,-0.024826092645525932,-0.0515949175257543,-0.1191946259897805,-0.29107326163345576
2025/07/05/17:50:09.991790,10648,1751712610,2147008,base_link,0.06919076293706894,1.3724008798599243,-0.04159078001976013,-0.06604871872016793,-0.4987325664778347,-0.35594875037363805
2025/07/05/17:50:10.090929,10649,1751712610,101147008,base_link,0.14450033009052277,1.376923680305481,-0.02808224968612194,-0.04021369538542553,-0.5735841844879312,-0.35456110714178424
2025/07/05/17:50:10.190642,10650,1751712610,201147008,base_link,0.18774205446243286,1.3673782348632812,-0.013541658408939838,-0.01880617240397306,-0.4486726139466314,-0.2591640479023619
2025/07/05/17:50:10.269692,10651,1751712610,280147008,base_link,0.30415838956832886,1.3421287536621094,0.0013825345085933805,-0.02054019161405389,-0.21923125212007205,-0.13945168113605125
2025/07/05/17:50:10.392123,10652,1751712610,402147008,base_link,0.37500739097595215,1.320063829421997,-0.004979405086487532,-0.0649913808854833,-0.16402525249827682,0.08634827016957917
2025/07/05/17:50:10.529789,10653,1751712610,540147008,base_link,0.4041869044303894,1.3117408752441406,-0.014713606797158718,-0.035730127876115785,0.05795134590030032,0.3164142137713804
2025/07/05/17:50:10.610770,10654,1751712610,622147008,base_link,0.40628939867019653,1.3186193704605103,-0.02073170244693756,0.006549328465482051,0.1736427314568344,0.3714766373582769
2025/07/05/17:50:10.710820,10655,1751712610,721147008,base_link,0.3853509724140167,1.329980731010437,-0.021907752379775047,0.05127477711259029,0.25964044764747907,0.4070011662408054
2025/07/05/17:50:10.791230,10656,1751712610,802147008,base_link,0.33827298879623413,1.3395578861236572,-0.018797261640429497,0.06152638218012366,0.24338522558600614,0.42393405118245114
2025/07/05/17:50:10.910949,10657,1751712610,921147008,base_link,0.12095744162797928,1.356999397277832,0.0007137471111491323,0.050829133866998444,0.2092426826183474,0.3528568299875382
2025/07/05/17:50:11.010967,10658,1751712611,21147008,base_link,-0.0030430410988628864,1.3537348508834839,0.021547317504882812,0.004527619079241779,0.4289792968230228,0.04659809686858887
2025/07/05/17:50:11.090881,10659,1751712611,101147008,base_link,-0.048233211040496826,1.3430486917495728,0.023179979994893074,-0.034072301546355925,0.5054096654923357,-0.18128890959830987
2025/07/05/17:50:11.169802,10660,1751712611,181147008,base_link,-0.0457746721804142,1.3459243774414062,0.010587047785520554,-0.05915054901470156,0.3159288099114311,-0.31483231069662215
2025/07/05/17:50:11.269991,10661,1751712611,280147008,base_link,-0.047513045370578766,1.344993233680725,-0.0168448518961668,-0.06258984995631228,-0.15199581460469094,-0.3553724028211994
2025/07/05/17:50:11.412347,10662,1751712611,422147008,base_link,-0.011200591921806335,1.3506808280944824,-0.030117176473140717,-0.03474750970520309,-0.4071773558127146,-0.39175496511021934
2025/07/05/17:50:11.550998,10663,1751712611,560147008,base_link,0.04148435592651367,1.3436652421951294,-0.016582919284701347,0.013120780626189984,-0.25137673757742857,-0.4206156072675099
2025/07/05/17:50:11.651247,10664,1751712611,660147008,base_link,0.08333125710487366,1.3332544565200806,-0.011876676231622696,0.011831667435414181,-0.06187971518831987,-0.40472037420608714
2025/07/05/17:50:11.729391,10665,1751712611,740147008,base_link,0.11994501203298569,1.3267552852630615,-0.012076778337359428,0.00698393748903154,0.03621528327499092,-0.389084065711939
2025/07/05/17:50:11.813056,10666,1751712611,822147008,base_link,0.148227721452713,1.3191277980804443,-0.008309369906783104,-0.0007053811423802757,0.0620021711174504,-0.37695739705952475
2025/07/05/17:50:11.890377,10667,1751712611,901147008,base_link,0.18430355191230774,1.3116685152053833,-0.006965287029743195,-0.0108657992770603,0.03368396309636897,-0.3738138125535074
2025/07/05/17:50:11.990860,10668,1751712612,1147008,base_link,0.23072431981563568,1.299096703529358,-0.002571763936430216,-0.022031086866207965,-0.01680208686391374,-0.3728594529440907
2025/07/05/17:50:12.069468,10669,1751712612,81147008,base_link,0.2752704918384552,1.2885018587112427,-0.0023340375628322363,-0.03293101948310272,-0.06983145839214053,-0.3740322861008159
2025/07/05/17:50:12.190627,10670,1751712612,201147008,base_link,0.31560710072517395,1.2681385278701782,-0.004815600346773863,-0.035490426290598516,-0.09550341891017833,-0.3659622016797642
2025/07/05/17:50:12.270281,10671,1751712612,280147008,base_link,0.3419412672519684,1.242828369140625,-0.012633446604013443,-0.028458795841795143,-0.0753989080667119,-0.36450563826880095
2025/07/05/17:50:12.369743,10672,1751712612,380147008,base_link,0.37409815192222595,1.2195422649383545,-0.007549726404249668,-0.0087010556323472,-0.02497584431432709,-0.3523156455044225
2025/07/05/17:50:12.551525,10673,1751712612,560147008,base_link,0.4570814371109009,1.1908478736877441,-0.006396951153874397,0.021427985842253285,0.05438810526483409,-0.3488301127509831
2025/07/05/17:50:12.629663,10674,1751712612,640147008,base_link,0.4919230341911316,1.1793817281723022,-0.009982073679566383,0.024573231203868444,0.061071422757028336,-0.33831514585711064
2025/07/05/17:50:12.729524,10675,1751712612,740147008,base_link,0.5371826887130737,1.1548480987548828,-0.0061356909573078156,0.018400289528928963,0.04185086450590486,-0.3326123561912064
2025/07/05/17:50:12.811912,10676,1751712612,822147008,base_link,0.568774402141571,1.1426031589508057,-0.0058935098350048065,0.00857793348980632,0.006059700932748824,-0.33929845559817734
2025/07/05/17:50:12.949732,10677,1751712612,960147008,base_link,0.6250865459442139,1.1122056245803833,-0.0021813514176756144,-0.011771727459540277,-0.033633419005208595,-0.33715501589428326
2025/07/05/17:50:13.011666,10678,1751712613,22147008,base_link,0.6488062739372253,1.0969499349594116,-0.0030879040714353323,-0.026666680871012725,-0.04101680924895762,-0.3403667419928298
2025/07/05/17:50:13.110972,10679,1751712613,121147008,base_link,0.6856083273887634,1.0823559761047363,-0.007109577301889658,-0.025981654679333308,-0.023333090532007057,-0.33294984461590366
2025/07/05/17:50:13.211616,10680,1751712613,222147008,base_link,0.7145477533340454,1.053477168083191,-0.00880951713770628,-0.0075125053043699624,0.01090240171691145,-0.332441453586106
2025/07/05/17:50:13.290570,10681,1751712613,302147008,base_link,0.7507525682449341,1.0376129150390625,-0.007639211602509022,0.010432024218954686,0.024795927282796688,-0.3296462294818846
2025/07/05/17:50:13.510664,10682,1751712613,521147008,base_link,0.8235459327697754,0.9660877585411072,0.001987435156479478,0.03326602478775574,0.028288496228637498,-0.3264230309949372
2025/07/05/17:50:13.610762,10683,1751712613,622147008,base_link,0.852435827255249,0.941737949848175,0.0021415259689092636,0.012004227893903305,-0.0012667947429718836,-0.32968278894514175
2025/07/05/17:50:13.690974,10684,1751712613,701147008,base_link,0.8832406401634216,0.9111039042472839,0.0003338530659675598,-0.013188441029149282,-0.009245872801484506,-0.3249873597272998
2025/07/05/17:50:13.791033,10685,1751712613,802147008,base_link,0.9110071659088135,0.8795081973075867,-0.0012768552405759692,-0.016771172789552827,-0.003040821421163232,-0.327231325049478
2025/07/05/17:50:13.911879,10686,1751712613,921147008,base_link,0.9315098524093628,0.8479060530662537,0.004228736739605665,-0.006449478810955506,-0.0018682049692461192,-0.325048922247429
2025/07/05/17:50:14.011548,10687,1751712614,22147008,base_link,0.9647542834281921,0.8058800101280212,0.007175757549703121,0.015023232216327932,0.002400227947760507,-0.31985094275186443
2025/07/05/17:50:14.092745,10688,1751712614,102147008,base_link,0.9789820909500122,0.7766428589820862,0.010606343857944012,0.015178187235248324,0.003073023020522902,-0.31873311647795827
2025/07/05/17:50:14.190471,10689,1751712614,202147008,base_link,1.001771092414856,0.7462331652641296,0.010263314470648766,0.010120228108512264,0.009113805683748066,-0.3142270812120646
2025/07/05/17:50:14.290582,10690,1751712614,301147008,base_link,1.035801649093628,0.6958118677139282,0.008928858675062656,0.004061320199303553,0.017077795720037384,-0.32209798839120274
2025/07/05/17:50:14.469999,10691,1751712614,480147008,base_link,1.0813300609588623,0.6225770115852356,0.01363023929297924,-0.013973663317565346,0.010116937886403023,-0.3059150432768025
2025/07/05/17:50:14.590620,10692,1751712614,601147008,base_link,1.0937622785568237,0.596237063407898,0.023395193740725517,-0.024865356024467152,-0.018544140670195854,-0.25965589599128264
2025/07/05/17:50:14.690686,10693,1751712614,701147008,base_link,1.1131749153137207,0.5661523342132568,0.024237044155597687,0.04738789220938553,0.008006616676207464,-0.28491642447516347
2025/07/05/17:50:14.810874,10694,1751712614,821147008,base_link,1.1262484788894653,0.5396261811256409,0.02053150348365307,0.07547552432957111,0.027102681559913536,-0.29547721433583124
2025/07/05/17:50:14.890708,10695,1751712614,902147008,base_link,1.1474671363830566,0.4819531738758087,0.022808456793427467,0.04952178682055364,0.025697272526566853,-0.3015531011018612
2025/07/05/17:50:15.011713,10696,1751712615,22147008,base_link,1.200251579284668,0.32859528064727783,0.025308018550276756,-0.07062739761964296,-0.016612231056792166,-0.23236657872266034
2025/07/05/17:50:15.090954,10697,1751712615,102147008,base_link,1.2268390655517578,0.20422354340553284,0.036915697157382965,-0.2791642464306959,-0.07517845875962804,-0.08690545569266755
2025/07/05/17:50:15.191170,10698,1751712615,202147008,base_link,1.2446293830871582,0.15902352333068848,0.05889308452606201,-0.5696397958468532,-0.12618099830364088,0.19884242520524747
2025/07/05/17:50:15.290812,10699,1751712615,301147008,base_link,1.2495415210723877,0.16191993653774261,0.04855140298604965,-0.33997277400403053,-0.040677551426240716,0.32101110292473595
2025/07/05/17:50:15.369565,10700,1751712615,380147008,base_link,1.2498699426651,0.1809171587228775,0.0407143197953701,0.06856831555043993,0.06611251757189718,0.3579866786908166
2025/07/05/17:50:15.549844,10701,1751712615,560147008,base_link,1.2028552293777466,0.3766375780105591,0.039414770901203156,0.5723551169172681,0.20401892395007065,0.34836842422996617
2025/07/05/17:50:15.649645,10702,1751712615,660147008,base_link,1.1523736715316772,0.4785661995410919,0.05920355021953583,0.7825795458040641,0.28625107490189244,0.02950499182939531
2025/07/05/17:50:15.729774,10703,1751712615,740147008,base_link,1.142770528793335,0.4914020001888275,0.05342795327305794,0.6542308057584284,0.2677414975171359,-0.1775069721627023
2025/07/05/17:50:15.810955,10704,1751712615,822147008,base_link,1.1391172409057617,0.49412062764167786,0.03286499157547951,0.18106901193926217,0.1005457908328635,-0.26384417085119605
2025/07/05/17:50:15.949623,10705,1751712615,960147008,base_link,1.1542953252792358,0.47898074984550476,0.007915008813142776,-0.46321208443726997,-0.15476309074541164,-0.3286740425521201
2025/07/05/17:50:16.032537,10706,1751712616,43147008,base_link,1.159145474433899,0.47305771708488464,0.013141549192368984,-0.5817191762501775,-0.22231876900516034,-0.36302661004754977
2025/07/05/17:50:16.129659,10707,1751712616,140147008,base_link,1.1718581914901733,0.44089704751968384,0.03179210051894188,-0.42671700163408416,-0.17975008836573822,-0.37527462223559765
2025/07/05/17:50:16.211020,10708,1751712616,222147008,base_link,1.178007960319519,0.4228633940219879,0.046264346688985825,-0.13336084609240692,-0.07520299249728452,-0.3571612926034068
2025/07/05/17:50:16.290878,10709,1751712616,301147008,base_link,1.1763547658920288,0.4122292101383209,0.0499671995639801,0.06945625750137085,0.0007454658196401585,-0.345587348508911
2025/07/05/17:50:16.391226,10710,1751712616,402147008,base_link,1.1758923530578613,0.3872154951095581,0.04480800777673721,0.2006154124437743,0.048573385882275055,-0.3504941371549871
2025/07/05/17:50:16.529738,10711,1751712616,540147008,base_link,1.1855087280273438,0.32107195258140564,0.038330260664224625,0.14043138388542686,0.04128272724220413,-0.35334043759293055
2025/07/05/17:50:16.611390,10712,1751712616,622147008,base_link,1.1865506172180176,0.28898778557777405,0.032910868525505066,-0.010013577471167663,0.004402661031999771,-0.35796474929205396
2025/07/05/17:50:16.710546,10713,1751712616,721147008,base_link,1.1868200302124023,0.2274191528558731,0.03081030584871769,-0.10379171585448499,-0.018148465520386774,-0.3619634510231144
2025/07/05/17:50:16.792002,10714,1751712616,802147008,base_link,1.1929214000701904,0.14720852673053741,0.025247851386666298,-0.17596483608696806,-0.027442956448781548,-0.34071689757468454
2025/07/05/17:50:16.910964,10715,1751712616,921147008,base_link,1.1954487562179565,-0.06484267860651016,0.05067488178610802,-0.3049061732460106,-0.02401190673153907,-0.19811306129432046
2025/07/05/17:50:16.991182,10716,1751712617,2147008,base_link,1.1833012104034424,-0.10607519000768661,0.06352994590997696,-0.5542730498204061,0.024971354280575012,0.13538539306333874
2025/07/05/17:50:17.090918,10717,1751712617,102147008,base_link,1.1899323463439941,-0.1413087397813797,0.06456252187490463,-0.3386206829991803,0.057153851765243124,0.24470572383976788
2025/07/05/17:50:17.191751,10718,1751712617,202147008,base_link,1.1867647171020508,-0.1183021068572998,0.04346262663602829,0.12027604123885369,0.05947238304654396,0.32320475923890374
2025/07/05/17:50:17.292520,10719,1751712617,302147008,base_link,1.2090543508529663,-0.07612821459770203,0.032175466418266296,0.45938410694451665,0.05252710259444696,0.360972363301366
2025/07/05/17:50:17.411703,10720,1751712617,422147008,base_link,1.2052136659622192,0.13024383783340454,0.042507633566856384,0.559528326232857,0.04083437923086519,0.33527886791517025
2025/07/05/17:50:17.529736,10721,1751712617,541147008,base_link,1.1958036422729492,0.19546623528003693,0.061123915016651154,0.7656670642022807,0.0818132469734378,-0.03489263220753483
2025/07/05/17:50:17.613495,10722,1751712617,624147008,base_link,1.1992493867874146,0.19513916969299316,0.046259745955467224,0.369810928701486,0.0743220888377865,-0.25470594586261236
2025/07/05/17:50:17.710678,10723,1751712617,721147008,base_link,1.202938437461853,0.1832367330789566,0.021609758958220482,-0.1261588285746238,0.019306312485933036,-0.3126228784710939
2025/07/05/17:50:17.791303,10724,1751712617,802147008,base_link,1.2038213014602661,0.17900048196315765,0.0054944418370723724,-0.4749509987941134,-0.031002743110885217,-0.3608271809844689
2025/07/05/17:50:17.890796,10725,1751712617,902147008,base_link,1.2164316177368164,0.14749635756015778,0.00718075642362237,-0.550844362766606,-0.059488468832596106,-0.40608869237796563
2025/07/05/17:50:18.013858,10726,1751712618,24147008,base_link,1.2118122577667236,0.1061026081442833,0.017416663467884064,-0.2735480900027844,-0.053318935834744285,-0.4185941325662334
2025/07/05/17:50:18.110746,10727,1751712618,121147008,base_link,1.216184139251709,0.054027970880270004,0.03367970883846283,-0.06138046003450788,-0.031312903806845434,-0.4006731433257883
2025/07/05/17:50:18.212751,10728,1751712618,224147008,base_link,1.2139183282852173,0.024809490889310837,0.034279532730579376,0.12526439136739065,-0.007947393053648978,-0.3736989496948379
2025/07/05/17:50:18.310723,10729,1751712618,321147008,base_link,1.219902515411377,-0.024707350879907608,0.036158494651317596,0.14825715815220092,0.0027195652919012724,-0.3662571596629568
2025/07/05/17:50:18.432666,10730,1751712618,444147008,base_link,1.21592116355896,-0.07628754526376724,0.027054382488131523,0.0870911889184819,0.012089096214944951,-0.36807569289694186
2025/07/05/17:50:18.590911,10731,1751712618,601147008,base_link,1.206783413887024,-0.1533316969871521,0.02385183610022068,-0.08213226442353425,0.017402464611985195,-0.37942279651019584
2025/07/05/17:50:18.669578,10732,1751712618,681147008,base_link,1.2021076679229736,-0.2017928808927536,0.02893408201634884,-0.11645721491736857,0.017622540774140327,-0.37434903475744685
2025/07/05/17:50:18.791673,10733,1751712618,802147008,base_link,1.18597412109375,-0.25823891162872314,0.031267788261175156,-0.09716639079788852,0.018549421856193835,-0.3721492618124119
2025/07/05/17:50:18.890651,10734,1751712618,901147008,base_link,1.1761078834533691,-0.30351367592811584,0.03049507737159729,-0.05143125823793206,0.016762471693742006,-0.3583004737814226
2025/07/05/17:50:18.969526,10735,1751712618,981147008,base_link,1.169134259223938,-0.345520555973053,0.033040810376405716,0.0003945736149047821,0.007764495557797039,-0.3492623670947382
2025/07/05/17:50:19.069572,10736,1751712619,81147008,base_link,1.156278133392334,-0.3811648488044739,0.03363896906375885,0.030582065568343343,-0.010046460247954685,-0.34251027203494633
2025/07/05/17:50:19.171011,10737,1751712619,181147008,base_link,1.1480225324630737,-0.4166972041130066,0.03292408958077431,0.053209529066613345,-0.023233441001281354,-0.3371352978372101
2025/07/05/17:50:19.269473,10738,1751712619,281147008,base_link,1.1388628482818604,-0.47706371545791626,0.029986921697854996,0.054983002347508934,-0.0221702754817998,-0.33959196187442015
2025/07/05/17:50:19.390921,10739,1751712619,402147008,base_link,1.127648115158081,-0.523431658744812,0.021281477063894272,0.02179970641939239,-0.00018601158184741728,-0.3332326251868458
2025/07/05/17:50:19.549910,10740,1751712619,560147008,base_link,1.1086182594299316,-0.5990262031555176,0.023427201434969902,-0.009438043918089584,0.013506242638184722,-0.3440384360074683
2025/07/05/17:50:19.649587,10741,1751712619,660147008,base_link,1.091049313545227,-0.6557260155677795,0.031125448644161224,-0.005143117423995779,-0.00045194956265920405,-0.3416386312094829
2025/07/05/17:50:19.751687,10742,1751712619,760147008,base_link,1.076677680015564,-0.6998047232627869,0.03306731954216957,0.00016214405297866608,-0.006344167045396108,-0.34036111197007707
2025/07/05/17:50:19.832578,10743,1751712619,843147008,base_link,1.0618329048156738,-0.7325401902198792,0.032519884407520294,-0.008709624184021835,0.0022202997186095697,-0.3425770965960457
2025/07/05/17:50:19.949870,10744,1751712619,961147008,base_link,1.0460294485092163,-0.7705914974212646,0.024379797279834747,-0.00974585412834382,0.001583091516509559,-0.3424008248550338
2025/07/05/17:50:20.032306,10745,1751712620,43147008,base_link,1.0281559228897095,-0.8093641996383667,0.0259260106831789,-0.007864970640818616,-0.005394797163852383,-0.3440742508798601
2025/07/05/17:50:20.129467,10746,1751712620,140107072,base_link,1.001847505569458,-0.8530591726303101,0.02549348957836628,0.0032485972423654703,-0.008225423042863198,-0.335765477968775
2025/07/05/17:50:20.210588,10747,1751712620,222107072,base_link,0.9791690111160278,-0.8827948570251465,0.025416530668735504,0.02338039710213111,-0.007243083939916101,-0.3298962840711176
2025/07/05/17:50:20.290502,10748,1751712620,302107072,base_link,0.9510785937309265,-0.9142479300498962,0.02476799488067627,0.03313095169180398,-0.0019169338437085848,-0.33275590769950303
2025/07/05/17:50:20.470048,10749,1751712620,480107072,base_link,0.816595196723938,-0.9077100157737732,0.03639110550284386,0.028082361890250866,0.00944533296144702,-0.33762748457316794
2025/07/05/17:50:20.569736,10750,1751712620,580107072,base_link,0.7382169961929321,-0.9166470170021057,0.03828835487365723,-0.02916748310482598,0.08214110768089089,-0.3021451249251872
2025/07/05/17:50:20.649609,10751,1751712620,660107072,base_link,0.6740465760231018,-0.9260152578353882,0.0437784381210804,-0.0680410136691375,0.11161400096988427,-0.2546386615489319
2025/07/05/17:50:20.729699,10752,1751712620,740107072,base_link,0.6118710041046143,-0.9366201758384705,0.047569189220666885,-0.07367398783549192,0.12101532192432068,-0.18592768128297807
2025/07/05/17:50:20.810856,10753,1751712620,822107072,base_link,0.5871748328208923,-0.924605131149292,0.043680112808942795,-0.04554553520770703,0.11928101480117413,-0.09730993674322105
2025/07/05/17:50:20.890560,10754,1751712620,902107072,base_link,0.5548865795135498,-0.9168285131454468,0.03610873967409134,0.05364222628668695,0.01158905495442459,-0.074882981159033
2025/07/05/17:50:21.011475,10755,1751712621,22107072,base_link,0.5060259103775024,-0.9129626154899597,0.02977198362350464,0.13917412477549695,-0.1314568191756908,-0.05254862362481259
2025/07/05/17:50:21.093790,10756,1751712621,102107072,base_link,0.4792928099632263,-0.905255138874054,0.028629053384065628,0.1258668833706299,-0.16161942202965116,-0.02817567260797253
2025/07/05/17:50:21.191113,10757,1751712621,202107072,base_link,0.44919338822364807,-0.8972430229187012,0.029577985405921936,0.06682762799944945,-0.1354873974389347,-0.008201788626574592
2025/07/05/17:50:21.309593,10758,1751712621,321107072,base_link,0.4165697991847992,-0.8825820684432983,0.02855602279305458,-0.0033806152922847632,-0.050012361649828786,0.005602862987893587
2025/07/05/17:50:21.432836,10759,1751712621,444107072,base_link,0.39157167077064514,-0.8645663261413574,0.025509167462587357,-0.046573745703684194,0.04065066093445277,0.01392540523302974
2025/07/05/17:50:21.590916,10760,1751712621,602107072,base_link,0.3728381097316742,-0.8376336097717285,0.020776504650712013,-0.010928456445219613,0.046001824724795845,0.00643607255296325
2025/07/05/17:50:21.669676,10761,1751712621,681107072,base_link,0.36244291067123413,-0.8231092095375061,0.020759662613272667,0.016225975695072073,-0.013275448600889776,2.0833394777739628e-05
2025/07/05/17:50:21.769841,10762,1751712621,781107072,base_link,0.34862709045410156,-0.8053279519081116,0.02484329417347908,0.008168423977704557,-0.056137183849044446,-0.0014254558476564537
2025/07/05/17:50:21.890550,10763,1751712621,901107072,base_link,0.33394962549209595,-0.7835237383842468,0.029492532834410667,-0.01571553644082424,-0.0563687496528508,0.001801437720427141
2025/07/05/17:50:21.969620,10764,1751712621,981107072,base_link,0.32734426856040955,-0.7673236727714539,0.028946589678525925,-0.023360485280413356,-0.010483039052559298,0.007499768089425329
2025/07/05/17:50:22.069675,10765,1751712622,81107072,base_link,0.3183962106704712,-0.7505328059196472,0.023096993565559387,-0.005732097071846947,0.03804034666594419,0.0036010771852128722
2025/07/05/17:50:22.190600,10766,1751712622,201107072,base_link,0.30698829889297485,-0.734233558177948,0.016162389889359474,0.010018809592754785,0.04852880526089821,-0.0022652489229242874
2025/07/05/17:50:22.269660,10767,1751712622,281107072,base_link,0.30130645632743835,-0.7204676270484924,0.017208198085427284,0.008959411920085035,0.00393765212034431,-0.0019875200667248865
2025/07/05/17:50:22.449794,10768,1751712622,460107072,base_link,0.2883828282356262,-0.6897599697113037,0.023831818252801895,0.002471636816452183,-0.05164362600069723,0.0046582800415089195
2025/07/05/17:50:22.549755,10769,1751712622,560107072,base_link,0.2835819125175476,-0.675998330116272,0.02157234214246273,-0.0014729993192015489,-0.021921724701761777,0.008159461112551005
2025/07/05/17:50:22.631864,10770,1751712622,643107072,base_link,0.2799168825149536,-0.6660999059677124,0.016827689483761787,0.00825483052754839,0.04266453313489675,-0.0026517195087747336
2025/07/05/17:50:22.710757,10771,1751712622,721107072,base_link,0.27485355734825134,-0.6569868922233582,0.011311396956443787,0.01631200224814168,0.06448417821110243,-0.014126683346029026
2025/07/05/17:50:22.810498,10772,1751712622,822107072,base_link,0.26958054304122925,-0.6475101113319397,0.008555382490158081,0.015942556417059616,0.042454007334277184,-0.014745913976889544
2025/07/05/17:50:22.910903,10773,1751712622,922107072,base_link,0.2675064206123352,-0.6324360370635986,0.01170714944601059,0.0029031544312582255,-0.019783372156217942,-0.002667874333280867
2025/07/05/17:50:23.012743,10774,1751712623,24107072,base_link,0.2654229700565338,-0.6182094812393188,0.014142181724309921,-0.01761812713206097,-0.0478348434117228,0.006398442649966077
2025/07/05/17:50:23.091254,10775,1751712623,102107072,base_link,0.2643309533596039,-0.6068877577781677,0.015250690281391144,-0.018851122268988618,-0.01987057766211178,0.0015140466075409013
2025/07/05/17:50:23.190503,10776,1751712623,202107072,base_link,0.25854212045669556,-0.5973291993141174,0.01152360811829567,0.000719443675028638,0.03877263733026223,-0.012822415976291343
2025/07/05/17:50:23.290446,10777,1751712623,302107072,base_link,0.2541588544845581,-0.5895445942878723,0.0058093746192753315,0.02062748253674404,0.048312325981802615,-0.01196505522830047
2025/07/05/17:50:23.490641,10778,1751712623,502107072,base_link,0.2576073408126831,-0.5704709887504578,0.0025000842288136482,0.020979116323833282,-0.00799014358195837,0.004604701102940306
2025/07/05/17:50:23.611715,10779,1751712623,621107072,base_link,0.2564367949962616,-0.5559766888618469,0.0045088427141308784,-0.020188487533967757,-0.059057722779492505,0.011263067258244898
2025/07/05/17:50:23.690660,10780,1751712623,701107072,base_link,0.25185614824295044,-0.5439031720161438,0.006906609982252121,-0.018783411571419398,0.003303710176482636,-0.0017513245239123621
2025/07/05/17:50:23.790672,10781,1751712623,802107072,base_link,0.24446411430835724,-0.5340418219566345,0.007503000553697348,0.0010340007352032622,0.04782917433389895,-0.006964381600815412
2025/07/05/17:50:23.890362,10782,1751712623,902107072,base_link,0.2412746399641037,-0.5228459239006042,0.004639741033315659,0.013644500662533957,0.03210586223379359,0.0009840013847850874
2025/07/05/17:50:24.010647,10783,1751712624,22107072,base_link,0.23692330718040466,-0.5098794102668762,0.002938810968771577,0.010426399277681147,-0.02924770982955238,0.0031096317284292456
2025/07/05/17:50:24.110798,10784,1751712624,121107072,base_link,0.23498350381851196,-0.5020575523376465,0.007476799190044403,0.0011912497555391676,-0.042762058910076256,-0.0033055987754849817
2025/07/05/17:50:24.210640,10785,1751712624,222107072,base_link,0.23177197575569153,-0.491971880197525,0.014386473223567009,-0.006544125072145326,-0.007477091886811593,-0.00862245595633075
2025/07/05/17:50:24.290723,10786,1751712624,301107072,base_link,0.2274799942970276,-0.4858226180076599,0.016178861260414124,-0.012519471686833436,0.032485609945950907,-0.006382738397071623
2025/07/05/17:50:24.430842,10787,1751712624,441107072,base_link,0.22493092715740204,-0.476220965385437,0.010708838701248169,-0.017907530201137063,0.05767631585733403,-0.004653850888065915
2025/07/05/17:50:24.550875,10788,1751712624,561107072,base_link,0.2249089628458023,-0.46906211972236633,0.003721688175573945,0.006707494327057494,0.015239871447989297,-0.017831074940219332
2025/07/05/17:50:24.670482,10789,1751712624,681107072,base_link,0.22100655734539032,-0.4625815451145172,0.005407992750406265,0.03359150909281501,-0.057093913668886304,-0.022708463728897014
2025/07/05/17:50:24.790850,10790,1751712624,801107072,base_link,0.21371577680110931,-0.4563540816307068,0.01053901668637991,0.015290619089873062,-0.058004872721924707,-0.009145037206444674
2025/07/05/17:50:24.890812,10791,1751712624,901107072,base_link,0.22207072377204895,-0.44356510043144226,0.010632973164319992,-0.0158908690715878,-0.007032876532009149,-0.002114871844606722
2025/07/05/17:50:24.969897,10792,1751712624,981107072,base_link,0.2346031814813614,-0.4291835427284241,0.008843514136970043,-0.009322677281436511,0.02485027252951377,-0.032918775600056786
2025/07/05/17:50:25.069841,10793,1751712625,81107072,base_link,0.24385561048984528,-0.41459402441978455,0.005560918245464563,0.03294237052732394,-0.010444037783134337,-0.08853161482031902
2025/07/05/17:50:25.169634,10794,1751712625,181107072,base_link,0.23915144801139832,-0.4130879342556,0.005631978157907724,0.03350297996806789,-0.03409411899532667,-0.12048208870779291
2025/07/05/17:50:25.270300,10795,1751712625,280107072,base_link,0.2132481336593628,-0.42451536655426025,0.006721275858581066,-0.023628820620721608,0.017006767997630033,-0.11843849742627305
2025/07/05/17:50:25.391534,10796,1751712625,402107072,base_link,0.17315232753753662,-0.4305359423160553,0.006996437441557646,-0.07989710340332987,0.1093412310297123,-0.0732798401674414
2025/07/05/17:50:25.529603,10797,1751712625,540107072,base_link,0.19076886773109436,-0.4015754759311676,0.01012585312128067,-0.06139719488860588,0.10224483764420747,0.01779459287194947
2025/07/05/17:50:25.613210,10798,1751712625,624107072,base_link,0.1940315067768097,-0.39454007148742676,0.012583869509398937,0.04537059739357,-0.09292192165583278,-0.005800720790959777
