time,.x,.y,.z
2025/07/05/17:49:31.132372,-56.77382099998444,-28.304999999914315,0.0
2025/07/05/17:49:31.235368,-56.77382099998444,-28.32719999997657,0.0
2025/07/05/17:49:31.333895,-56.77382099998444,-28.33829999990911,0.0
2025/07/05/17:49:31.494264,-56.77382099998444,-28.371599999903907,0.0
2025/07/05/17:49:31.593332,-56.77382099998444,-28.382699999935035,0.0
2025/07/05/17:49:31.672962,-56.77382099998444,-28.40489999999729,0.0
2025/07/05/17:49:31.753058,-56.762488899046815,-28.41599999992983,0.0
2025/07/05/17:49:31.852168,-56.75115679971958,-28.438199999992086,0.0
2025/07/05/17:49:31.973057,-56.73982470039235,-28.460399999955754,0.0
2025/07/05/17:49:32.052772,-56.73982470039235,-28.471499999986882,0.0
2025/07/05/17:49:32.151864,-56.728492599454725,-28.49369999995055,0.0
2025/07/05/17:49:32.252502,-56.71716050012749,-28.515899999914218,0.0
2025/07/05/17:49:32.351529,-56.70582839918987,-28.549199999909014,0.0
2025/07/05/17:49:32.513862,-56.6831642005354,-28.593599999934938,0.0
2025/07/05/17:49:32.634014,-56.6831642005354,-28.615799999997193,0.0
2025/07/05/17:49:32.732725,-56.67183209959778,-28.63799999996086,0.0
2025/07/05/17:49:32.835448,-56.660500000270545,-28.671299999955657,0.0
2025/07/05/17:49:32.932460,-56.63783580000569,-28.693499999919325,0.0
2025/07/05/17:49:33.034172,-56.62650369906807,-28.71569999998158,0.0
2025/07/05/17:49:33.132731,-56.6038395004136,-28.73789999994525,0.0
2025/07/05/17:49:33.235235,-56.59250739947598,-28.760099999908917,0.0
2025/07/05/17:49:33.333117,-56.56984319921112,-28.782299999971173,0.0
2025/07/05/17:49:33.494388,-56.54717900055665,-28.81559999996597,0.0
2025/07/05/17:49:33.593980,-56.53584689961903,-28.848899999960764,0.0
2025/07/05/17:49:33.672604,-56.513182699354175,-28.871099999924432,0.0
2025/07/05/17:49:33.774324,-56.49051849908932,-28.904399999919228,0.0
2025/07/05/17:49:33.853117,-56.46785430043485,-28.937699999914024,0.0
2025/07/05/17:49:33.952311,-56.445190100169995,-28.982099999939948,0.0
2025/07/05/17:49:34.053690,-56.411193800577905,-29.02649999996587,0.0
2025/07/05/17:49:34.153516,-56.37719749937543,-29.070899999991795,0.0
2025/07/05/17:49:34.252342,-56.35453329911057,-29.11529999991913,0.0
2025/07/05/17:49:34.353800,-56.32053699951848,-29.170799999976182,0.0
2025/07/05/17:49:34.553521,-56.229880200069445,-29.27069999996057,0.0
2025/07/05/17:49:34.652539,-56.18455179953973,-29.326199999919034,0.0
2025/07/05/17:49:34.752797,-56.13922340062041,-29.370599999944957,0.0
2025/07/05/17:49:34.853410,-56.0938950000907,-29.42609999990342,0.0
2025/07/05/17:49:34.973516,-56.03723450023375,-29.4926999999916,0.0
2025/07/05/17:49:35.052396,-55.99190609970404,-29.537099999918937,0.0
2025/07/05/17:49:35.152293,-55.94657769917433,-29.58149999994486,0.0
2025/07/05/17:49:35.253268,-55.87858509999015,-29.625899999970784,0.0
2025/07/05/17:49:35.332836,-55.833256699460435,-29.65919999996558,0.0
2025/07/05/17:49:35.472800,-55.73126779907378,-29.72579999995517,0.0
2025/07/05/17:49:35.593906,-55.64061099962474,-29.781299999913635,0.0
2025/07/05/17:49:35.672799,-55.583950499767795,-29.80349999997589,0.0
2025/07/05/17:49:35.753100,-55.515957900583615,-29.836799999970687,0.0
2025/07/05/17:49:35.853401,-55.43663320046181,-29.88119999999661,0.0
2025/07/05/17:49:35.973952,-55.35730850034001,-29.947799999986202,0.0
2025/07/05/17:49:36.053022,-55.300648000483065,-30.003299999944666,0.0
2025/07/05/17:49:36.132977,-55.25531959995335,-30.04769999997059,0.0
2025/07/05/17:49:36.232527,-55.19865910009641,-30.11429999996018,0.0
2025/07/05/17:49:36.332306,-55.13066649930184,-30.180899999949773,0.0
2025/07/05/17:49:36.494488,-55.0400096998528,-30.28079999993416,0.0
2025/07/05/17:49:36.635264,-54.94935290040377,-30.369599999986008,0.0
2025/07/05/17:49:36.713700,-54.904024499874055,-30.42509999994447,0.0
2025/07/05/17:49:36.813812,-54.83603189907949,-30.491699999934063,0.0
2025/07/05/17:49:36.894372,-54.76803929989531,-30.547199999991115,0.0
2025/07/05/17:49:37.013406,-54.67738250044627,-30.613799999980706,0.0
2025/07/05/17:49:37.112815,-54.58672569938685,-30.680399999970298,0.0
2025/07/05/17:49:37.212973,-54.507400999265045,-30.735899999928762,0.0
2025/07/05/17:49:37.293357,-54.439408400080865,-30.780299999954686,0.0
2025/07/05/17:49:37.394654,-54.36008369995906,-30.83579999991315,0.0
2025/07/05/17:49:37.552816,-54.23543059930755,-30.91349999993387,0.0
2025/07/05/17:49:37.632571,-54.1787700994506,-30.946799999928665,0.0
2025/07/05/17:49:37.731932,-54.08811330000157,-30.98009999992346,0.0
2025/07/05/17:49:37.832281,-54.008788599879765,-31.013399999918256,0.0
2025/07/05/17:49:37.953755,-53.90679969949311,-31.046699999913052,0.0
2025/07/05/17:49:38.035256,-53.827474999371304,-31.068899999975308,0.0
2025/07/05/17:49:38.132641,-53.7481502992495,-31.091099999938976,0.0
2025/07/05/17:49:38.232138,-53.6688255991277,-31.113299999902644,0.0
2025/07/05/17:49:38.332050,-53.58950090061629,-31.146599999996027,0.0
2025/07/05/17:49:38.513472,-53.442183599699916,-31.190999999923363,0.0
2025/07/05/17:49:38.615872,-53.35152680025088,-31.22429999991816,0.0
2025/07/05/17:49:38.693294,-53.294866300393934,-31.257599999912955,0.0
2025/07/05/17:49:38.793658,-53.20420949933451,-31.29089999990775,0.0
2025/07/05/17:49:38.873057,-53.13621690015033,-31.324199999902547,0.0
2025/07/05/17:49:38.994431,-53.045560099090906,-31.390799999990726,0.0
2025/07/05/17:49:39.073924,-52.98889959923396,-31.435199999918062,0.0
2025/07/05/17:49:39.173706,-52.92090700004978,-31.501799999907654,0.0
2025/07/05/17:49:39.274956,-52.864246500192834,-31.546199999933577,0.0
2025/07/05/17:49:39.372729,-52.796253899398266,-31.60169999999063,0.0
2025/07/05/17:49:39.532542,-52.67160080035714,-31.69049999994389,0.0
2025/07/05/17:49:39.634490,-52.59227610023534,-31.745999999902352,0.0
2025/07/05/17:49:39.732115,-52.501619299175914,-31.801499999959404,0.0
2025/07/05/17:49:39.835560,-52.42229459905411,-31.856999999917868,0.0
2025/07/05/17:49:39.932232,-52.331637799605076,-31.90139999994379,0.0
2025/07/05/17:49:40.034869,-52.22964889921842,-31.934699999938587,0.0
2025/07/05/17:49:40.132139,-52.13899209976938,-31.967999999933383,0.0
2025/07/05/17:49:40.234628,-52.048335300320346,-32.00129999992818,0.0
2025/07/05/17:49:40.331782,-51.95767849926092,-32.0456999999541,0.0
2025/07/05/17:49:40.513268,-51.799029100627706,-32.12339999997482,0.0
2025/07/05/17:49:40.594019,-51.73103649983314,-32.15669999996962,0.0
2025/07/05/17:49:40.673362,-51.66304390064896,-32.189999999964414,0.0
2025/07/05/17:49:40.773341,-51.572387099589534,-32.23439999999034,0.0
2025/07/05/17:49:40.873572,-51.470398199202876,-32.27879999991767,0.0
2025/07/05/17:49:41.013770,-51.34574510016175,-32.334299999974725,0.0
2025/07/05/17:49:41.093818,-51.27775249936718,-32.36759999996952,0.0
2025/07/05/17:49:41.173268,-51.19842779924538,-32.38979999993319,0.0
2025/07/05/17:49:41.256418,-51.1304352000612,-32.411999999995444,0.0
2025/07/05/17:49:41.332243,-51.0511104999394,-32.43419999995911,0.0
2025/07/05/17:49:41.472352,-50.91512529996065,-32.478599999985036,0.0
2025/07/05/17:49:41.593061,-50.80180430024676,-32.51189999997983,0.0
2025/07/05/17:49:41.672256,-50.722479600124956,-32.52299999991237,0.0
2025/07/05/17:49:41.774366,-50.6204906997383,-32.54519999997463,0.0
2025/07/05/17:49:41.872763,-50.51850179935164,-32.54519999997463,0.0
2025/07/05/17:49:41.993308,-50.393848700310514,-32.5340999999435,0.0
2025/07/05/17:49:42.092731,-50.291859799923856,-32.5340999999435,0.0
2025/07/05/17:49:42.174064,-50.20120300047482,-32.52299999991237,0.0
2025/07/05/17:49:42.253927,-50.12187830035302,-32.51189999997983,0.0
2025/07/05/17:49:42.352159,-50.03122149929359,-32.51189999997983,0.0
2025/07/05/17:49:42.532558,-49.84990790039552,-32.52299999991237,0.0
2025/07/05/17:49:42.651333,-49.73658689907124,-32.5340999999435,0.0
2025/07/05/17:49:42.751066,-49.645930099622205,-32.5340999999435,0.0
2025/07/05/17:49:42.851520,-49.55527330017317,-32.54519999997463,0.0
2025/07/05/17:49:42.972218,-49.45328439978651,-32.54519999997463,0.0
2025/07/05/17:49:43.071736,-49.35129549939985,-32.5340999999435,0.0
2025/07/05/17:49:43.174250,-49.26063869995082,-32.51189999997983,0.0
2025/07/05/17:49:43.274341,-49.15864979956416,-32.500799999948704,0.0
2025/07/05/17:49:43.353827,-49.09065720037998,-32.489699999917576,0.0
2025/07/05/17:49:43.551798,-48.88667939960666,-32.478599999985036,0.0
2025/07/05/17:49:43.651758,-48.79602260015763,-32.478599999985036,0.0
2025/07/05/17:49:43.751562,-48.69403369977097,-32.489699999917576,0.0
2025/07/05/17:49:43.851969,-48.60337690032193,-32.489699999917576,0.0
2025/07/05/17:49:43.973065,-48.49005590060804,-32.500799999948704,0.0
2025/07/05/17:49:44.056180,-48.41073120048624,-32.51189999997983,0.0
2025/07/05/17:49:44.151551,-48.30874230009958,-32.52299999991237,0.0
2025/07/05/17:49:44.252090,-48.20675339971292,-32.5340999999435,0.0
2025/07/05/17:49:44.332578,-48.11609660026389,-32.5340999999435,0.0
2025/07/05/17:49:44.472707,-47.96877929934752,-32.52299999991237,0.0
2025/07/05/17:49:44.592774,-47.84412620030639,-32.52299999991237,0.0
2025/07/05/17:49:44.671357,-47.76480150018459,-32.52299999991237,0.0
2025/07/05/17:49:44.772687,-47.66281259979793,-32.51189999997983,0.0
2025/07/05/17:49:44.855823,-47.58348789967613,-32.52299999991237,0.0
2025/07/05/17:49:44.973075,-47.458834800635,-32.5340999999435,0.0
2025/07/05/17:49:45.053429,-47.3795101005132,-32.54519999997463,0.0
2025/07/05/17:49:45.152627,-47.27752120012654,-32.567399999938296,0.0
2025/07/05/17:49:45.251777,-47.16420020041265,-32.578499999969424,0.0
2025/07/05/17:49:45.352406,-47.05087919908837,-32.60069999993309,0.0
2025/07/05/17:49:45.532453,-46.85823349925268,-32.60069999993309,0.0
2025/07/05/17:49:45.635098,-46.744912499538785,-32.60069999993309,0.0
2025/07/05/17:49:45.732062,-46.64292359915213,-32.60069999993309,0.0
2025/07/05/17:49:45.835530,-46.529602599438235,-32.58960000000055,0.0
2025/07/05/17:49:45.931221,-46.42761369905158,-32.578499999969424,0.0
2025/07/05/17:49:46.034862,-46.32562480027531,-32.567399999938296,0.0
2025/07/05/17:49:46.133306,-46.212303800561415,-32.567399999938296,0.0
2025/07/05/17:49:46.234814,-46.11031490017476,-32.578499999969424,0.0
2025/07/05/17:49:46.332259,-46.0083259997881,-32.58960000000055,0.0
2025/07/05/17:49:46.494053,-45.83834450021726,-32.61179999996422,0.0
2025/07/05/17:49:46.616332,-45.70235930023851,-32.645099999959015,0.0
2025/07/05/17:49:46.713847,-45.58903830052462,-32.66729999992268,0.0
2025/07/05/17:49:46.793578,-45.4983814994652,-32.67839999995381,0.0
2025/07/05/17:49:46.894248,-45.39639259907854,-32.68949999998494,0.0
2025/07/05/17:49:46.992578,-45.283071599364646,-32.68949999998494,0.0
2025/07/05/17:49:47.072458,-45.19241479991561,-32.68949999998494,0.0
2025/07/05/17:49:47.173637,-45.09042589952895,-32.68949999998494,0.0
2025/07/05/17:49:47.255043,-44.99976910007992,-32.67839999995381,0.0
2025/07/05/17:49:47.351356,-44.89778019969326,-32.67839999995381,0.0
2025/07/05/17:49:47.572325,-44.637141899062996,-32.68949999998494,0.0
2025/07/05/17:49:47.653442,-44.535153000286726,-32.68949999998494,0.0
2025/07/05/17:49:47.750554,-44.41049989963521,-32.68949999998494,0.0
2025/07/05/17:49:47.852602,-44.285846800594086,-32.68949999998494,0.0
2025/07/05/17:49:47.971956,-44.138529499677716,-32.70059999991748,0.0
2025/07/05/17:49:48.073833,-44.01387640063659,-32.71169999994861,0.0
2025/07/05/17:49:48.174082,-43.877891199047454,-32.722799999979735,0.0
2025/07/05/17:49:48.255461,-43.78723439959842,-32.7449999999434,0.0
2025/07/05/17:49:48.351260,-43.66258130055729,-32.76719999990707,0.0
2025/07/05/17:49:48.532009,-43.43593929951912,-32.82269999996412,0.0
2025/07/05/17:49:48.635032,-43.311286200477994,-32.867099999990046,0.0
2025/07/05/17:49:48.732008,-43.18663309982648,-32.92259999994851,0.0
2025/07/05/17:49:48.834815,-43.061979999174966,-32.96699999997443,0.0
2025/07/05/17:49:48.932425,-42.92599479919622,-33.0224999999329,0.0
2025/07/05/17:49:49.034791,-42.79000959921747,-33.06689999995882,0.0
2025/07/05/17:49:49.134305,-42.65402439923872,-33.10019999995362,0.0
2025/07/05/17:49:49.231868,-42.518039199259974,-33.13349999994841,0.0
2025/07/05/17:49:49.332286,-42.382053999281226,-33.16679999994321,0.0
2025/07/05/17:49:49.513802,-42.14407990052621,-33.177899999974336,0.0
2025/07/05/17:49:49.612539,-41.99676259960984,-33.16679999994321,0.0
2025/07/05/17:49:49.693449,-41.89477369922318,-33.15569999991208,0.0
2025/07/05/17:49:49.793289,-41.75878849924443,-33.14459999997954,0.0
2025/07/05/17:49:49.873536,-41.64546749953054,-33.13349999994841,0.0
2025/07/05/17:49:49.992554,-41.486818099286936,-33.13349999994841,0.0
2025/07/05/17:49:50.070992,-41.373497099573044,-33.13349999994841,0.0
2025/07/05/17:49:50.172238,-41.24884400053192,-33.13349999994841,0.0
2025/07/05/17:49:50.253954,-41.13552299920764,-33.13349999994841,0.0
2025/07/05/17:49:50.331488,-41.03353410043137,-33.14459999997954,0.0
2025/07/05/17:49:50.472949,-40.840888400595674,-33.200099999938004,0.0
2025/07/05/17:49:50.592877,-40.68223900035207,-33.255599999995056,0.0
2025/07/05/17:49:50.673833,-40.58025009996541,-33.28889999998985,0.0
2025/07/05/17:49:50.772936,-40.44426489998666,-33.33329999991719,0.0
2025/07/05/17:49:50.872795,-40.308279700007915,-33.38879999997424,0.0
2025/07/05/17:49:50.993016,-40.14963029976431,-33.4442999999327,0.0
2025/07/05/17:49:51.071871,-40.03630930005042,-33.4775999999275,0.0
2025/07/05/17:49:51.172455,-39.90032410007167,-33.52199999995342,0.0
2025/07/05/17:49:51.254444,-39.78700310035778,-33.55529999994822,0.0
2025/07/05/17:49:51.332402,-39.68501419997112,-33.577499999911886,0.0
2025/07/05/17:49:51.493499,-39.45837220054334,-33.61079999990668,0.0
2025/07/05/17:49:51.634557,-39.265726499097255,-33.63299999996894,0.0
2025/07/05/17:49:51.711281,-39.15240549938336,-33.63299999996894,0.0
2025/07/05/17:49:51.814080,-39.016420299404615,-33.63299999996894,0.0
2025/07/05/17:49:51.892364,-38.90309929969072,-33.62189999993781,0.0
2025/07/05/17:49:51.992835,-38.767114099711975,-33.59969999997414,0.0
2025/07/05/17:49:52.073471,-38.66512519932532,-33.588599999943014,0.0
2025/07/05/17:49:52.172866,-38.52913999934657,-33.566399999979346,0.0
2025/07/05/17:49:52.255187,-38.41581899963268,-33.55529999994822,0.0
2025/07/05/17:49:52.352290,-38.29116590059155,-33.52199999995342,0.0
2025/07/05/17:49:52.552559,-38.03052759996129,-33.4442999999327,0.0
2025/07/05/17:49:52.652661,-37.905874499309775,-33.39989999990678,0.0
2025/07/05/17:49:52.751527,-37.76988929933103,-33.344399999948315,0.0
2025/07/05/17:49:52.851334,-37.6452362002899,-33.29999999992239,0.0
2025/07/05/17:49:52.972966,-37.49791889937353,-33.2333999999328,0.0
2025/07/05/17:49:53.072901,-37.373265800332405,-33.177899999974336,0.0
2025/07/05/17:49:53.173240,-37.24861269968089,-33.111299999984745,0.0
2025/07/05/17:49:53.252762,-37.157955900231855,-33.05579999992769,0.0
2025/07/05/17:49:53.351250,-37.04463490051796,-32.9891999999381,0.0
2025/07/05/17:49:53.552623,-36.81799289947979,-32.83379999999525,0.0
2025/07/05/17:49:53.651639,-36.71600399909313,-32.75609999997453,0.0
2025/07/05/17:49:53.751767,-36.61401510031686,-32.66729999992268,0.0
2025/07/05/17:49:53.851051,-36.52335829925744,-32.578499999969424,0.0
2025/07/05/17:49:53.973463,-36.410037299543546,-32.46749999995391,0.0
2025/07/05/17:49:54.055753,-36.34204470035937,-32.38979999993319,0.0
2025/07/05/17:49:54.152013,-36.262720000237564,-32.30099999997993,0.0
2025/07/05/17:49:54.251791,-36.18339530011576,-32.20109999999554,0.0
2025/07/05/17:49:54.330975,-36.115402699321194,-32.112299999943694,0.0
2025/07/05/17:49:54.493451,-35.99074960028007,-31.945799999969715,0.0
2025/07/05/17:49:54.592730,-35.9227569994855,-31.8347999999542,0.0
2025/07/05/17:49:54.672474,-35.877428600566176,-31.734899999969812,0.0
2025/07/05/17:49:54.772636,-35.80943599977161,-31.623899999954297,0.0
2025/07/05/17:49:54.892896,-35.74144340058743,-31.490699999975114,0.0
2025/07/05/17:49:55.012893,-35.67345079979286,-31.346399999964802,0.0
2025/07/05/17:49:55.093188,-35.63945450020077,-31.257599999912955,0.0
2025/07/05/17:49:55.171848,-35.60545820060868,-31.157699999928568,0.0
2025/07/05/17:49:55.274632,-35.56012980007897,-31.035599999980512,0.0
2025/07/05/17:49:55.393083,-35.514801399549256,-30.8912999999702,0.0
2025/07/05/17:49:55.572018,-35.46947300062993,-30.66929999993917,0.0
2025/07/05/17:49:55.653481,-35.446808800365076,-30.569399999954783,0.0
2025/07/05/17:49:55.752413,-35.435476699427454,-30.44729999990814,0.0
2025/07/05/17:49:55.850936,-35.4128124991626,-30.314099999928956,0.0
2025/07/05/17:49:55.951131,-35.401480399835364,-30.180899999949773,0.0
2025/07/05/17:49:56.051772,-35.39014830050813,-30.04769999997059,0.0
2025/07/05/17:49:56.150958,-35.39014830050813,-29.914499999991406,0.0
2025/07/05/17:49:56.252358,-35.39014830050813,-29.770199999981095,0.0
2025/07/05/17:49:56.351537,-35.401480399835364,-29.636999999903324,0.0
2025/07/05/17:49:56.512976,-35.446808800365076,-29.41499999997088,0.0
2025/07/05/17:49:56.615119,-35.46947300062993,-29.27069999996057,0.0
2025/07/05/17:49:56.692785,-35.50346930022202,-29.159699999945055,0.0
2025/07/05/17:49:56.793831,-35.53746559981411,-29.02649999996587,0.0
2025/07/05/17:49:56.874470,-35.582794000343824,-28.915499999950356,0.0
2025/07/05/17:49:56.992927,-35.63945450020077,-28.748999999976377,0.0
2025/07/05/17:49:57.072872,-35.67345079979286,-28.63799999996086,0.0
2025/07/05/17:49:57.173894,-35.730111299649806,-28.504799999981678,0.0
2025/07/05/17:49:57.272809,-35.798103900444374,-28.382699999935035,0.0
2025/07/05/17:49:57.373319,-35.85476440030132,-28.24949999995585,0.0
2025/07/05/17:49:57.555931,-35.96808540001521,-28.02749999992482,0.0
2025/07/05/17:49:57.651028,-36.03607799919939,-27.905399999976765,0.0
2025/07/05/17:49:57.751904,-36.10407059999396,-27.783299999930122,0.0
2025/07/05/17:49:57.850820,-36.18339530011576,-27.661199999982067,0.0
2025/07/05/17:49:57.951560,-36.262720000237564,-27.56129999999768,0.0
2025/07/05/17:49:58.050967,-36.36470890062422,-27.472499999945832,0.0
2025/07/05/17:49:58.131145,-36.4327014998084,-27.394799999925112,0.0
2025/07/05/17:49:58.234698,-36.53469040019506,-27.305999999971853,0.0
2025/07/05/17:49:58.314124,-36.61401510031686,-27.228299999951133,0.0
2025/07/05/17:49:58.452610,-36.73866819935799,-27.083999999940822,0.0
2025/07/05/17:49:58.571196,-36.82932500041741,-26.95079999996164,0.0
2025/07/05/17:49:58.654681,-36.88598550027436,-26.85089999997725,0.0
2025/07/05/17:49:58.750567,-36.95397809945854,-26.739899999961736,0.0
2025/07/05/17:49:58.850389,-37.03330279958034,-26.617799999915093,0.0
2025/07/05/17:49:58.971844,-37.123959600639765,-26.47349999990478,0.0
2025/07/05/17:49:59.074384,-37.20328429915118,-26.351399999956726,0.0
2025/07/05/17:49:59.172173,-37.28260899927298,-26.229299999910083,0.0
2025/07/05/17:49:59.253215,-37.35060160006755,-26.140499999956823,0.0
2025/07/05/17:49:59.351025,-37.42992630018935,-26.029499999941308,0.0
2025/07/05/17:49:59.512450,-37.57724359949533,-25.8518999999362,0.0
2025/07/05/17:49:59.612904,-37.690564599209225,-25.76309999998294,0.0
2025/07/05/17:49:59.711214,-37.803885600533505,-25.685399999962222,0.0
2025/07/05/17:49:59.811908,-37.9172066002474,-25.61879999997263,0.0
2025/07/05/17:49:59.912762,-38.03052759996129,-25.54109999995191,0.0
2025/07/05/17:50:00.035829,-38.16651279994004,-25.441199999967523,0.0
2025/07/05/17:50:00.131432,-38.268501700326695,-25.352399999915676,0.0
2025/07/05/17:50:00.234543,-38.38182270004059,-25.25249999993129,0.0
2025/07/05/17:50:00.332037,-38.483811600427245,-25.1525999999469,0.0
2025/07/05/17:50:00.494046,-38.65379309999808,-24.98609999997292,0.0
2025/07/05/17:50:00.592946,-38.75578200038474,-24.886199999988534,0.0
2025/07/05/17:50:00.672007,-38.84643879983378,-24.808499999967815,0.0
2025/07/05/17:50:00.772127,-38.948427700220435,-24.708599999983427,0.0
2025/07/05/17:50:00.854202,-39.05041660060709,-24.641999999993836,0.0
2025/07/05/17:50:00.951708,-39.163737600320985,-24.553199999941988,0.0
2025/07/05/17:50:01.050548,-39.28839069936211,-24.486599999952396,0.0
2025/07/05/17:50:01.151262,-39.413043800013625,-24.419999999962805,0.0
2025/07/05/17:50:01.252008,-39.52636479972752,-24.342299999942085,0.0
2025/07/05/17:50:01.351933,-39.63968579944141,-24.264599999921366,0.0
2025/07/05/17:50:01.551596,-39.85499569954196,-24.07589999998372,0.0
2025/07/05/17:50:01.650503,-39.94565250060138,-23.97599999999933,0.0
2025/07/05/17:50:01.730670,-40.0249771991128,-23.89829999997861,0.0
2025/07/05/17:50:01.836456,-40.126966099499455,-23.798399999994224,0.0
2025/07/05/17:50:01.951866,-40.25161920015097,-23.68739999997871,0.0
2025/07/05/17:50:02.050337,-40.35360810053763,-23.59859999992686,0.0
2025/07/05/17:50:02.151016,-40.47826119957875,-23.53199999993727,0.0
2025/07/05/17:50:02.231970,-40.56891800063818,-23.476499999978806,0.0
2025/07/05/17:50:02.330451,-40.68223900035207,-23.420999999921754,0.0
2025/07/05/17:50:02.472458,-40.85222049992291,-23.321099999937367,0.0
2025/07/05/17:50:02.614007,-40.99953779922889,-23.21009999992185,0.0
2025/07/05/17:50:02.693622,-41.07886249935069,-23.14349999993226,0.0
2025/07/05/17:50:02.792386,-41.18085139973735,-23.054699999979,0.0
2025/07/05/17:50:02.874324,-41.26017609985915,-22.98809999998941,0.0
2025/07/05/17:50:02.972610,-41.36216500024581,-22.89929999993756,0.0
2025/07/05/17:50:03.052889,-41.44148970036761,-22.83269999994797,0.0
2025/07/05/17:50:03.152500,-41.554810700081504,-22.74389999999471,0.0
2025/07/05/17:50:03.250563,-41.668131699795396,-22.67729999990653,0.0
2025/07/05/17:50:03.350289,-41.79278480044691,-22.61069999991694,0.0
2025/07/05/17:50:03.492538,-41.951434199080126,-22.51079999993255,0.0
2025/07/05/17:50:03.634200,-42.098751499996496,-22.388699999984496,0.0
2025/07/05/17:50:03.731390,-42.200740400383154,-22.29989999993265,0.0
2025/07/05/17:50:03.834063,-42.314061400097046,-22.21109999997939,0.0
2025/07/05/17:50:03.931059,-42.42738239981094,-22.13339999995867,0.0
2025/07/05/17:50:04.034255,-42.529371300197596,-22.044599999906822,0.0
2025/07/05/17:50:04.131516,-42.64269229991149,-21.97799999991723,0.0
2025/07/05/17:50:04.233821,-42.767345400563,-21.91139999992764,0.0
2025/07/05/17:50:04.332373,-42.90333060054175,-21.867000000000303,0.0
2025/07/05/17:50:04.493476,-43.10730839970468,-21.800399999912123,0.0
2025/07/05/17:50:04.612220,-43.26595779994828,-21.74489999995366,0.0
2025/07/05/17:50:04.712591,-43.390610900599796,-21.700499999927736,0.0
2025/07/05/17:50:04.794447,-43.50393190031369,-21.66719999993294,0.0
2025/07/05/17:50:04.872060,-43.594588699762724,-21.622799999907016,0.0
2025/07/05/17:50:04.972629,-43.71924180041424,-21.57839999997968,0.0
2025/07/05/17:50:05.073555,-43.83256280012813,-21.52289999992263,0.0
2025/07/05/17:50:05.170851,-43.94588379984202,-21.456299999933037,0.0
2025/07/05/17:50:05.271768,-44.059204799555914,-21.389699999943446,0.0
2025/07/05/17:50:05.353150,-44.14986160061534,-21.334199999984982,0.0
2025/07/05/17:50:05.552310,-44.34250730045103,-21.178799999943543,0.0
2025/07/05/17:50:05.651686,-44.4444961992273,-21.101099999922823,0.0
2025/07/05/17:50:05.772997,-44.55781720055158,-20.990099999907308,0.0
2025/07/05/17:50:05.854626,-44.637141899062996,-20.923499999917716,0.0
2025/07/05/17:50:05.972557,-44.75046290038728,-20.8124999999022,0.0
2025/07/05/17:50:06.056055,-44.818455499571456,-20.74589999991261,0.0
2025/07/05/17:50:06.131820,-44.886448100366025,-20.668199999990478,0.0
2025/07/05/17:50:06.232028,-44.96577280048783,-20.568299999907502,0.0
2025/07/05/17:50:06.331218,-45.04509750060963,-20.468399999923115,0.0
2025/07/05/17:50:06.492724,-45.169750599650754,-20.301899999949136,0.0
2025/07/05/17:50:06.592454,-45.24907529977256,-20.19089999993362,0.0
2025/07/05/17:50:06.692122,-45.317067900567125,-20.079899999918105,0.0
2025/07/05/17:50:06.792411,-45.39639259907854,-19.96889999990259,0.0
2025/07/05/17:50:06.893380,-45.46438519987311,-19.857899999985662,0.0
2025/07/05/17:50:06.991642,-45.532377799057286,-19.73579999993902,0.0
2025/07/05/17:50:07.072838,-45.58903830052462,-19.63589999995463,0.0
2025/07/05/17:50:07.173426,-45.6570308997088,-19.524899999939116,0.0
2025/07/05/17:50:07.273059,-45.71369139956575,-19.40279999999106,0.0
2025/07/05/17:50:07.392737,-45.781684000360315,-19.24739999994962,0.0
2025/07/05/17:50:07.551007,-45.849676599544495,-19.047599999980847,0.0
2025/07/05/17:50:07.650130,-45.89500500007421,-18.925499999934203,0.0
2025/07/05/17:50:07.731006,-45.9290012996663,-18.814499999918688,0.0
2025/07/05/17:50:07.835186,-45.96299759925839,-18.692399999970633,0.0
2025/07/05/17:50:07.953141,-46.0083259997881,-18.54809999996032,0.0
2025/07/05/17:50:08.050718,-46.04232229938019,-18.414899999981138,0.0
2025/07/05/17:50:08.150447,-46.064986499645045,-18.292799999934495,0.0
2025/07/05/17:50:08.250354,-46.0876506999099,-18.17069999998644,0.0
2025/07/05/17:50:08.350126,-46.11031490017476,-18.03749999990867,0.0
2025/07/05/17:50:08.551525,-46.13297910043961,-17.78219999998143,0.0
2025/07/05/17:50:08.650330,-46.14431119976685,-17.64899999990366,0.0
2025/07/05/17:50:08.750667,-46.15564329909408,-17.515799999924475,0.0
2025/07/05/17:50:08.850368,-46.15564329909408,-17.39369999997642,0.0
2025/07/05/17:50:08.970942,-46.15564329909408,-17.23829999993498,0.0
2025/07/05/17:50:09.070747,-46.14431119976685,-17.116199999986925,0.0
2025/07/05/17:50:09.173208,-46.11031490017476,-17.00519999997141,0.0
2025/07/05/17:50:09.252017,-46.0876506999099,-16.905299999987022,0.0
2025/07/05/17:50:09.350255,-46.05365440031781,-16.78319999994038,0.0
2025/07/05/17:50:09.492993,-46.030990200052955,-16.605599999935272,0.0
2025/07/05/17:50:09.634385,-46.01965809911533,-16.416899999997625,0.0
2025/07/05/17:50:09.731124,-46.01965809911533,-16.294799999950982,0.0
2025/07/05/17:50:09.834266,-46.0083259997881,-16.1615999999718,0.0
2025/07/05/17:50:09.930913,-46.0083259997881,-16.017299999961487,0.0
2025/07/05/17:50:10.032028,-45.996993900460865,-15.884099999982304,0.0
2025/07/05/17:50:10.133516,-45.98566179952324,-15.750899999904533,0.0
2025/07/05/17:50:10.234271,-45.96299759925839,-15.61769999992535,0.0
2025/07/05/17:50:10.331288,-45.9290012996663,-15.484499999946166,0.0
2025/07/05/17:50:10.493283,-45.86100870048212,-15.273599999946263,0.0
2025/07/05/17:50:10.571237,-45.82701239927964,-15.173699999961876,0.0
2025/07/05/17:50:10.671299,-45.79301609968755,-15.040499999982693,0.0
2025/07/05/17:50:10.752914,-45.75901980009546,-14.940599999998305,0.0
2025/07/05/17:50:10.850142,-45.72502350050337,-14.807399999920534,0.0
2025/07/05/17:50:10.971370,-45.71369139956575,-14.651999999977683,0.0
2025/07/05/17:50:11.055673,-45.71369139956575,-14.540999999962168,0.0
2025/07/05/17:50:11.131496,-45.72502350050337,-14.429999999946652,0.0
2025/07/05/17:50:11.234020,-45.7363555998306,-14.296799999967469,0.0
2025/07/05/17:50:11.331518,-45.7363555998306,-14.163599999988286,0.0
2025/07/05/17:50:11.511992,-45.71369139956575,-13.930499999926127,0.0
2025/07/05/17:50:11.611439,-45.71369139956575,-13.797299999946944,0.0
2025/07/05/17:50:11.692109,-45.70235930023851,-13.686299999931428,0.0
2025/07/05/17:50:11.770090,-45.69102719930089,-13.575299999915913,0.0
2025/07/05/17:50:11.849855,-45.66836300064642,-13.464299999998985,0.0
2025/07/05/17:50:11.930545,-45.634366699443945,-13.36439999991601,0.0
2025/07/05/17:50:12.034137,-45.600370399851855,-13.242299999967955,0.0
2025/07/05/17:50:12.131842,-45.566374100259765,-13.109099999988771,0.0
2025/07/05/17:50:12.233939,-45.52104569973005,-12.986999999942128,0.0
2025/07/05/17:50:12.331821,-45.47571729920034,-12.875999999926613,0.0
2025/07/05/17:50:12.492496,-45.40772470001616,-12.687299999988966,0.0
2025/07/05/17:50:12.592905,-45.351064200159215,-12.565199999942323,0.0
2025/07/05/17:50:12.672639,-45.29440370030227,-12.476399999989063,0.0
2025/07/05/17:50:12.771618,-45.2264110995077,-12.365399999973548,0.0
2025/07/05/17:50:12.891370,-45.1470863993859,-12.232199999994364,0.0
2025/07/05/17:50:12.992866,-45.07909380020172,-12.132299999911389,0.0
2025/07/05/17:50:13.071305,-45.02243330034477,-12.04349999995813,0.0
2025/07/05/17:50:13.173060,-44.954440699550204,-11.932499999942614,0.0
2025/07/05/17:50:13.252816,-44.886448100366025,-11.854799999921894,0.0
2025/07/05/17:50:13.351675,-44.80712340024422,-11.754899999937507,0.0
2025/07/05/17:50:13.552640,-44.637141899062996,-11.56619999999986,0.0
2025/07/05/17:50:13.651469,-44.55781720055158,-11.48849999997914,0.0
2025/07/05/17:50:13.751268,-44.46716039949216,-11.399699999927293,0.0
2025/07/05/17:50:13.851752,-44.37650360004312,-11.321999999906573,0.0
2025/07/05/17:50:13.972161,-44.26318260032923,-11.233199999953314,0.0
2025/07/05/17:50:14.051015,-44.19518999953466,-11.166599999963722,0.0
2025/07/05/17:50:14.151034,-44.093201099148004,-11.09999999997413,0.0
2025/07/05/17:50:14.251300,-43.991212200371734,-11.022299999953411,0.0
2025/07/05/17:50:14.352263,-43.889223299985076,-10.95569999996382,0.0
2025/07/05/17:50:14.552467,-43.69657760014938,-10.833599999917176,0.0
2025/07/05/17:50:14.651023,-43.58325660043549,-10.766999999927584,0.0
2025/07/05/17:50:14.752517,-43.48126770004883,-10.71149999996912,0.0
2025/07/05/17:50:14.851286,-43.36794670033494,-10.667099999943197,0.0
2025/07/05/17:50:14.970009,-43.23196150035619,-10.611599999984733,0.0
2025/07/05/17:50:15.051670,-43.14130469929677,-10.589399999922477,0.0
2025/07/05/17:50:15.151738,-43.027983699582876,-10.556099999927682,0.0
2025/07/05/17:50:15.251314,-42.914662699868984,-10.533899999964014,0.0
2025/07/05/17:50:15.331811,-42.82400590041995,-10.511700000000346,0.0
2025/07/05/17:50:15.492540,-42.631360200584254,-10.467299999974422,0.0
2025/07/05/17:50:15.611862,-42.50670709993274,-10.422899999948498,0.0
2025/07/05/17:50:15.692015,-42.42738239981094,-10.378499999922575,0.0
2025/07/05/17:50:15.771228,-42.348057699689136,-10.334099999995239,0.0
2025/07/05/17:50:15.893636,-42.21207249971039,-10.25639999997452,0.0
2025/07/05/17:50:15.992521,-42.098751499996496,-10.211999999948596,0.0
2025/07/05/17:50:16.072000,-42.019426799874694,-10.156499999990132,0.0
2025/07/05/17:50:16.171529,-41.9061058001608,-10.112099999964208,0.0
2025/07/05/17:50:16.250948,-41.81544899910138,-10.067699999938284,0.0
2025/07/05/17:50:16.330787,-41.72479219965234,-10.034399999943489,0.0
2025/07/05/17:50:16.492879,-41.53214649981665,-9.978899999985025,0.0
2025/07/05/17:50:16.592062,-41.418825500102756,-9.945599999990229,0.0
2025/07/05/17:50:16.669886,-41.32816869904333,-9.923399999927973,0.0
2025/07/05/17:50:16.751885,-41.237511899594296,-9.912299999995433,0.0
2025/07/05/17:50:16.850734,-41.1241908998804,-9.901199999964305,0.0
2025/07/05/17:50:16.974518,-40.988205699901656,-9.901199999964305,0.0
2025/07/05/17:50:17.051348,-40.89754890045262,-9.912299999995433,0.0
2025/07/05/17:50:17.150592,-40.78422789912834,-9.923399999927973,0.0
2025/07/05/17:50:17.252046,-40.65957480008721,-9.923399999927973,0.0
2025/07/05/17:50:17.329632,-40.557585899700555,-9.923399999927973,0.0
2025/07/05/17:50:17.471572,-40.376272299192095,-9.912299999995433,0.0
2025/07/05/17:50:17.592949,-40.22895499988611,-9.890099999933177,0.0
2025/07/05/17:50:17.671825,-40.13829820043708,-9.87899999990205,0.0
2025/07/05/17:50:17.750670,-40.03630930005042,-9.86789999996951,0.0
2025/07/05/17:50:17.852378,-39.90032410007167,-9.856799999938382,0.0
2025/07/05/17:50:17.971621,-39.7530067991553,-9.834599999974714,0.0
2025/07/05/17:50:18.051173,-39.65101790037903,-9.834599999974714,0.0
2025/07/05/17:50:18.172263,-39.50370059946266,-9.823499999943586,0.0
2025/07/05/17:50:18.251432,-39.401711699076,-9.823499999943586,0.0
2025/07/05/17:50:18.351104,-39.265726499097255,-9.834599999974714,0.0
2025/07/05/17:50:18.532124,-39.03908449966947,-9.856799999938382,0.0
2025/07/05/17:50:18.634253,-38.914431400628345,-9.87899999990205,0.0
2025/07/05/17:50:18.731153,-38.78977829997683,-9.901199999964305,0.0
2025/07/05/17:50:18.834620,-38.67645730026294,-9.934499999959101,0.0
2025/07/05/17:50:18.931901,-38.551804199611425,-9.978899999985025,0.0
2025/07/05/17:50:19.033898,-38.4271511005703,-10.02329999991236,0.0
2025/07/05/17:50:19.131649,-38.302497999918785,-10.067699999938284,0.0
2025/07/05/17:50:19.234256,-38.17784489926727,-10.123199999995336,0.0
2025/07/05/17:50:19.335359,-38.053191800226145,-10.1786999999538,0.0
2025/07/05/17:50:19.492931,-37.84921399945283,-10.278599999938187,0.0
2025/07/05/17:50:19.612048,-37.70189670014685,-10.356299999958907,0.0
2025/07/05/17:50:19.713567,-37.57724359949533,-10.433999999979626,0.0
2025/07/05/17:50:19.791896,-37.4865868000463,-10.500599999969218,0.0
2025/07/05/17:50:19.871933,-37.39593000059726,-10.56719999995881,0.0
2025/07/05/17:50:20.012470,-37.225948499416035,-10.700399999937993,0.0
2025/07/05/17:50:20.090433,-37.135291699967,-10.766999999927584,0.0
2025/07/05/17:50:20.170401,-37.04463490051796,-10.844699999948304,0.0
2025/07/05/17:50:20.250839,-36.96531020039616,-10.933500000000151,0.0
2025/07/05/17:50:20.351033,-36.8633213000095,-11.033399999984539,0.0
2025/07/05/17:50:20.530753,-36.693339800438665,-11.210999999989646,0.0
2025/07/05/17:50:20.612377,-36.6253471996441,-11.299799999942906,0.0
2025/07/05/17:50:20.692357,-36.56868669978715,-11.377499999963625,0.0
2025/07/05/17:50:20.771953,-36.512026199930204,-11.455199999984345,0.0
2025/07/05/17:50:20.850789,-36.45536570007326,-11.532899999906476,0.0
2025/07/05/17:50:20.971400,-36.38737309927869,-11.643899999921992,0.0
2025/07/05/17:50:21.051616,-36.34204470035937,-11.710499999911583,0.0
2025/07/05/17:50:21.153231,-36.28538420050242,-11.79929999996343,0.0
2025/07/05/17:50:21.251991,-36.24005579997271,-11.88809999991669,0.0
2025/07/05/17:50:21.351286,-36.20605950038062,-11.976899999968538,0.0
2025/07/05/17:50:21.531764,-36.115402699321194,-12.121199999978849,0.0
2025/07/05/17:50:21.634248,-36.081406399729104,-12.198899999999568,0.0
2025/07/05/17:50:21.730633,-36.03607799919939,-12.26549999998916,0.0
2025/07/05/17:50:21.833408,-35.99074960028007,-12.343199999911292,0.0
2025/07/05/17:50:21.931070,-35.945421199750356,-12.409799999999471,0.0
2025/07/05/17:50:22.033603,-35.900092799220644,-12.487499999921603,0.0
2025/07/05/17:50:22.130498,-35.866096499628554,-12.554099999911195,0.0
2025/07/05/17:50:22.233840,-35.82076809909884,-12.631799999931914,0.0
2025/07/05/17:50:22.330924,-35.78677179950675,-12.687299999988966,0.0
2025/07/05/17:50:22.492463,-35.71877920032257,-12.798299999905893,0.0
2025/07/05/17:50:22.592008,-35.684782899120094,-12.864899999994073,0.0
2025/07/05/17:50:22.671160,-35.650786599528004,-12.920399999952537,0.0
2025/07/05/17:50:22.751176,-35.616790299935914,-12.96479999997846,0.0
2025/07/05/17:50:22.853427,-35.582794000343824,-13.031399999968052,0.0
2025/07/05/17:50:22.971218,-35.53746559981411,-13.097999999957644,0.0
2025/07/05/17:50:23.053776,-35.514801399549256,-13.142399999983567,0.0
2025/07/05/17:50:23.149825,-35.480805099957166,-13.197899999942031,0.0
2025/07/05/17:50:23.249812,-35.435476699427454,-13.264499999931623,0.0
2025/07/05/17:50:23.350386,-35.401480399835364,-13.319999999988674,0.0
2025/07/05/17:50:23.551476,-35.333487800651184,-13.430999999905602,0.0
2025/07/05/17:50:23.649831,-35.28815940012147,-13.486499999962653,0.0
2025/07/05/17:50:23.750754,-35.25416310052938,-13.541999999921117,0.0
2025/07/05/17:50:23.850900,-35.231498900264526,-13.58639999994704,0.0
2025/07/05/17:50:23.971350,-35.19750259906205,-13.652999999936632,0.0
2025/07/05/17:50:24.071121,-35.16350629946996,-13.697399999962556,0.0
2025/07/05/17:50:24.171177,-35.12950999987787,-13.75289999992102,0.0
2025/07/05/17:50:24.251506,-35.118177900550634,-13.797299999946944,0.0
2025/07/05/17:50:24.330881,-35.09551370028578,-13.841699999972867,0.0
2025/07/05/17:50:24.492646,-35.050185299756066,-13.919399999993587,0.0
2025/07/05/17:50:24.634213,-35.016189000163976,-13.985999999983179,0.0
2025/07/05/17:50:24.730380,-34.982192700571886,-14.041499999941642,0.0
2025/07/05/17:50:24.833131,-34.95952850030703,-14.085899999967566,0.0
2025/07/05/17:50:24.932065,-34.936864300042174,-14.13029999999349,0.0
2025/07/05/17:50:25.036196,-34.902868000450084,-14.185799999951954,0.0
2025/07/05/17:50:25.131375,-34.88020380018523,-14.230199999977877,0.0
2025/07/05/17:50:25.234218,-34.84620750059314,-14.274599999905213,0.0
2025/07/05/17:50:25.329971,-34.82354330032828,-14.318999999931137,0.0
2025/07/05/17:50:25.492962,-34.789546999125804,-14.396699999951856,0.0
2025/07/05/17:50:25.592716,-34.77821489979857,-14.429999999946652,0.0
