time,.header.seq,.header.stamp.secs,.header.stamp.nsecs,.header.frame_id,.airspeed,.groundspeed,.heading,.throttle,.altitude,.climb
2025/07/05/17:49:31.131677,10279,1751712571,131154464,,0.25,0.1939730942249298,161,0.0,24.60999870300293,0.0028529916889965534
2025/07/05/17:49:31.234101,10280,1751712571,233487675,,0.1730000078678131,0.19187137484550476,161,0.0,24.60999870300293,-0.00010150460002478212
2025/07/05/17:49:31.332078,10281,1751712571,331524741,,0.1730000078678131,0.18814076483249664,161,0.0,24.600000381469727,0.0003010598593391478
2025/07/05/17:49:31.511638,10282,1751712571,510863497,,0.21000000834465027,0.18219709396362305,160,0.0,24.60999870300293,0.0071843285113573074
2025/07/05/17:49:31.592038,10283,1751712571,591470056,,0.21000000834465027,0.178991436958313,159,0.0,24.60999870300293,0.007780029904097319
2025/07/05/17:49:31.672254,10284,1751712571,671655667,,0.2670000195503235,0.17689505219459534,159,0.0,24.60999870300293,0.006156538613140583
2025/07/05/17:49:31.752155,10285,1751712571,751476230,,0.2670000195503235,0.17492328584194183,159,0.0,24.60999870300293,0.0035689668729901314
2025/07/05/17:49:31.851345,10286,1751712571,850858410,,0.2550000250339508,0.17250962555408478,158,0.0,24.60999870300293,0.0014020137023180723
2025/07/05/17:49:31.972303,10287,1751712571,972074985,,0.2550000250339508,0.1708797961473465,158,0.0,24.60999870300293,0.0035667952615767717
2025/07/05/17:49:32.051294,10288,1751712572,50855656,,0.2720000147819519,0.1704912930727005,157,0.0,24.60999870300293,0.0044867233373224735
2025/07/05/17:49:32.150993,10289,1751712572,150586294,,0.2720000147819519,0.1719009429216385,157,0.0,24.60999870300293,0.0053376262076199055
2025/07/05/17:49:32.271686,10290,1751712572,271032598,,0.3020000159740448,0.17537082731723785,157,0.0,24.60999870300293,0.0027472772635519505
2025/07/05/17:49:32.350621,10291,1751712572,350321653,,0.3020000159740448,0.17717254161834717,156,0.0,24.60999870300293,0.0008446392603218555
2025/07/05/17:49:32.531045,10292,1751712572,530430668,,0.3100000023841858,0.18245624005794525,156,0.0,24.600000381469727,0.002306942129507661
2025/07/05/17:49:32.633452,10293,1751712572,633361656,,0.2070000171661377,0.18438048660755157,155,0.0,24.600000381469727,0.0025790559593588114
2025/07/05/17:49:32.731261,10294,1751712572,730614556,,0.2070000171661377,0.18550431728363037,155,0.0,24.600000381469727,0.0017415181500837207
2025/07/05/17:49:32.834582,10295,1751712572,833496147,,0.3320000171661377,0.18665340542793274,155,0.0,24.600000381469727,-0.0008669588714838028
2025/07/05/17:49:32.931752,10296,1751712572,931526341,,0.3320000171661377,0.19066286087036133,154,0.0,24.600000381469727,-0.0010342259192839265
2025/07/05/17:49:33.033635,10297,1751712573,33181263,,0.2460000067949295,0.19255481660366058,154,0.0,24.600000381469727,-0.000902264378964901
2025/07/05/17:49:33.131492,10298,1751712573,130581561,,0.2460000067949295,0.1950850784778595,154,0.0,24.600000381469727,0.0007003856590017676
2025/07/05/17:49:33.234060,10299,1751712573,233441971,,0.19300000369548798,0.19552552700042725,153,0.0,24.59000015258789,-0.0012311707250773907
2025/07/05/17:49:33.331507,10300,1751712573,330593247,,0.19300000369548798,0.19539864361286163,153,0.0,24.59000015258789,-0.004539505112916231
2025/07/05/17:49:33.513021,10301,1751712573,512260520,,0.1990000158548355,0.3016221523284912,152,0.0,24.600000381469727,-0.009244176559150219
2025/07/05/17:49:33.592951,10302,1751712573,592396569,,0.35100001096725464,0.32728779315948486,151,0.0,24.600000381469727,0.000640050508081913
2025/07/05/17:49:33.671843,10303,1751712573,671194525,,0.35100001096725464,0.35435086488723755,151,0.0,24.600000381469727,0.0032695226836949587
2025/07/05/17:49:33.772054,10304,1751712573,771387049,,0.35100001096725464,0.39083385467529297,150,0.0,24.60999870300293,0.00673278421163559
2025/07/05/17:49:33.851401,10305,1751712573,850562965,,0.5130000114440918,0.4171764552593231,149,0.0,24.60999870300293,0.0034835711121559143
2025/07/05/17:49:33.951426,10306,1751712573,950823240,,0.5130000114440918,0.4557425379753113,148,0.0,24.60999870300293,0.003588061546906829
2025/07/05/17:49:34.051080,10307,1751712574,50631586,,0.38100001215934753,0.4901447296142578,146,0.0,24.60999870300293,0.004222576040774584
2025/07/05/17:49:34.151649,10308,1751712574,150553938,,0.38100001215934753,0.5244219899177551,145,0.0,24.60999870300293,0.008326943032443523
2025/07/05/17:49:34.251432,10309,1751712574,250932765,,0.5830000042915344,0.5558681488037109,144,0.0,24.60999870300293,0.008961551822721958
2025/07/05/17:49:34.392376,10310,1751712574,391453852,,0.5830000042915344,0.6031821370124817,142,0.0,24.60999870300293,0.002942972583696246
2025/07/05/17:49:34.552063,10311,1751712574,551387098,,0.5820000171661377,0.6495346426963806,140,0.0,24.60999870300293,0.0049598244950175285
2025/07/05/17:49:34.651206,10312,1751712574,650582796,,0.5820000171661377,0.6742003560066223,139,0.0,24.60999870300293,0.009954871609807014
2025/07/05/17:49:34.751267,10313,1751712574,750459554,,0.5820000171661377,0.6989778876304626,138,0.0,24.60999870300293,0.012178865261375904
2025/07/05/17:49:34.851610,10314,1751712574,850736526,,0.6980000138282776,0.7234612107276917,136,0.0,24.619998931884766,0.012777996249496937
2025/07/05/17:49:34.972027,10315,1751712574,971380964,,0.6980000138282776,0.7513675689697266,135,0.0,24.619998931884766,0.015459521673619747
2025/07/05/17:49:35.051486,10316,1751712575,50795638,,0.5450000166893005,0.7644230127334595,134,0.0,24.619998931884766,0.015630152076482773
2025/07/05/17:49:35.151257,10317,1751712575,150381899,,0.5450000166893005,0.7828637361526489,133,0.0,24.619998931884766,0.01587532088160515
2025/07/05/17:49:35.251364,10318,1751712575,250617675,,0.7940000295639038,0.8042756915092468,132,0.0,24.6299991607666,0.017530830577015877
2025/07/05/17:49:35.331308,10319,1751712575,330270042,,0.7940000295639038,0.8232966661453247,132,0.0,24.639999389648438,0.01482600998133421
2025/07/05/17:49:35.492514,10320,1751712575,492102607,,0.7630000114440918,0.8527334928512573,133,0.0,24.649999618530273,0.027703534811735153
2025/07/05/17:49:35.592237,10321,1751712575,591704081,,0.7630000114440918,0.8702732920646667,135,0.0,24.65999984741211,0.025426555424928665
2025/07/05/17:49:35.672020,10322,1751712575,671340106,,0.7890000343322754,0.8829717040061951,136,0.0,24.65999984741211,0.026447732001543045
2025/07/05/17:49:35.751292,10323,1751712575,750590847,,0.7890000343322754,0.8961735367774963,138,0.0,24.670000076293945,0.022148756310343742
2025/07/05/17:49:35.851059,10324,1751712575,850436117,,0.815000057220459,0.908656895160675,139,0.0,24.670000076293945,0.02702583186328411
2025/07/05/17:49:35.972080,10325,1751712575,971375424,,0.815000057220459,0.9165310859680176,141,0.0,24.68000030517578,0.029413994401693344
2025/07/05/17:49:36.051139,10326,1751712576,50544715,,0.7940000295639038,0.8985679149627686,141,0.0,24.689998626708984,0.03378788009285927
2025/07/05/17:49:36.131343,10327,1751712576,130661641,,0.7940000295639038,0.8959432244300842,141,0.0,24.689998626708984,0.03670511022210121
2025/07/05/17:49:36.231610,10328,1751712576,230750012,,0.9000000357627869,0.9087236523628235,140,0.0,24.689998626708984,0.03577115386724472
2025/07/05/17:49:36.331310,10329,1751712576,330520974,,0.9000000357627869,0.917905330657959,138,0.0,24.689998626708984,0.03617546707391739
2025/07/05/17:49:36.531583,10330,1751712576,530266755,,0.737000048160553,0.9423412680625916,135,0.0,24.69999885559082,0.031637635082006454
2025/07/05/17:49:36.633978,10331,1751712576,633567469,,0.968000054359436,0.9474769830703735,133,0.0,24.709999084472656,0.03616051748394966
2025/07/05/17:49:36.711940,10332,1751712576,711416833,,0.968000054359436,0.9552193284034729,132,0.0,24.719999313354492,0.040919288992881775
2025/07/05/17:49:36.812859,10333,1751712576,812006354,,1.0360000133514404,0.9640932083129883,130,0.0,24.729999542236328,0.046055492013692856
2025/07/05/17:49:36.892930,10334,1751712576,892490226,,1.0360000133514404,0.9706426858901978,129,0.0,24.729999542236328,0.045775897800922394
2025/07/05/17:49:37.012220,10335,1751712577,11593121,,0.987000048160553,0.9855875968933105,126,0.0,24.739999771118164,0.04722381755709648
2025/07/05/17:49:37.111992,10336,1751712577,111167898,,0.987000048160553,0.993961751461029,125,0.0,24.739999771118164,0.044247470796108246
2025/07/05/17:49:37.212292,10337,1751712577,211551557,,0.893000066280365,1.0008255243301392,123,0.0,24.75,0.0423925518989563
2025/07/05/17:49:37.292434,10338,1751712577,291524066,,0.893000066280365,1.0018198490142822,121,0.0,24.760000228881836,0.044815488159656525
2025/07/05/17:49:37.392881,10339,1751712577,392326573,,0.8960000276565552,1.0059208869934082,119,0.0,24.760000228881836,0.04587351158261299
2025/07/05/17:49:37.551236,10340,1751712577,550707109,,0.8960000276565552,1.0036861896514893,116,0.0,24.779998779296875,0.05594438686966896
2025/07/05/17:49:37.631567,10341,1751712577,630397980,,0.862000048160553,1.0016050338745117,115,0.0,24.779998779296875,0.05736589431762695
2025/07/05/17:49:37.731084,10342,1751712577,730390556,,0.862000048160553,0.9991063475608826,115,0.0,24.78999900817871,0.06796211004257202
2025/07/05/17:49:37.831163,10343,1751712577,830572208,,0.9820000529289246,0.9919822216033936,115,0.0,24.78999900817871,0.06294076889753342
2025/07/05/17:49:37.952008,10344,1751712577,951463642,,0.9820000529289246,0.9941184520721436,115,0.0,24.78999900817871,0.06425107270479202
2025/07/05/17:49:38.034165,10345,1751712578,33575562,,0.9220000505447388,0.9975173473358154,116,0.0,24.78999900817871,0.05953855440020561
2025/07/05/17:49:38.131204,10346,1751712578,130461925,,0.9220000505447388,0.9970892071723938,118,0.0,24.78999900817871,0.04822926968336105
2025/07/05/17:49:38.231088,10347,1751712578,230643961,,0.8060000538825989,0.993062436580658,120,0.0,24.779998779296875,0.043902285397052765
2025/07/05/17:49:38.330947,10348,1751712578,330339852,,0.8060000538825989,0.9908257126808167,121,0.0,24.76999855041504,0.046300310641527176
2025/07/05/17:49:38.512042,10349,1751712578,511350079,,0.9720000624656677,0.985173761844635,124,0.0,24.760000228881836,0.04522765800356865
2025/07/05/17:49:38.614795,10350,1751712578,614241556,,0.9910000562667847,0.9835708141326904,125,0.0,24.760000228881836,0.04349338635802269
2025/07/05/17:49:38.692278,10351,1751712578,691595417,,0.9910000562667847,0.9819263815879822,126,0.0,24.760000228881836,0.04258693754673004
2025/07/05/17:49:38.793160,10352,1751712578,792298652,,1.1400001049041748,0.9815788269042969,127,0.0,24.75,0.038598835468292236
2025/07/05/17:49:38.891532,10353,1751712578,891039232,,1.1400001049041748,0.9823485016822815,129,0.0,24.75,0.03247132897377014
2025/07/05/17:49:38.993287,10354,1751712578,991914714,,1.1400001049041748,0.9539286494255066,129,0.0,24.739999771118164,0.036355022341012955
2025/07/05/17:49:39.072021,10355,1751712579,71357558,,0.8470000624656677,0.9425979852676392,129,0.0,24.739999771118164,0.04177292063832283
2025/07/05/17:49:39.172021,10356,1751712579,171317679,,0.8470000624656677,0.936384379863739,127,0.0,24.739999771118164,0.044042281806468964
2025/07/05/17:49:39.272313,10357,1751712579,271349697,,0.8390000462532043,0.9318696856498718,126,0.0,24.739999771118164,0.03712235391139984
2025/07/05/17:49:39.371720,10358,1751712579,370845032,,0.8390000462532043,0.9323394298553467,124,0.0,24.739999771118164,0.03550932928919792
2025/07/05/17:49:39.531988,10359,1751712579,530499850,,1.193000078201294,0.9414688944816589,120,0.0,24.739999771118164,0.03162521496415138
2025/07/05/17:49:39.633826,10360,1751712579,633229721,,1.1740000247955322,0.9498385787010193,118,0.0,24.739999771118164,0.03268822282552719
2025/07/05/17:49:39.731102,10361,1751712579,730395601,,1.1740000247955322,0.9604519009590149,116,0.0,24.739999771118164,0.03100001811981201
2025/07/05/17:49:39.833855,10362,1751712579,833241498,,1.0190000534057617,0.9671168327331543,115,0.0,24.739999771118164,0.035098493099212646
2025/07/05/17:49:39.931037,10363,1751712579,930495796,,1.0190000534057617,0.9716297388076782,114,0.0,24.75,0.039024125784635544
2025/07/05/17:49:40.034063,10364,1751712580,33322114,,1.0820000171661377,0.9726526141166687,113,0.0,24.75,0.05002206936478615
2025/07/05/17:49:40.130773,10365,1751712580,130336192,,1.0820000171661377,0.9757664799690247,114,0.0,24.75,0.05494055151939392
2025/07/05/17:49:40.233762,10366,1751712580,233332193,,0.9900000691413879,0.9742180705070496,115,0.0,24.760000228881836,0.04000717028975487
2025/07/05/17:49:40.331119,10367,1751712580,330481198,,0.9900000691413879,0.9787436127662659,116,0.0,24.760000228881836,0.027929265052080154
2025/07/05/17:49:40.511888,10368,1751712580,511258459,,1.0440000295639038,0.9728023409843445,115,0.0,24.760000228881836,0.046385861933231354
2025/07/05/17:49:40.593225,10369,1751712580,591578565,,1.0440000295639038,0.9745556116104126,114,0.0,24.760000228881836,0.04056529700756073
2025/07/05/17:49:40.672616,10370,1751712580,671173274,,1.1730000972747803,0.976830244064331,113,0.0,24.760000228881836,0.04099271818995476
2025/07/05/17:49:40.792425,10371,1751712580,791635396,,1.1730000972747803,0.9815017580986023,110,0.0,24.76999855041504,0.03959651663899422
2025/07/05/17:49:40.912423,10372,1751712580,911099691,,1.0220000743865967,0.9877482056617737,108,0.0,24.76999855041504,0.03793018311262131
2025/07/05/17:49:41.012615,10373,1751712581,11331689,,0.9750000238418579,0.990473747253418,106,0.0,24.76999855041504,0.0386587530374527
2025/07/05/17:49:41.092797,10374,1751712581,91635578,,0.9750000238418579,0.9902045726776123,105,0.0,24.779998779296875,0.04992802441120148
2025/07/05/17:49:41.173230,10375,1751712581,172411113,,0.9750000238418579,0.9845200777053833,103,0.0,24.779998779296875,0.052576445043087006
2025/07/05/17:49:41.251898,10376,1751712581,250980496,,1.059000015258789,0.9796367287635803,102,0.0,24.78999900817871,0.053237155079841614
2025/07/05/17:49:41.330918,10377,1751712581,330220008,,1.059000015258789,0.9802027344703674,101,0.0,24.78999900817871,0.05049656704068184
2025/07/05/17:49:41.471380,10378,1751712581,470584630,,1.2020000219345093,0.9803099632263184,98,0.0,24.78999900817871,0.045520566403865814
2025/07/05/17:49:41.592133,10379,1751712581,591421239,,1.2020000219345093,0.9780306220054626,96,0.0,24.779998779296875,0.04705483466386795
2025/07/05/17:49:41.671641,10380,1751712581,671211234,,1.0760000944137573,0.9785483479499817,94,0.0,24.779998779296875,0.05159132555127144
2025/07/05/17:49:41.774307,10381,1751712581,770356716,,1.0760000944137573,0.9693317413330078,93,0.0,24.779998779296875,0.06062024086713791
2025/07/05/17:49:41.871701,10382,1751712581,871229129,,1.0720000267028809,0.9695405960083008,93,0.0,24.779998779296875,0.06315723806619644
2025/07/05/17:49:41.992938,10383,1751712581,992260677,,1.0720000267028809,0.97496497631073,94,0.0,24.779998779296875,0.05910278111696243
2025/07/05/17:49:42.092221,10384,1751712582,91877870,,1.1190000772476196,0.9849867820739746,95,0.0,24.76999855041504,0.04854857176542282
2025/07/05/17:49:42.173719,10385,1751712582,171127844,,1.1190000772476196,0.9888845086097717,97,0.0,24.76999855041504,0.03571623936295509
2025/07/05/17:49:42.252141,10386,1751712582,250796023,,0.9200000166893005,0.9926452040672302,98,0.0,24.760000228881836,0.03314995393157005
2025/07/05/17:49:42.351025,10387,1751712582,350333016,,0.9200000166893005,0.9937241673469543,100,0.0,24.760000228881836,0.028979970142245293
2025/07/05/17:49:42.551779,10388,1751712582,550514753,,0.9920000433921814,0.9796251654624939,100,0.0,24.75,0.03860032558441162
2025/07/05/17:49:42.650498,10389,1751712582,650177342,,0.9830000400543213,0.9745391607284546,99,0.0,24.739999771118164,0.03317189961671829
2025/07/05/17:49:42.771230,10390,1751712582,769982939,,0.9830000400543213,0.981229305267334,96,0.0,24.739999771118164,0.02869735285639763
2025/07/05/17:49:42.850822,10391,1751712582,850222253,,0.8190000653266907,0.9842513799667358,95,0.0,24.739999771118164,0.02384796552360058
2025/07/05/17:49:42.991969,10392,1751712582,991143909,,0.8190000653266907,0.987664520740509,93,0.0,24.729999542236328,0.03444807976484299
2025/07/05/17:49:43.070768,10393,1751712583,70362221,,1.0760000944137573,0.9896296262741089,94,0.0,24.729999542236328,0.04344676807522774
2025/07/05/17:49:43.172286,10394,1751712583,171820616,,1.0760000944137573,0.9896554946899414,95,0.0,24.719999313354492,0.030704040080308914
2025/07/05/17:49:43.273404,10395,1751712583,270635214,,1.0200001001358032,0.9893592000007629,96,0.0,24.709999084472656,0.015388607047498226
2025/07/05/17:49:43.351031,10396,1751712583,350459092,,1.0200001001358032,0.9862192273139954,98,0.0,24.69999885559082,0.004854325670748949
2025/07/05/17:49:43.550545,10397,1751712583,550068204,,1.0890001058578491,0.9842701554298401,101,0.0,24.689998626708984,0.009333576075732708
2025/07/05/17:49:43.650424,10398,1751712583,650177658,,0.9960000514984131,0.9742251634597778,102,0.0,24.68000030517578,0.022153928875923157
2025/07/05/17:49:43.750472,10399,1751712583,750175480,,0.9960000514984131,0.9646486639976501,101,0.0,24.68000030517578,0.018772777169942856
2025/07/05/17:49:43.850698,10400,1751712583,850280311,,0.9620000720024109,0.9637302160263062,100,0.0,24.670000076293945,0.017019208520650864
2025/07/05/17:49:43.971449,10401,1751712583,971298798,,0.9620000720024109,0.9624760150909424,97,0.0,24.65999984741211,0.004335368052124977
2025/07/05/17:49:44.052044,10402,1751712584,51123984,,1.1610000133514404,0.9712246060371399,96,0.0,24.65999984741211,0.0010048234835267067
2025/07/05/17:49:44.150643,10403,1751712584,150151091,,1.1610000133514404,0.9831764101982117,94,0.0,24.65999984741211,0.0022692596539855003
2025/07/05/17:49:44.250916,10404,1751712584,250250842,,1.1030000448226929,0.9954496622085571,93,0.0,24.649999618530273,0.015129245817661285
2025/07/05/17:49:44.330860,10405,1751712584,330152825,,1.1030000448226929,1.0033472776412964,93,0.0,24.649999618530273,0.013515831902623177
2025/07/05/17:49:44.511754,10406,1751712584,510901165,,1.0920000076293945,1.0126221179962158,95,0.0,24.639999389648438,0.00030748872086405754
2025/07/05/17:49:44.591820,10407,1751712584,591237090,,1.0920000076293945,1.0159640312194824,96,0.0,24.639999389648438,-0.00014692889817524701
2025/07/05/17:49:44.670909,10408,1751712584,670365730,,0.9930000305175781,1.0172793865203857,98,0.0,24.639999389648438,-0.006489780731499195
2025/07/05/17:49:44.772222,10409,1751712584,771889157,,0.9930000305175781,1.0175493955612183,99,0.0,24.639999389648438,-0.012063535861670971
2025/07/05/17:49:44.852563,10410,1751712584,850898707,,0.9720000624656677,1.0055768489837646,100,0.0,24.6299991607666,-0.005334591958671808
2025/07/05/17:49:44.991595,10411,1751712584,990904728,,0.9720000624656677,0.9938693046569824,99,0.0,24.6299991607666,0.009999915957450867
2025/07/05/17:49:45.053197,10412,1751712585,51703827,,1.2540000677108765,0.9992404580116272,98,0.0,24.6299991607666,0.0030926528852432966
2025/07/05/17:49:45.171186,10413,1751712585,170081824,,1.2540000677108765,1.0102323293685913,96,0.0,24.6299991607666,0.0022517736069858074
2025/07/05/17:49:45.250405,10414,1751712585,250074574,,1.1450001001358032,1.017459750175476,95,0.0,24.6299991607666,-0.0033979108557105064
2025/07/05/17:49:45.350731,10415,1751712585,350111336,,1.1450001001358032,1.02820885181427,93,0.0,24.6299991607666,-0.006416707765311003
2025/07/05/17:49:45.531130,10416,1751712585,530394524,,1.099000096321106,1.0498294830322266,91,0.0,24.6299991607666,0.007233809679746628
2025/07/05/17:49:45.633800,10417,1751712585,633568730,,1.0040000677108765,1.0512948036193848,92,0.0,24.6299991607666,0.005547384265810251
2025/07/05/17:49:45.730956,10418,1751712585,730236086,,1.0040000677108765,1.0501066446304321,93,0.0,24.6299991607666,-0.002920539351180196
2025/07/05/17:49:45.833800,10419,1751712585,833132355,,1.069000005722046,1.0561268329620361,95,0.0,24.6299991607666,-0.00946531631052494
2025/07/05/17:49:45.930321,10420,1751712585,929987736,,1.069000005722046,1.060247540473938,97,0.0,24.6299991607666,-0.018720194697380066
2025/07/05/17:49:46.033580,10421,1751712586,33064154,,1.0350000858306885,1.0644484758377075,98,0.0,24.619998931884766,-0.014901186339557171
2025/07/05/17:49:46.132047,10422,1751712586,131285384,,1.0350000858306885,1.061234712600708,100,0.0,24.60999870300293,-0.012706649489700794
2025/07/05/17:49:46.233990,10423,1751712586,233035243,,1.099000096321106,1.0497429370880127,100,0.0,24.60999870300293,-0.0007921471260488033
2025/07/05/17:49:46.331200,10424,1751712586,330392896,,1.099000096321106,1.0456864833831787,99,0.0,24.600000381469727,-0.002437704475596547
2025/07/05/17:49:46.513281,10425,1751712586,511625194,,1.215000033378601,1.058703899383545,96,0.0,24.59000015258789,-0.018881285563111305
2025/07/05/17:49:46.614272,10426,1751712586,613801406,,1.0850000381469727,1.0680204629898071,95,0.0,24.579999923706055,-0.02442067116498947
2025/07/05/17:49:46.711464,10427,1751712586,710733145,,1.0850000381469727,1.0781067609786987,92,0.0,24.579999923706055,-0.026234149932861328
2025/07/05/17:49:46.792128,10428,1751712586,791435936,,1.0850000381469727,1.08795166015625,91,0.0,24.56999969482422,-0.022673191502690315
2025/07/05/17:49:46.912376,10429,1751712586,911465669,,1.1170001029968262,1.0918512344360352,90,0.0,24.56999969482422,-0.017936047166585922
2025/07/05/17:49:46.991734,10430,1751712586,991199264,,1.1170001029968262,1.0950372219085693,90,0.0,24.56999969482422,-0.015358228236436844
2025/07/05/17:49:47.070956,10431,1751712587,70369303,,0.9810000658035278,1.0996302366256714,90,0.0,24.56999969482422,-0.013243220746517181
2025/07/05/17:49:47.173558,10432,1751712587,170266050,,0.9810000658035278,1.1006088256835938,91,0.0,24.56999969482422,-0.019670363515615463
2025/07/05/17:49:47.251601,10433,1751712587,250446068,,1.1380000114440918,1.1049693822860718,92,0.0,24.559999465942383,-0.027165288105607033
2025/07/05/17:49:47.350462,10434,1751712587,350208329,,1.1380000114440918,1.1129063367843628,93,0.0,24.559999465942383,-0.029059456661343575
2025/07/05/17:49:47.571157,10435,1751712587,570223930,,1.311000108718872,1.1561349630355835,97,0.0,24.549999237060547,-0.026181267574429512
2025/07/05/17:49:47.651128,10436,1751712587,650732318,,1.1370000839233398,1.1771223545074463,98,0.0,24.549999237060547,-0.028438277542591095
2025/07/05/17:49:47.750203,10437,1751712587,749872390,,1.1370000839233398,1.2029043436050415,99,0.0,24.549999237060547,-0.026088573038578033
2025/07/05/17:49:47.851989,10438,1751712587,850312331,,1.190000057220459,1.2271945476531982,101,0.0,24.549999237060547,-0.028911957517266273
2025/07/05/17:49:47.970922,10439,1751712587,970545561,,1.190000057220459,1.2630681991577148,103,0.0,24.549999237060547,-0.029545923694968224
2025/07/05/17:49:48.073613,10440,1751712588,71007098,,1.1510000228881836,1.2876396179199219,104,0.0,24.549999237060547,-0.030125057324767113
2025/07/05/17:49:48.173160,10441,1751712588,170367814,,1.1510000228881836,1.3142424821853638,105,0.0,24.559999465942383,-0.023044921457767487
2025/07/05/17:49:48.251548,10442,1751712588,251001805,,1.1700000762939453,1.323569655418396,106,0.0,24.559999465942383,-0.02515866979956627
2025/07/05/17:49:48.350451,10443,1751712588,350016512,,1.1700000762939453,1.3281259536743164,108,0.0,24.559999465942383,-0.018255624920129776
2025/07/05/17:49:48.530576,10444,1751712588,530051247,,1.2690000534057617,1.3612250089645386,109,0.0,24.56999969482422,-0.010039824061095715
2025/07/05/17:49:48.634418,10445,1751712588,633021030,,1.2970000505447388,1.3709261417388916,108,0.0,24.56999969482422,-0.005853783339262009
2025/07/05/17:49:48.730877,10446,1751712588,730075720,,1.2970000505447388,1.395223617553711,106,0.0,24.56999969482422,-0.014238961972296238
2025/07/05/17:49:48.833770,10447,1751712588,832976194,,1.3900001049041748,1.3983063697814941,104,0.0,24.579999923706055,-0.017031632363796234
2025/07/05/17:49:48.931071,10448,1751712588,930458324,,1.3900001049041748,1.419874906539917,101,0.0,24.579999923706055,-0.017949923872947693
2025/07/05/17:49:49.033880,10449,1751712589,32952412,,1.2980000972747803,1.4351688623428345,98,0.0,24.579999923706055,-0.022752773016691208
2025/07/05/17:49:49.132497,10450,1751712589,130848740,,1.2980000972747803,1.4525904655456543,96,0.0,24.579999923706055,-0.019830765202641487
2025/07/05/17:49:49.230763,10451,1751712589,230179907,,1.3250000476837158,1.4484442472457886,93,0.0,24.59000015258789,-0.01730937696993351
2025/07/05/17:49:49.331191,10452,1751712589,330182981,,1.3250000476837158,1.4440094232559204,91,0.0,24.59000015258789,-0.0137750543653965
2025/07/05/17:49:49.512949,10453,1751712589,512374660,,1.3230000734329224,1.4114594459533691,89,0.0,24.59000015258789,0.015194650739431381
2025/07/05/17:49:49.611723,10454,1751712589,611226271,,1.3280000686645508,1.4212753772735596,90,0.0,24.600000381469727,0.03121628612279892
2025/07/05/17:49:49.692164,10455,1751712589,691350440,,1.3280000686645508,1.4148930311203003,92,0.0,24.600000381469727,0.009764443151652813
2025/07/05/17:49:49.791981,10456,1751712589,791244134,,1.3280000686645508,1.4244624376296997,94,0.0,24.600000381469727,-0.016833264380693436
2025/07/05/17:49:49.873356,10457,1751712589,870605013,,1.3250000476837158,1.4347009658813477,97,0.0,24.600000381469727,-0.02646222524344921
2025/07/05/17:49:49.991672,10458,1751712589,990959761,,1.3250000476837158,1.4326095581054688,100,0.0,24.60999870300293,-0.020731106400489807
2025/07/05/17:49:50.070316,10459,1751712590,70143402,,1.3260000944137573,1.4209972620010376,102,0.0,24.60999870300293,-0.016722049564123154
2025/07/05/17:49:50.171640,10460,1751712590,170922492,,1.3260000944137573,1.4221347570419312,104,0.0,24.60999870300293,-0.0032340192701667547
2025/07/05/17:49:50.251634,10461,1751712590,250782050,,1.352000117301941,1.4195947647094727,106,0.0,24.60999870300293,-0.0007654736982658505
2025/07/05/17:49:50.330402,10462,1751712590,329916240,,1.352000117301941,1.4202914237976074,107,0.0,24.60999870300293,-0.0024727678392082453
2025/07/05/17:49:50.472071,10463,1751712590,471675978,,1.50600004196167,1.4161758422851562,107,0.0,24.60999870300293,0.018490228801965714
2025/07/05/17:49:50.591736,10464,1751712590,591231952,,1.50600004196167,1.4149248600006104,105,0.0,24.60999870300293,0.01969028078019619
2025/07/05/17:49:50.672289,10465,1751712590,671300232,,1.374000072479248,1.4329813718795776,103,0.0,24.60999870300293,0.0012360094115138054
2025/07/05/17:49:50.772160,10466,1751712590,772036262,,1.374000072479248,1.4436084032058716,101,0.0,24.60999870300293,-0.01649525575339794
2025/07/05/17:49:50.871864,10467,1751712590,871405518,,1.3200000524520874,1.447603702545166,98,0.0,24.60999870300293,-0.023529808968305588
2025/07/05/17:49:50.992109,10468,1751712590,991310576,,1.3200000524520874,1.449544906616211,95,0.0,24.60999870300293,-0.018207665532827377
2025/07/05/17:49:51.071566,10469,1751712591,71332879,,1.5810000896453857,1.4489781856536865,93,0.0,24.60999870300293,-0.012412144802510738
2025/07/05/17:49:51.172197,10470,1751712591,170122001,,1.5810000896453857,1.44618558883667,90,0.0,24.60999870300293,-0.009351532906293869
2025/07/05/17:49:51.250764,10471,1751712591,250061557,,1.309000015258789,1.4315236806869507,89,0.0,24.60999870300293,-0.008862415328621864
2025/07/05/17:49:51.330919,10472,1751712591,330400173,,1.309000015258789,1.4278638362884521,87,0.0,24.60999870300293,-0.010877955704927444
2025/07/05/17:49:51.492218,10473,1751712591,491441610,,1.468000054359436,1.410826325416565,83,0.0,24.60999870300293,-0.01703997142612934
2025/07/05/17:49:51.634050,10474,1751712591,632975451,,1.4640001058578491,1.4013279676437378,80,0.0,24.600000381469727,-0.02249753102660179
2025/07/05/17:49:51.710903,10475,1751712591,710488362,,1.4640001058578491,1.380162239074707,78,0.0,24.600000381469727,-0.01921849697828293
2025/07/05/17:49:51.813628,10476,1751712591,813528464,,1.2960000038146973,1.382068157196045,75,0.0,24.600000381469727,-0.017670920118689537
2025/07/05/17:49:51.891675,10477,1751712591,891113314,,1.2960000038146973,1.3611235618591309,74,0.0,24.600000381469727,-0.021191706880927086
2025/07/05/17:49:51.991630,10478,1751712591,991196311,,1.2960000038146973,1.3448855876922607,72,0.0,24.600000381469727,-0.02143094688653946
2025/07/05/17:49:52.072030,10479,1751712592,70504714,,1.3570001125335693,1.3431817293167114,70,0.0,24.600000381469727,-0.0189974308013916
2025/07/05/17:49:52.171528,10480,1751712592,170372444,,1.3570001125335693,1.3320883512496948,68,0.0,24.600000381469727,-0.017805777490139008
2025/07/05/17:49:52.252129,10481,1751712592,251310807,,1.3720000982284546,1.3360865116119385,66,0.0,24.60999870300293,-0.01530315913259983
2025/07/05/17:49:52.391496,10482,1751712592,390558502,,1.3720000982284546,1.322243332862854,63,0.0,24.60999870300293,-0.018650026991963387
2025/07/05/17:49:52.550930,10483,1751712592,550269671,,1.2660000324249268,1.3089009523391724,59,0.0,24.60999870300293,-0.017317846417427063
2025/07/05/17:49:52.651084,10484,1751712592,650615850,,1.4840000867843628,1.317487359046936,57,0.0,24.600000381469727,-0.019886542111635208
2025/07/05/17:49:52.750496,10485,1751712592,750157633,,1.4840000867843628,1.3108750581741333,55,0.0,24.600000381469727,-0.021760180592536926
2025/07/05/17:49:52.850227,10486,1751712592,849756531,,1.2910000085830688,1.3001091480255127,53,0.0,24.600000381469727,-0.022758260369300842
2025/07/05/17:49:52.971091,10487,1751712592,970299504,,1.2910000085830688,1.3012644052505493,51,0.0,24.600000381469727,-0.022526195272803307
2025/07/05/17:49:53.091565,10488,1751712593,90784193,,1.3880000114440918,1.305949091911316,48,0.0,24.59000015258789,-0.021231666207313538
2025/07/05/17:49:53.170687,10489,1751712593,169821121,,1.3880000114440918,1.296481966972351,46,0.0,24.59000015258789,-0.025622809305787086
2025/07/05/17:49:53.250356,10490,1751712593,249544252,,1.2540000677108765,1.299465298652649,45,0.0,24.59000015258789,-0.023769622668623924
2025/07/05/17:49:53.350180,10491,1751712593,350027988,,1.2540000677108765,1.2985434532165527,43,0.0,24.59000015258789,-0.02406470850110054
2025/07/05/17:49:53.550997,10492,1751712593,550418960,,1.3300000429153442,1.293164610862732,39,0.0,24.600000381469727,-0.01772206462919712
2025/07/05/17:49:53.650522,10493,1751712593,650146091,,1.3310000896453857,1.2875288724899292,37,0.0,24.600000381469727,-0.01681865006685257
2025/07/05/17:49:53.750926,10494,1751712593,750321651,,1.3310000896453857,1.283151626586914,35,0.0,24.60999870300293,-0.02001889981329441
2025/07/05/17:49:53.850139,10495,1751712593,849751782,,1.1690000295639038,1.2820512056350708,32,0.0,24.60999870300293,-0.0193877462297678
2025/07/05/17:49:53.971214,10496,1751712593,970510809,,1.1690000295639038,1.2719097137451172,30,0.0,24.60999870300293,-0.01716340146958828
2025/07/05/17:49:54.052586,10497,1751712594,51445371,,1.3100000619888306,1.269835352897644,28,0.0,24.60999870300293,-0.016829930245876312
2025/07/05/17:49:54.171213,10498,1751712594,170020366,,1.3100000619888306,1.2637113332748413,26,0.0,24.60999870300293,-0.020457476377487183
2025/07/05/17:49:54.250456,10499,1751712594,249783121,,1.3240001201629639,1.2636969089508057,24,0.0,24.600000381469727,-0.019142091274261475
2025/07/05/17:49:54.330073,10500,1751712594,329639606,,1.3240001201629639,1.2645434141159058,23,0.0,24.600000381469727,-0.021513214334845543
2025/07/05/17:49:54.491735,10501,1751712594,491158477,,1.3630000352859497,1.2699429988861084,19,0.0,24.600000381469727,-0.020828470587730408
2025/07/05/17:49:54.591467,10502,1751712594,591078460,,1.3630000352859497,1.259384036064148,17,0.0,24.600000381469727,-0.02338763140141964
2025/07/05/17:49:54.672280,10503,1751712594,670507614,,1.2670000791549683,1.261610984802246,16,0.0,24.59000015258789,-0.020490672439336777
2025/07/05/17:49:54.771417,10504,1751712594,770400169,,1.2670000791549683,1.2618266344070435,14,0.0,24.59000015258789,-0.025643987581133842
2025/07/05/17:49:54.891598,10505,1751712594,891224145,,1.227000117301941,1.2607985734939575,11,0.0,24.600000381469727,-0.023253727704286575
2025/07/05/17:49:55.012144,10506,1751712595,11391221,,1.2100000381469727,1.252504825592041,9,0.0,24.600000381469727,-0.02472970448434353
2025/07/05/17:49:55.092005,10507,1751712595,90922488,,1.2100000381469727,1.2524750232696533,7,0.0,24.600000381469727,-0.022473042830824852
2025/07/05/17:49:55.171293,10508,1751712595,169871567,,1.2100000381469727,1.2518885135650635,6,0.0,24.600000381469727,-0.020504044368863106
2025/07/05/17:49:55.274454,10509,1751712595,270319987,,1.2640000581741333,1.2445499897003174,4,0.0,24.600000381469727,-0.021019410341978073
2025/07/05/17:49:55.391733,10510,1751712595,390827189,,1.2640000581741333,1.2447307109832764,1,0.0,24.60999870300293,-0.019244780763983727
2025/07/05/17:49:55.570385,10511,1751712595,569764225,,1.1730000972747803,1.2357453107833862,358,0.0,24.60999870300293,-0.016354745253920555
2025/07/05/17:49:55.651178,10512,1751712595,650596219,,1.3030000925064087,1.2397949695587158,356,0.0,24.619998931884766,-0.01382766105234623
2025/07/05/17:49:55.751259,10513,1751712595,750477098,,1.3030000925064087,1.2298189401626587,354,0.0,24.6299991607666,-0.014211409725248814
2025/07/05/17:49:55.850131,10514,1751712595,849675342,,1.3280000686645508,1.2373508214950562,352,0.0,24.6299991607666,-0.011569073423743248
2025/07/05/17:49:55.971377,10515,1751712595,970155456,,1.3280000686645508,1.2373179197311401,350,0.0,24.6299991607666,-0.009991301223635674
2025/07/05/17:49:56.051006,10516,1751712596,50304953,,1.2480000257492065,1.24135422706604,348,0.0,24.639999389648438,-0.004639031365513802
2025/07/05/17:49:56.150510,10517,1751712596,149849634,,1.2480000257492065,1.2459595203399658,346,0.0,24.639999389648438,-0.0018186017405241728
2025/07/05/17:49:56.250967,10518,1751712596,250547780,,1.434000015258789,1.2457301616668701,344,0.0,24.649999618530273,-0.002143144141882658
2025/07/05/17:49:56.349955,10519,1751712596,349538767,,1.434000015258789,1.2574964761734009,343,0.0,24.649999618530273,-0.0012963409535586834
2025/07/05/17:49:56.511532,10520,1751712596,510933928,,1.3450000286102295,1.2581775188446045,339,0.0,24.670000076293945,0.002686347346752882
2025/07/05/17:49:56.613737,10521,1751712596,613184057,,1.2920000553131104,1.2673996686935425,337,0.0,24.68000030517578,0.008356122300028801
2025/07/05/17:49:56.691849,10522,1751712596,691601295,,1.2920000553131104,1.2720566987991333,336,0.0,24.689998626708984,0.010099764913320541
2025/07/05/17:49:56.792083,10523,1751712596,791244740,,1.3620001077651978,1.267251968383789,334,0.0,24.69999885559082,0.012677984312176704
2025/07/05/17:49:56.891263,10524,1751712596,890506427,,1.3620001077651978,1.2813762426376343,332,0.0,24.719999313354492,0.02030455693602562
2025/07/05/17:49:56.991748,10525,1751712596,991371838,,1.3200000524520874,1.2824184894561768,330,0.0,24.729999542236328,0.02188364788889885
2025/07/05/17:49:57.090970,10526,1751712597,90518747,,1.3200000524520874,1.2875046730041504,328,0.0,24.739999771118164,0.026198511943221092
2025/07/05/17:49:57.170449,10527,1751712597,170093397,,1.3200000524520874,1.297418236732483,326,0.0,24.75,0.03179014101624489
2025/07/05/17:49:57.291282,10528,1751712597,290566186,,1.2760000228881836,1.2924723625183105,324,0.0,24.760000228881836,0.04028736799955368
2025/07/05/17:49:57.372747,10529,1751712597,370277608,,1.2760000228881836,1.2992991209030151,322,0.0,24.76999855041504,0.046067412942647934
2025/07/05/17:49:57.552905,10530,1751712597,551671229,,1.3270000219345093,1.2970788478851318,319,0.0,24.779998779296875,0.04200180992484093
2025/07/05/17:49:57.650286,10531,1751712597,649918750,,1.3510000705718994,1.2997967004776,317,0.0,24.78999900817871,0.03892288729548454
2025/07/05/17:49:57.769900,10532,1751712597,769473627,,1.3510000705718994,1.2997409105300903,314,0.0,24.78999900817871,0.03530959039926529
2025/07/05/17:49:57.850241,10533,1751712597,849662564,,1.1640000343322754,1.2956767082214355,313,0.0,24.799999237060547,0.037631481885910034
2025/07/05/17:49:57.950271,10534,1751712597,949838125,,1.1640000343322754,1.2750333547592163,312,0.0,24.809999465942383,0.06136886030435562
2025/07/05/17:49:58.050266,10535,1751712598,49635567,,1.3420000076293945,1.2667639255523682,313,0.0,24.809999465942383,0.07919595390558243
2025/07/05/17:49:58.130261,10536,1751712598,129922955,,1.3420000076293945,1.276790976524353,315,0.0,24.81999969482422,0.07856538891792297
2025/07/05/17:49:58.233279,10537,1751712598,232623865,,1.283000111579895,1.2825095653533936,317,0.0,24.81999969482422,0.04351966455578804
2025/07/05/17:49:58.313310,10538,1751712598,311279832,,1.283000111579895,1.2929035425186157,319,0.0,24.81999969482422,0.032330188900232315
2025/07/05/17:49:58.450728,10539,1751712598,450307135,,1.2690000534057617,1.314266562461853,322,0.0,24.81999969482422,0.03566465899348259
2025/07/05/17:49:58.570422,10540,1751712598,569881102,,1.2690000534057617,1.3132206201553345,322,0.0,24.81999969482422,0.06352543085813522
2025/07/05/17:49:58.651154,10541,1751712598,650606336,,1.2670000791549683,1.3202234506607056,322,0.0,24.829999923706055,0.05957190692424774
2025/07/05/17:49:58.749902,10542,1751712598,749552895,,1.2670000791549683,1.3342947959899902,320,0.0,24.829999923706055,0.043919216841459274
2025/07/05/17:49:58.849899,10543,1751712598,849603062,,1.3650000095367432,1.3421695232391357,317,0.0,24.829999923706055,0.027437420561909676
2025/07/05/17:49:58.970866,10544,1751712598,969782761,,1.3650000095367432,1.3540871143341064,314,0.0,24.829999923706055,0.02250492200255394
2025/07/05/17:49:59.074237,10545,1751712599,70616282,,1.374000072479248,1.3561530113220215,312,0.0,24.829999923706055,0.023961206898093224
2025/07/05/17:49:59.171164,10546,1751712599,170878426,,1.374000072479248,1.3559503555297852,310,0.0,24.829999923706055,0.03387428820133209
2025/07/05/17:49:59.251911,10547,1751712599,250745786,,1.3510000705718994,1.3566843271255493,308,0.0,24.829999923706055,0.03997989743947983
2025/07/05/17:49:59.350090,10548,1751712599,349652350,,1.3510000705718994,1.3525018692016602,306,0.0,24.829999923706055,0.044111594557762146
2025/07/05/17:49:59.511501,10549,1751712599,510656640,,1.3480000495910645,1.3440625667572021,303,0.0,24.81999969482422,0.03636981174349785
2025/07/05/17:49:59.611964,10550,1751712599,611434765,,1.378000020980835,1.3123805522918701,302,0.0,24.81999969482422,0.050049807876348495
2025/07/05/17:49:59.710520,10551,1751712599,710215827,,1.378000020980835,1.3007442951202393,302,0.0,24.81999969482422,0.071577288210392
2025/07/05/17:49:59.811495,10552,1751712599,810905500,,1.2930001020431519,1.2985225915908813,304,0.0,24.829999923706055,0.0626966580748558
2025/07/05/17:49:59.911654,10553,1751712599,910899256,,1.2930001020431519,1.3098844289779663,306,0.0,24.829999923706055,0.0304117389023304
2025/07/05/17:50:00.034372,10554,1751712600,34061684,,1.343000054359436,1.3302855491638184,309,0.0,24.81999969482422,-0.00047085812548175454
2025/07/05/17:50:00.130517,10555,1751712600,129751000,,1.343000054359436,1.3542333841323853,311,0.0,24.81999969482422,0.008810511790215969
2025/07/05/17:50:00.233222,10556,1751712600,232591602,,1.3820000886917114,1.3558146953582764,312,0.0,24.809999465942383,0.02452598698437214
2025/07/05/17:50:00.331382,10557,1751712600,330284765,,1.3820000886917114,1.3674124479293823,311,0.0,24.809999465942383,0.04161697253584862
2025/07/05/17:50:00.492010,10558,1751712600,491428157,,1.4720001220703125,1.3790273666381836,308,0.0,24.809999465942383,0.028772344812750816
2025/07/05/17:50:00.591793,10559,1751712600,591047605,,1.4720001220703125,1.3914259672164917,306,0.0,24.809999465942383,0.016445564106106758
2025/07/05/17:50:00.671871,10560,1751712600,671703224,,1.3750001192092896,1.3956375122070312,304,0.0,24.809999465942383,0.014996564015746117
2025/07/05/17:50:00.771383,10561,1751712600,770191809,,1.3750001192092896,1.390472173690796,302,0.0,24.809999465942383,0.0240438524633646
2025/07/05/17:50:00.851810,10562,1751712600,850800307,,1.3840000629425049,1.3793480396270752,301,0.0,24.809999465942383,0.04671096429228783
2025/07/05/17:50:00.950842,10563,1751712600,950323072,,1.3840000629425049,1.3769398927688599,301,0.0,24.81999969482422,0.048970941454172134
2025/07/05/17:50:01.049867,10564,1751712601,49573035,,1.319000005722046,1.3644310235977173,303,0.0,24.81999969482422,0.0333077497780323
2025/07/05/17:50:01.150483,10565,1751712601,150115017,,1.319000005722046,1.37056565284729,305,0.0,24.81999969482422,0.016383551061153412
2025/07/05/17:50:01.250372,10566,1751712601,249566691,,1.3960000276565552,1.3799023628234863,307,0.0,24.809999465942383,0.0005875297356396914
2025/07/05/17:50:01.350614,10567,1751712601,350168711,,1.3960000276565552,1.3844889402389526,309,0.0,24.809999465942383,0.005989134311676025
2025/07/05/17:50:01.550122,10568,1751712601,549512721,,1.2540000677108765,1.386997103691101,310,0.0,24.799999237060547,0.04315367341041565
2025/07/05/17:50:01.650048,10569,1751712601,649574317,,1.4030001163482666,1.384121298789978,308,0.0,24.799999237060547,0.03287695720791817
2025/07/05/17:50:01.729854,10570,1751712601,729478737,,1.4030001163482666,1.3851433992385864,307,0.0,24.799999237060547,0.020098526030778885
2025/07/05/17:50:01.833871,10571,1751712601,833459878,,1.343000054359436,1.3910861015319824,304,0.0,24.799999237060547,0.0025405315682291985
2025/07/05/17:50:01.971543,10572,1751712601,969712916,,1.343000054359436,1.3965600728988647,301,0.0,24.78999900817871,0.015840303152799606
2025/07/05/17:50:02.049858,10573,1751712602,49505432,,1.3140000104904175,1.3912322521209717,300,0.0,24.78999900817871,0.03074156679213047
2025/07/05/17:50:02.150268,10574,1751712602,149570214,,1.3140000104904175,1.3670769929885864,300,0.0,24.78999900817871,0.05160840228199959
2025/07/05/17:50:02.231603,10575,1751712602,229634130,,1.3530000448226929,1.3562813997268677,301,0.0,24.78999900817871,0.0501214936375618
2025/07/05/17:50:02.329789,10576,1751712602,329483868,,1.3530000448226929,1.3533437252044678,303,0.0,24.78999900817871,0.025302154943346977
2025/07/05/17:50:02.470968,10577,1751712602,470390769,,1.3370000123977661,1.365087866783142,306,0.0,24.799999237060547,-0.005030511878430843
2025/07/05/17:50:02.611866,10578,1751712602,611118694,,1.3140000104904175,1.3741018772125244,308,0.0,24.799999237060547,0.027897443622350693
2025/07/05/17:50:02.692683,10579,1751712602,691388710,,1.3140000104904175,1.3714731931686401,308,0.0,24.799999237060547,0.04888153821229935
2025/07/05/17:50:02.791317,10580,1751712602,791027675,,1.3140000104904175,1.3649858236312866,306,0.0,24.809999465942383,0.0405888669192791
2025/07/05/17:50:02.873698,10581,1751712602,872851368,,1.377000093460083,1.3626881837844849,304,0.0,24.81999969482422,0.02591804973781109
2025/07/05/17:50:02.972183,10582,1751712602,970474214,,1.377000093460083,1.3610390424728394,302,0.0,24.81999969482422,0.011757036671042442
2025/07/05/17:50:03.050152,10583,1751712603,49505041,,1.4110000133514404,1.3614434003829956,301,0.0,24.81999969482422,0.024095218628644943
2025/07/05/17:50:03.170632,10584,1751712603,169483711,,1.4110000133514404,1.3576622009277344,300,0.0,24.81999969482422,0.05681242048740387
2025/07/05/17:50:03.250030,10585,1751712603,249368148,,1.3870000839233398,1.3471136093139648,300,0.0,24.829999923706055,0.06490431725978851
2025/07/05/17:50:03.349987,10586,1751712603,349389429,,1.3870000839233398,1.3513413667678833,301,0.0,24.829999923706055,0.03916488587856293
2025/07/05/17:50:03.491318,10587,1751712603,490861586,,1.38100004196167,1.3742605447769165,303,0.0,24.829999923706055,0.007103762123733759
2025/07/05/17:50:03.633242,10588,1751712603,632534792,,1.3920000791549683,1.3776289224624634,303,0.0,24.829999923706055,0.028879908844828606
2025/07/05/17:50:03.730237,10589,1751712603,729569399,,1.3920000791549683,1.3713905811309814,302,0.0,24.829999923706055,0.03470887243747711
2025/07/05/17:50:03.832788,10590,1751712603,832421423,,1.4870001077651978,1.3726365566253662,300,0.0,24.829999923706055,0.030725548043847084
2025/07/05/17:50:03.930112,10591,1751712603,929486930,,1.4870001077651978,1.3695989847183228,297,0.0,24.829999923706055,0.021200351417064667
2025/07/05/17:50:04.033161,10592,1751712604,32316499,,1.3630000352859497,1.369559645652771,295,0.0,24.829999923706055,0.029739610850811005
2025/07/05/17:50:04.130260,10593,1751712604,129967676,,1.3630000352859497,1.360309362411499,292,0.0,24.829999923706055,0.03597268462181091
2025/07/05/17:50:04.233115,10594,1751712604,232349520,,1.4390000104904175,1.3224283456802368,292,0.0,24.829999923706055,0.06100863218307495
2025/07/05/17:50:04.331134,10595,1751712604,330338432,,1.4390000104904175,1.309831142425537,293,0.0,24.829999923706055,0.0571691133081913
2025/07/05/17:50:04.510750,10596,1751712604,510264960,,1.4230000972747803,1.3128790855407715,297,0.0,24.829999923706055,0.017539450898766518
2025/07/05/17:50:04.611477,10597,1751712604,610624212,,1.409000039100647,1.317315936088562,299,0.0,24.829999923706055,0.010121067054569721
2025/07/05/17:50:04.711805,10598,1751712604,710624933,,1.409000039100647,1.3176294565200806,302,0.0,24.829999923706055,0.02689572423696518
2025/07/05/17:50:04.793257,10599,1751712604,791321270,,1.409000039100647,1.311158537864685,304,0.0,24.829999923706055,0.03813820332288742
2025/07/05/17:50:04.871575,10600,1751712604,870336237,,1.290000081062317,1.3037968873977661,306,0.0,24.829999923706055,0.0356498621404171
2025/07/05/17:50:04.971388,10601,1751712604,970107180,,1.290000081062317,1.2902491092681885,308,0.0,24.829999923706055,0.02417864091694355
2025/07/05/17:50:05.090724,10602,1751712605,90226733,,1.2590000629425049,1.284170389175415,311,0.0,24.829999923706055,0.015144949778914452
2025/07/05/17:50:05.169882,10603,1751712605,169350546,,1.2590000629425049,1.275913119316101,313,0.0,24.829999923706055,0.019695309922099113
2025/07/05/17:50:05.271019,10604,1751712605,270733977,,1.4170000553131104,1.267593502998352,315,0.0,24.829999923706055,0.028157537803053856
2025/07/05/17:50:05.351719,10605,1751712605,350917263,,1.4170000553131104,1.2655117511749268,316,0.0,24.829999923706055,0.034723397344350815
2025/07/05/17:50:05.551131,10606,1751712605,550466173,,1.2640000581741333,1.2606505155563354,320,0.0,24.829999923706055,0.033669453114271164
2025/07/05/17:50:05.671096,10607,1751712605,670315092,,1.2760000228881836,1.2710211277008057,322,0.0,24.829999923706055,0.023683197796344757
2025/07/05/17:50:05.791541,10608,1751712605,790711163,,1.2650001049041748,1.2727320194244385,324,0.0,24.829999923706055,0.012675912119448185
2025/07/05/17:50:05.872652,10609,1751712605,871235211,,1.2650001049041748,1.276796579360962,325,0.0,24.81999969482422,0.014143189415335655
2025/07/05/17:50:05.970998,10610,1751712605,970113026,,1.2650001049041748,1.275769829750061,327,0.0,24.81999969482422,0.020338434725999832
2025/07/05/17:50:06.052442,10611,1751712606,51909024,,1.2860000133514404,1.2822057008743286,328,0.0,24.809999465942383,0.018117060884833336
2025/07/05/17:50:06.130017,10612,1751712606,129280164,,1.2860000133514404,1.2876795530319214,330,0.0,24.809999465942383,0.011478724889457226
2025/07/05/17:50:06.230170,10613,1751712606,229562931,,1.2920000553131104,1.2970751523971558,331,0.0,24.799999237060547,0.00896019209176302
2025/07/05/17:50:06.329970,10614,1751712606,329600982,,1.2920000553131104,1.302418828010559,333,0.0,24.78999900817871,0.009263506159186363
2025/07/05/17:50:06.491998,10615,1751712606,491449132,,1.3550000190734863,1.3126651048660278,335,0.0,24.779998779296875,0.003722243942320347
2025/07/05/17:50:06.591598,10616,1751712606,590884760,,1.3550000190734863,1.3197251558303833,337,0.0,24.779998779296875,-0.000505095231346786
2025/07/05/17:50:06.690978,10617,1751712606,690341094,,1.3070000410079956,1.3262765407562256,339,0.0,24.76999855041504,-0.0025843626353889704
2025/07/05/17:50:06.790920,10618,1751712606,790390681,,1.3070000410079956,1.3303824663162231,340,0.0,24.760000228881836,-0.007489708252251148
2025/07/05/17:50:06.891966,10619,1751712606,891387940,,1.436000108718872,1.3338074684143066,342,0.0,24.760000228881836,-0.007763223256915808
2025/07/05/17:50:06.990642,10620,1751712606,990278558,,1.436000108718872,1.3408297300338745,343,0.0,24.75,-0.012382584623992443
2025/07/05/17:50:07.090896,10621,1751712607,90311525,,1.3970000743865967,1.3454231023788452,345,0.0,24.75,-0.009774547070264816
2025/07/05/17:50:07.171988,10622,1751712607,171444531,,1.3970000743865967,1.3502689599990845,346,0.0,24.75,-0.008967597037553787
2025/07/05/17:50:07.273868,10623,1751712607,273193673,,1.3410000801086426,1.3542454242706299,348,0.0,24.75,-0.007005621679127216
2025/07/05/17:50:07.391913,10624,1751712607,391206452,,1.3410000801086426,1.3587040901184082,350,0.0,24.760000228881836,-0.011613374575972557
2025/07/05/17:50:07.550085,10625,1751712607,549585073,,1.2910000085830688,1.362371563911438,352,0.0,24.760000228881836,-0.007101644761860371
2025/07/05/17:50:07.649483,10626,1751712607,649286182,,1.3370000123977661,1.3627794981002808,354,0.0,24.760000228881836,-0.0069596427492797375
2025/07/05/17:50:07.729497,10627,1751712607,729170501,,1.3370000123977661,1.3628019094467163,355,0.0,24.760000228881836,-0.0048958840779960155
2025/07/05/17:50:07.833104,10628,1751712607,832260463,,1.290000081062317,1.3589184284210205,357,0.0,24.760000228881836,-0.005215409677475691
2025/07/05/17:50:07.970121,10629,1751712607,969176939,,1.290000081062317,1.3601232767105103,359,0.0,24.760000228881836,-0.007012213580310345
2025/07/05/17:50:08.049923,10630,1751712608,49336465,,1.2410000562667847,1.3601479530334473,0,0.0,24.760000228881836,-0.008124752901494503
2025/07/05/17:50:08.149763,10631,1751712608,149386426,,1.2410000562667847,1.3597638607025146,1,0.0,24.760000228881836,-0.0074105048552155495
2025/07/05/17:50:08.249974,10632,1751712608,249500041,,1.3730000257492065,1.360357642173767,3,0.0,24.76999855041504,-0.0002686616498976946
2025/07/05/17:50:08.349400,10633,1751712608,349088790,,1.3730000257492065,1.3584376573562622,4,0.0,24.760000228881836,-0.00014485340216197073
2025/07/05/17:50:08.550063,10634,1751712608,549382154,,1.3340001106262207,1.3597030639648438,8,0.0,24.76999855041504,-0.0060379235073924065
2025/07/05/17:50:08.649565,10635,1751712608,649472832,,1.2700001001358032,1.362835168838501,9,0.0,24.76999855041504,-0.0013406815705820918
2025/07/05/17:50:08.749903,10636,1751712608,749238843,,1.2700001001358032,1.3640425205230713,11,0.0,24.76999855041504,0.0006938613369129598
2025/07/05/17:50:08.849499,10637,1751712608,849105000,,1.308000087738037,1.360946774482727,12,0.0,24.76999855041504,0.002905928762629628
2025/07/05/17:50:08.991254,10638,1751712608,990049612,,1.308000087738037,1.3631153106689453,14,0.0,24.779998779296875,0.0013923264341428876
2025/07/05/17:50:09.070229,10639,1751712609,69450922,,1.1350001096725464,1.3383769989013672,14,0.0,24.779998779296875,0.013453127816319466
2025/07/05/17:50:09.191440,10640,1751712609,190764434,,1.1350001096725464,1.3371222019195557,13,0.0,24.779998779296875,0.02600770629942417
2025/07/05/17:50:09.250965,10641,1751712609,250373846,,1.3530000448226929,1.3456001281738281,11,0.0,24.779998779296875,0.027325589209794998
2025/07/05/17:50:09.349781,10642,1751712609,349053748,,1.3530000448226929,1.3509429693222046,9,0.0,24.779998779296875,0.0014662985922768712
2025/07/05/17:50:09.492346,10643,1751712609,491285035,,1.408000111579895,1.359815001487732,6,0.0,24.779998779296875,-0.004955773241817951
2025/07/05/17:50:09.650996,10644,1751712609,649589565,,1.3170000314712524,1.3649128675460815,5,0.0,24.76999855041504,0.01569461077451706
2025/07/05/17:50:09.730198,10645,1751712609,729256020,,1.3170000314712524,1.3596532344818115,6,0.0,24.760000228881836,0.015522891655564308
2025/07/05/17:50:09.833242,10646,1751712609,832251128,,1.502000093460083,1.3659307956695557,7,0.0,24.75,-0.00992216169834137
2025/07/05/17:50:09.950487,10647,1751712609,949719305,,1.502000093460083,1.3761705160140991,10,0.0,24.739999771118164,-0.03618335723876953
2025/07/05/17:50:10.030215,10648,1751712610,29571496,,1.2950000762939453,1.381784439086914,12,0.0,24.729999542236328,-0.0379008911550045
2025/07/05/17:50:10.131017,10649,1751712610,130386165,,1.2950000762939453,1.377645492553711,14,0.0,24.719999313354492,-0.025090280920267105
2025/07/05/17:50:10.233372,10650,1751712610,232353801,,1.4390000104904175,1.3807811737060547,15,0.0,24.719999313354492,-0.0017897109501063824
2025/07/05/17:50:10.330005,10651,1751712610,329322765,,1.4390000104904175,1.372842788696289,14,0.0,24.719999313354492,0.004642052575945854
2025/07/05/17:50:10.491759,10652,1751712610,491002772,,1.3530000448226929,1.384792685508728,12,0.0,24.719999313354492,-0.003774557262659073
2025/07/05/17:50:10.569726,10653,1751712610,569262235,,1.3530000448226929,1.3810228109359741,10,0.0,24.719999313354492,-0.020695222541689873
2025/07/05/17:50:10.670874,10654,1751712610,670087431,,1.3590000867843628,1.3783477544784546,7,0.0,24.729999542236328,-0.03010053001344204
2025/07/05/17:50:10.751736,10655,1751712610,751286983,,1.3590000867843628,1.3785457611083984,5,0.0,24.729999542236328,-0.027202919125556946
2025/07/05/17:50:10.849578,10656,1751712610,849104697,,1.402000069618225,1.3728731870651245,3,0.0,24.729999542236328,-0.01020372100174427
2025/07/05/17:50:10.970138,10657,1751712610,969527186,,1.402000069618225,1.3602771759033203,2,0.0,24.729999542236328,0.012256184592843056
2025/07/05/17:50:11.051859,10658,1751712611,49774715,,1.3830000162124634,1.351352572441101,3,0.0,24.729999542236328,0.026391377672553062
2025/07/05/17:50:11.129670,10659,1751712611,129348748,,1.3830000162124634,1.3386164903640747,4,0.0,24.729999542236328,0.01839629001915455
2025/07/05/17:50:11.232874,10660,1751712611,232165905,,1.3730000257492065,1.3495992422103882,7,0.0,24.729999542236328,-0.004095273092389107
2025/07/05/17:50:11.330115,10661,1751712611,329636297,,1.3730000257492065,1.3499462604522705,9,0.0,24.739999771118164,-0.028554951772093773
2025/07/05/17:50:11.510983,10662,1751712611,510194880,,1.3390001058578491,1.344245195388794,14,0.0,24.739999771118164,-0.024221716448664665
2025/07/05/17:50:11.610894,10663,1751712611,610577083,,1.4720001220703125,1.339253306388855,16,0.0,24.729999542236328,-0.013149322010576725
2025/07/05/17:50:11.691391,10664,1751712611,691167483,,1.4720001220703125,1.3346519470214844,18,0.0,24.729999542236328,-0.008648301474750042
2025/07/05/17:50:11.769398,10665,1751712611,769189935,,1.4720001220703125,1.3319364786148071,20,0.0,24.729999542236328,-0.008161023259162903
2025/07/05/17:50:11.849204,10666,1751712611,848887007,,1.2790000438690186,1.3296345472335815,21,0.0,24.729999542236328,-0.003550126450136304
2025/07/05/17:50:11.929786,10667,1751712611,929252414,,1.2790000438690186,1.3230302333831787,23,0.0,24.729999542236328,-0.003786659799516201
2025/07/05/17:50:12.033200,10668,1751712612,32198773,,1.284000039100647,1.3137401342391968,25,0.0,24.729999542236328,-0.005599570460617542
2025/07/05/17:50:12.129980,10669,1751712612,129352813,,1.284000039100647,1.3072178363800049,27,0.0,24.719999313354492,-0.004705465864390135
2025/07/05/17:50:12.232807,10670,1751712612,232169331,,1.28000009059906,1.298431396484375,30,0.0,24.719999313354492,-0.011844228953123093
2025/07/05/17:50:12.329994,10671,1751712612,329272354,,1.28000009059906,1.2827918529510498,32,0.0,24.729999542236328,-0.013184086419641972
2025/07/05/17:50:12.491575,10672,1751712612,490767224,,1.3450000286102295,1.277923583984375,35,0.0,24.729999542236328,-0.011195589788258076
2025/07/05/17:50:12.591942,10673,1751712612,591022235,,1.225000023841858,1.2830705642700195,36,0.0,24.729999542236328,-0.004997714422643185
2025/07/05/17:50:12.670082,10674,1751712612,669756844,,1.225000023841858,1.2750548124313354,38,0.0,24.729999542236328,-0.005463231820613146
2025/07/05/17:50:12.770242,10675,1751712612,769355282,,1.225000023841858,1.2798899412155151,40,0.0,24.729999542236328,-0.005064426921308041
2025/07/05/17:50:12.890911,10676,1751712612,890233958,,1.2380000352859497,1.2758324146270752,42,0.0,24.729999542236328,-0.003824577433988452
2025/07/05/17:50:12.990810,10677,1751712612,990195546,,1.2380000352859497,1.2766027450561523,44,0.0,24.739999771118164,-0.0053131310269236565
2025/07/05/17:50:13.090480,10678,1751712613,90080355,,1.3470001220703125,1.2759425640106201,46,0.0,24.739999771118164,-0.004616277292370796
2025/07/05/17:50:13.170935,10679,1751712613,169981254,,1.3470001220703125,1.2791547775268555,47,0.0,24.739999771118164,-0.0071451677940785885
2025/07/05/17:50:13.251481,10680,1751712613,249522509,,1.3000000715255737,1.2778599262237549,49,0.0,24.739999771118164,-0.007254026364535093
2025/07/05/17:50:13.393273,10681,1751712613,390321216,,1.3000000715255737,1.2803306579589844,51,0.0,24.739999771118164,-0.0031730683986097574
2025/07/05/17:50:13.569638,10682,1751712613,569081550,,1.0760000944137573,1.2709511518478394,55,0.0,24.75,0.0032228357158601284
2025/07/05/17:50:13.649844,10683,1751712613,649110989,,1.2420001029968262,1.2673219442367554,56,0.0,24.75,0.0011543126311153173
2025/07/05/17:50:13.749795,10684,1751712613,749162679,,1.2420001029968262,1.2653944492340088,58,0.0,24.760000228881836,0.0002614695986267179
2025/07/05/17:50:13.850014,10685,1751712613,849102706,,1.156000018119812,1.2630451917648315,60,0.0,24.760000228881836,4.515517503023148e-06
2025/07/05/17:50:13.970053,10686,1751712613,969419093,,1.156000018119812,1.255367636680603,62,0.0,24.76999855041504,0.005766953807324171
2025/07/05/17:50:14.049681,10687,1751712614,49257190,,1.2730000019073486,1.2532501220703125,63,0.0,24.76999855041504,0.010528109036386013
2025/07/05/17:50:14.150048,10688,1751712614,149374866,,1.2730000019073486,1.250773549079895,65,0.0,24.779998779296875,0.012254384346306324
2025/07/05/17:50:14.250280,10689,1751712614,250049653,,1.2230000495910645,1.249308705329895,67,0.0,24.779998779296875,0.00834320392459631
2025/07/05/17:50:14.349839,10690,1751712614,349358754,,1.2230000495910645,1.2486860752105713,69,0.0,24.779998779296875,0.008165042847394943
2025/07/05/17:50:14.569605,10691,1751712614,568978981,,1.125,1.246771216392517,72,0.0,24.799999237060547,0.018116923049092293
2025/07/05/17:50:14.649747,10692,1751712614,649041288,,1.3280000686645508,1.244731068611145,73,0.0,24.809999465942383,0.021435653790831566
2025/07/05/17:50:14.769841,10693,1751712614,769306264,,1.3280000686645508,1.2464954853057861,75,0.0,24.809999465942383,0.023302678018808365
2025/07/05/17:50:14.849876,10694,1751712614,849418147,,1.1019999980926514,1.2489171028137207,76,0.0,24.81999969482422,0.02394287846982479
2025/07/05/17:50:14.969397,10695,1751712614,969193219,,1.1019999980926514,1.248203992843628,78,0.0,24.81999969482422,0.022758344188332558
2025/07/05/17:50:15.049927,10696,1751712615,49094573,,1.2070000171661377,1.2467769384384155,78,0.0,24.829999923706055,0.03195900470018387
2025/07/05/17:50:15.169414,10697,1751712615,168978513,,1.2070000171661377,1.2482047080993652,77,0.0,24.84000015258789,0.06089036911725998
2025/07/05/17:50:15.250033,10698,1751712615,249119934,,1.2330000400543213,1.2515640258789062,76,0.0,24.84000015258789,0.05527658015489578
2025/07/05/17:50:15.329844,10699,1751712615,328986084,,1.2330000400543213,1.2540639638900757,74,0.0,24.850000381469727,0.041593603789806366
2025/07/05/17:50:15.491205,10700,1751712615,490487367,,1.1090000867843628,1.2681092023849487,70,0.0,24.850000381469727,0.027856454253196716
2025/07/05/17:50:15.610863,10701,1751712615,610058282,,1.1600000858306885,1.2455568313598633,69,0.0,24.850000381469727,0.05353522300720215
2025/07/05/17:50:15.690651,10702,1751712615,690001722,,1.1600000858306885,1.2444219589233398,70,0.0,24.85999870300293,0.06271505355834961
2025/07/05/17:50:15.770122,10703,1751712615,769432340,,1.1600000858306885,1.2447205781936646,71,0.0,24.85999870300293,0.04634488746523857
2025/07/05/17:50:15.892017,10704,1751712615,891346121,,1.3850001096725464,1.2453505992889404,73,0.0,24.85999870300293,0.014194962568581104
2025/07/05/17:50:15.991236,10705,1751712615,990938428,,1.3850001096725464,1.2549313306808472,76,0.0,24.85999870300293,0.01269727386534214
2025/07/05/17:50:16.090438,10706,1751712616,89964075,,1.2580000162124634,1.2528305053710938,78,0.0,24.85999870300293,0.021332748234272003
2025/07/05/17:50:16.170173,10707,1751712616,169276224,,1.2580000162124634,1.2518532276153564,80,0.0,24.85999870300293,0.03480051830410957
2025/07/05/17:50:16.249763,10708,1751712616,249196024,,1.2920000553131104,1.247005820274353,81,0.0,24.869998931884766,0.04285020753741264
2025/07/05/17:50:16.329873,10709,1751712616,329083220,,1.2920000553131104,1.242315649986267,83,0.0,24.869998931884766,0.04545322060585022
2025/07/05/17:50:16.491698,10710,1751712616,490963132,,1.2750000953674316,1.2329034805297852,86,0.0,24.869998931884766,0.04226592928171158
2025/07/05/17:50:16.591023,10711,1751712616,590517772,,1.2750000953674316,1.224634051322937,88,0.0,24.869998931884766,0.037074845284223557
2025/07/05/17:50:16.669458,10712,1751712616,669170002,,1.097000002861023,1.2172428369522095,90,0.0,24.869998931884766,0.03014061041176319
2025/07/05/17:50:16.749810,10713,1751712616,749021984,,1.097000002861023,1.2111819982528687,91,0.0,24.869998931884766,0.03356806933879852
2025/07/05/17:50:16.849730,10714,1751712616,849197201,,1.283000111579895,1.1932086944580078,92,0.0,24.869998931884766,0.042117271572351456
2025/07/05/17:50:16.973485,10715,1751712616,970360045,,1.283000111579895,1.1992532014846802,92,0.0,24.869998931884766,0.07097040861845016
2025/07/05/17:50:17.049851,10716,1751712617,49149777,,1.2630000114440918,1.19390869140625,91,0.0,24.869998931884766,0.06078207492828369
2025/07/05/17:50:17.150008,10717,1751712617,148999569,,1.2630000114440918,1.1971526145935059,89,0.0,24.869998931884766,0.05320676416158676
2025/07/05/17:50:17.249712,10718,1751712617,249095361,,1.471000075340271,1.2078121900558472,86,0.0,24.869998931884766,0.034193817526102066
2025/07/05/17:50:17.328996,10719,1751712617,328635616,,1.471000075340271,1.2195638418197632,84,0.0,24.869998931884766,0.02724166214466095
2025/07/05/17:50:17.509966,10720,1751712617,509674296,,1.2590000629425049,1.212294578552246,84,0.0,24.869998931884766,0.05752723291516304
2025/07/05/17:50:17.591707,10721,1751712617,590899297,,1.4130001068115234,1.2116812467575073,85,0.0,24.869998931884766,0.04886015132069588
2025/07/05/17:50:17.670300,10722,1751712617,669507566,,1.4130001068115234,1.2119488716125488,86,0.0,24.8799991607666,0.02991691417992115
2025/07/05/17:50:17.749885,10723,1751712617,749095465,,1.4130001068115234,1.2206021547317505,88,0.0,24.8799991607666,0.013347233645617962
2025/07/05/17:50:17.850235,10724,1751712617,849413171,,1.321000099182129,1.2201530933380127,91,0.0,24.869998931884766,0.0022042852360755205
2025/07/05/17:50:17.970195,10725,1751712617,969401206,,1.321000099182129,1.2231218814849854,94,0.0,24.869998931884766,0.017178768292069435
2025/07/05/17:50:18.049857,10726,1751712618,49169433,,1.3050000667572021,1.2167272567749023,96,0.0,24.869998931884766,0.023928457871079445
2025/07/05/17:50:18.191412,10727,1751712618,190863994,,1.4310001134872437,1.2145819664001465,99,0.0,24.869998931884766,0.03555069863796234
2025/07/05/17:50:18.249832,10728,1751712618,249252004,,1.4310001134872437,1.2177484035491943,100,0.0,24.869998931884766,0.03960844501852989
2025/07/05/17:50:18.349916,10729,1751712618,349221918,,1.4310001134872437,1.217241644859314,102,0.0,24.869998931884766,0.033943939954042435
2025/07/05/17:50:18.529645,10730,1751712618,529160874,,1.2100000381469727,1.2187254428863525,106,0.0,24.869998931884766,0.025511950254440308
2025/07/05/17:50:18.632849,10731,1751712618,631774206,,1.2950000762939453,1.2158005237579346,108,0.0,24.869998931884766,0.02604519948363304
2025/07/05/17:50:18.729872,10732,1751712618,729459460,,1.2950000762939453,1.2181816101074219,110,0.0,24.869998931884766,0.030725575983524323
2025/07/05/17:50:18.832616,10733,1751712618,832069937,,1.3550000190734863,1.213390827178955,112,0.0,24.869998931884766,0.027017539367079735
2025/07/05/17:50:18.930093,10734,1751712618,929551356,,1.3550000190734863,1.2132022380828857,114,0.0,24.869998931884766,0.030854104086756706
2025/07/05/17:50:19.032644,10735,1751712619,31917851,,1.2690000534057617,1.2216148376464844,116,0.0,24.869998931884766,0.032367780804634094
2025/07/05/17:50:19.129794,10736,1751712619,129136566,,1.2690000534057617,1.2247854471206665,118,0.0,24.869998931884766,0.0354151576757431
2025/07/05/17:50:19.232976,10737,1751712619,232521676,,1.3010001182556152,1.227860450744629,120,0.0,24.869998931884766,0.03103996254503727
2025/07/05/17:50:19.332764,10738,1751712619,331996309,,1.3010001182556152,1.2356592416763306,122,0.0,24.869998931884766,0.02518637850880623
2025/07/05/17:50:19.510490,10739,1751712619,509748150,,1.2670000791549683,1.2578389644622803,125,0.0,24.869998931884766,0.02160116285085678
2025/07/05/17:50:19.611163,10740,1751712619,610464636,,1.2420001029968262,1.267978310585022,127,0.0,24.869998931884766,0.025969479233026505
2025/07/05/17:50:19.712279,10741,1751712619,711250480,,1.2420001029968262,1.276619553565979,129,0.0,24.869998931884766,0.028131885454058647
2025/07/05/17:50:19.790835,10742,1751712619,790247696,,1.2420001029968262,1.2857235670089722,131,0.0,24.869998931884766,0.029162241145968437
2025/07/05/17:50:19.910416,10743,1751712619,909581122,,1.3060001134872437,1.299043893814087,133,0.0,24.869998931884766,0.03019675798714161
2025/07/05/17:50:20.011254,10744,1751712620,10484110,,1.2760000228881836,1.3057976961135864,135,0.0,24.8799991607666,0.02527153119444847
2025/07/05/17:50:20.089951,10745,1751712620,89646817,,1.2760000228881836,1.3145750761032104,137,0.0,24.8799991607666,0.026379253715276718
2025/07/05/17:50:20.169785,10746,1751712620,169048776,,1.2760000228881836,1.3153859376907349,138,0.0,24.8799991607666,0.023927325382828712
2025/07/05/17:50:20.249833,10747,1751712620,248843860,,1.340000033378601,1.320987582206726,140,0.0,24.8799991607666,0.02561577782034874
2025/07/05/17:50:20.349801,10748,1751712620,348964454,,1.340000033378601,1.2879352569580078,142,0.0,24.8799991607666,0.028613457456231117
2025/07/05/17:50:20.529865,10749,1751712620,529149429,,1.2700001001358032,1.1931216716766357,145,0.0,24.8799991607666,0.03775448724627495
2025/07/05/17:50:20.610766,10750,1751712620,610009595,,1.1360000371932983,1.1611247062683105,146,0.0,24.8799991607666,0.041295625269412994
2025/07/05/17:50:20.690510,10751,1751712620,689980022,,1.1360000371932983,1.1310951709747314,147,0.0,24.8799991607666,0.0458902083337307
2025/07/05/17:50:20.770236,10752,1751712620,769453757,,1.1360000371932983,1.1063244342803955,147,0.0,24.889999389648438,0.04632804915308952
2025/07/05/17:50:20.849618,10753,1751712620,848801710,,0.9580000638961792,1.0828627347946167,148,0.0,24.889999389648438,0.03929588943719864
2025/07/05/17:50:20.970067,10754,1751712620,969496184,,0.9580000638961792,1.0523226261138916,148,0.0,24.889999389648438,0.03145955875515938
2025/07/05/17:50:21.050027,10755,1751712621,49513903,,0.8750000596046448,1.034183144569397,148,0.0,24.889999389648438,0.029519813135266304
2025/07/05/17:50:21.169379,10756,1751712621,168887365,,0.8750000596046448,1.0071120262145996,148,0.0,24.889999389648438,0.029348213225603104
2025/07/05/17:50:21.249765,10757,1751712621,249040197,,0.8420000672340393,0.9894676208496094,148,0.0,24.889999389648438,0.029103830456733704
2025/07/05/17:50:21.350331,10758,1751712621,349478562,,0.8420000672340393,0.9665328860282898,148,0.0,24.899999618530273,0.027184776961803436
2025/07/05/17:50:21.529996,10759,1751712621,529487735,,0.8560000658035278,0.9280959367752075,148,0.0,24.90999984741211,0.022439230233430862
2025/07/05/17:50:21.632949,10760,1751712621,632530121,,0.7430000305175781,0.9089177846908569,148,0.0,24.90999984741211,0.020596960559487343
2025/07/05/17:50:21.729717,10761,1751712621,728874007,,0.7430000305175781,0.8862575888633728,148,0.0,24.90999984741211,0.023495091125369072
2025/07/05/17:50:21.832711,10762,1751712621,831878027,,0.9100000262260437,0.8642502427101135,148,0.0,24.90999984741211,0.027871981263160706
2025/07/05/17:50:21.930153,10763,1751712621,929519255,,0.9100000262260437,0.8424913883209229,148,0.0,24.90999984741211,0.029341839253902435
2025/07/05/17:50:22.032561,10764,1751712622,31921235,,0.8170000314712524,0.8228294849395752,148,0.0,24.90999984741211,0.025648290291428566
2025/07/05/17:50:22.129670,10765,1751712622,129294270,,0.8170000314712524,0.8055354952812195,148,0.0,24.90999984741211,0.01896492764353752
2025/07/05/17:50:22.233495,10766,1751712622,232271195,,0.625,0.7892440557479858,149,0.0,24.90999984741211,0.016330666840076447
2025/07/05/17:50:22.329535,10767,1751712622,329074814,,0.625,0.7688222527503967,149,0.0,24.899999618530273,0.019491853192448616
2025/07/05/17:50:22.510211,10768,1751712622,509519953,,0.8350000381469727,0.7380623817443848,149,0.0,24.899999618530273,0.022897467017173767
2025/07/05/17:50:22.590930,10769,1751712622,590398127,,0.8350000381469727,0.7274008393287659,149,0.0,24.889999389648438,0.018993724137544632
2025/07/05/17:50:22.670090,10770,1751712622,669474917,,0.6230000257492065,0.7175555229187012,149,0.0,24.889999389648438,0.014715146273374557
2025/07/05/17:50:22.750169,10771,1751712622,749574634,,0.6230000257492065,0.70771324634552,149,0.0,24.889999389648438,0.009460526518523693
2025/07/05/17:50:22.852833,10772,1751712622,848985658,,0.6110000014305115,0.6955327987670898,149,0.0,24.8799991607666,0.009122801013290882
2025/07/05/17:50:22.970184,10773,1751712622,969529555,,0.6110000014305115,0.6780234575271606,149,0.0,24.8799991607666,0.012529680505394936
2025/07/05/17:50:23.052270,10774,1751712623,49473846,,0.6690000295639038,0.666899561882019,149,0.0,24.869998931884766,0.014938822016119957
2025/07/05/17:50:23.149254,10775,1751712623,148650194,,0.6690000295639038,0.6547964215278625,149,0.0,24.869998931884766,0.01302472222596407
2025/07/05/17:50:23.249304,10776,1751712623,248603274,,0.6330000162124634,0.6454586386680603,149,0.0,24.869998931884766,0.007480306085199118
2025/07/05/17:50:23.349443,10777,1751712623,348850289,,0.6330000162124634,0.6377915740013123,149,0.0,24.869998931884766,0.003182225627824664
2025/07/05/17:50:23.550066,10778,1751712623,549475881,,0.6920000314712524,0.6195182204246521,149,0.0,24.869998931884766,0.0035359517205506563
2025/07/05/17:50:23.649314,10779,1751712623,648690298,,0.48600003123283386,0.6061958074569702,149,0.0,24.869998931884766,0.005916872527450323
2025/07/05/17:50:23.749761,10780,1751712623,748850282,,0.48600003123283386,0.5913267731666565,149,0.0,24.869998931884766,0.007836656644940376
2025/07/05/17:50:23.849488,10781,1751712623,848731334,,0.5390000343322754,0.5805373787879944,149,0.0,24.869998931884766,0.0052749402821063995
2025/07/05/17:50:23.990402,10782,1751712623,989699457,,0.5390000343322754,0.5649216175079346,149,0.0,24.8799991607666,0.0031140607316046953
2025/07/05/17:50:24.070092,10783,1751712624,69551282,,0.675000011920929,0.5580602288246155,149,0.0,24.8799991607666,0.005225046072155237
2025/07/05/17:50:24.170158,10784,1751712624,169337963,,0.675000011920929,0.5482105612754822,150,0.0,24.8799991607666,0.010881743393838406
2025/07/05/17:50:24.249640,10785,1751712624,248937740,,0.5440000295639038,0.5406268835067749,150,0.0,24.8799991607666,0.015591937117278576
2025/07/05/17:50:24.330043,10786,1751712624,329287948,,0.5440000295639038,0.5331445336341858,150,0.0,24.8799991607666,0.015824763104319572
2025/07/05/17:50:24.490556,10787,1751712624,490074698,,0.5750000476837158,0.5238000154495239,150,0.0,24.8799991607666,0.006769969593733549
2025/07/05/17:50:24.632877,10788,1751712624,632482375,,0.46700000762939453,0.5158702731132507,150,0.0,24.8799991607666,0.003564842278137803
2025/07/05/17:50:24.729350,10789,1751712624,728786337,,0.46700000762939453,0.5086218118667603,150,0.0,24.8799991607666,0.008589168079197407
2025/07/05/17:50:24.832384,10790,1751712624,831737345,,0.6130000352859497,0.5014711022377014,150,0.0,24.889999389648438,0.011045403778553009
2025/07/05/17:50:24.931123,10791,1751712624,930117870,,0.6130000352859497,0.4932379126548767,151,0.0,24.8799991607666,0.008598878048360348
2025/07/05/17:50:25.035572,10792,1751712625,32293893,,0.5450000166893005,0.48327115178108215,151,0.0,24.8799991607666,0.007145764771848917
2025/07/05/17:50:25.129380,10793,1751712625,128916904,,0.5450000166893005,0.4789908230304718,152,0.0,24.8799991607666,0.003814081661403179
2025/07/05/17:50:25.232361,10794,1751712625,231667804,,0.4050000309944153,0.4760574698448181,153,0.0,24.889999389648438,0.00700383773073554
2025/07/05/17:50:25.329473,10795,1751712625,329237570,,0.4050000309944153,0.4689265191555023,153,0.0,24.889999389648438,0.006876511499285698
2025/07/05/17:50:25.510027,10796,1751712625,509422772,,0.3850000202655792,0.44861021637916565,153,0.0,24.889999389648438,0.008261940442025661
2025/07/05/17:50:25.590930,10797,1751712625,590317034,,0.4650000333786011,0.4403406083583832,153,0.0,24.889999389648438,0.012110241688787937
