time,.header.seq,.header.stamp.secs,.header.stamp.nsecs,.header.frame_id,.status.status,.status.service,.latitude,.longitude,.altitude,.position_covariance,.position_covariance_type
2025/07/05/17:49:30.931205,9733,1751712570,940147008,base_link,0,1,-7.2871471,112.7959355,53.865025738541945,"(1.7503289999999998, 0.0, 0.0, 0.0, 1.7503289999999998, 0.0, 0.0, 0.0, 4.096576)",2
2025/07/05/17:49:31.031012,9734,1751712571,40147008,base_link,0,1,-7.2871473,112.7959355,53.86502523107312,"(1.7503289999999998, 0.0, 0.0, 0.0, 1.7503289999999998, 0.0, 0.0, 0.0, 4.096576)",2
2025/07/05/17:49:31.131252,9735,1751712571,140147008,base_link,0,1,-7.2871475,112.7959355,53.865024723604805,"(1.755625, 0.0, 0.0, 0.0, 1.755625, 0.0, 0.0, 0.0, 4.108729)",2
2025/07/05/17:49:31.233675,9736,1751712571,243147008,base_link,0,1,-7.2871477,112.7959355,53.86502421613697,"(1.755625, 0.0, 0.0, 0.0, 1.755625, 0.0, 0.0, 0.0, 4.108729)",2
2025/07/05/17:49:31.331665,9737,1751712571,340147008,base_link,0,1,-7.2871478,112.7959355,53.855023962403244,"(1.7635840000000003, 0.0, 0.0, 0.0, 1.7635840000000003, 0.0, 0.0, 0.0, 4.108729)",2
2025/07/05/17:49:31.492726,9738,1751712571,502147008,base_link,0,1,-7.2871481,112.7959355,53.85502320120276,"(1.7635840000000003, 0.0, 0.0, 0.0, 1.7635840000000003, 0.0, 0.0, 0.0, 4.108729)",2
2025/07/05/17:49:31.591634,9739,1751712571,601147008,base_link,0,1,-7.2871482,112.7959355,53.86502294746954,"(1.7635840000000003, 0.0, 0.0, 0.0, 1.7635840000000003, 0.0, 0.0, 0.0, 4.1046759999999995)",2
2025/07/05/17:49:31.671880,9740,1751712571,680147008,base_link,0,1,-7.2871484,112.7959355,53.865022440003415,"(1.7635840000000003, 0.0, 0.0, 0.0, 1.7635840000000003, 0.0, 0.0, 0.0, 4.100625)",2
2025/07/05/17:49:31.751767,9741,1751712571,760147008,base_link,0,1,-7.2871485,112.7959356,53.86502249845158,"(1.7635840000000003, 0.0, 0.0, 0.0, 1.7635840000000003, 0.0, 0.0, 0.0, 4.100625)",2
2025/07/05/17:49:31.850953,9742,1751712571,860147008,base_link,0,1,-7.2871487,112.7959357,53.86502230316701,"(1.755625, 0.0, 0.0, 0.0, 1.755625, 0.0, 0.0, 0.0, 4.088483999999999)",2
2025/07/05/17:49:31.971904,9743,1751712571,980147008,base_link,0,1,-7.2871489,112.7959358,53.86502210788275,"(1.755625, 0.0, 0.0, 0.0, 1.755625, 0.0, 0.0, 0.0, 4.088483999999999)",2
2025/07/05/17:49:32.051169,9744,1751712572,60147008,base_link,0,1,-7.287149,112.7959358,53.865021854150356,"(1.755625, 0.0, 0.0, 0.0, 1.755625, 0.0, 0.0, 0.0, 4.088483999999999)",2
2025/07/05/17:49:32.150908,9745,1751712572,160147008,base_link,0,1,-7.2871492,112.7959359,53.86502165886667,"(1.734489, 0.0, 0.0, 0.0, 1.734489, 0.0, 0.0, 0.0, 4.064256)",2
2025/07/05/17:49:32.251533,9746,1751712572,260147008,base_link,0,1,-7.2871494,112.795936,53.86502146358323,"(1.734489, 0.0, 0.0, 0.0, 1.734489, 0.0, 0.0, 0.0, 4.064256)",2
2025/07/05/17:49:32.350514,9747,1751712572,360147008,base_link,0,1,-7.2871497,112.7959361,53.86502101456851,"(1.7134809999999998, 0.0, 0.0, 0.0, 1.7134809999999998, 0.0, 0.0, 0.0, 4.0441210000000005)",2
2025/07/05/17:49:32.512859,9748,1751712572,521147008,base_link,0,1,-7.2871501,112.7959363,53.85502062400355,"(1.7056360000000002, 0.0, 0.0, 0.0, 1.7056360000000002, 0.0, 0.0, 0.0, 4.048144)",2
2025/07/05/17:49:32.633323,9749,1751712572,643147008,base_link,0,1,-7.2871503,112.7959363,53.85502011654146,"(1.7056360000000002, 0.0, 0.0, 0.0, 1.7056360000000002, 0.0, 0.0, 0.0, 4.048144)",2
2025/07/05/17:49:32.731144,9750,1751712572,740147008,base_link,0,1,-7.2871505,112.7959364,53.8550199212599,"(1.7004160000000001, 0.0, 0.0, 0.0, 1.7004160000000001, 0.0, 0.0, 0.0, 4.0441210000000005)",2
2025/07/05/17:49:32.834103,9751,1751712572,843147008,base_link,0,1,-7.2871508,112.7959365,53.855019472248166,"(1.7004160000000001, 0.0, 0.0, 0.0, 1.7004160000000001, 0.0, 0.0, 0.0, 4.0441210000000005)",2
2025/07/05/17:49:32.931569,9752,1751712572,940147008,base_link,0,1,-7.287151,112.7959367,53.8550195891472,"(1.6952040000000002, 0.0, 0.0, 0.0, 1.6952040000000002, 0.0, 0.0, 0.0, 4.040099999999999)",2
2025/07/05/17:49:33.033538,9753,1751712573,43147008,base_link,0,1,-7.2871512,112.7959368,53.855019393866634,"(1.6952040000000002, 0.0, 0.0, 0.0, 1.6952040000000002, 0.0, 0.0, 0.0, 4.040099999999999)",2
2025/07/05/17:49:33.131367,9754,1751712573,140147008,base_link,0,1,-7.2871514,112.795937,53.855019510765864,"(1.6952040000000002, 0.0, 0.0, 0.0, 1.6952040000000002, 0.0, 0.0, 0.0, 4.036080999999999)",2
2025/07/05/17:49:33.233611,9755,1751712573,243147008,base_link,0,1,-7.2871516,112.7959371,53.84501931548584,"(1.6952040000000002, 0.0, 0.0, 0.0, 1.6952040000000002, 0.0, 0.0, 0.0, 4.036080999999999)",2
2025/07/05/17:49:33.331064,9756,1751712573,340147008,base_link,0,1,-7.2871518,112.7959373,53.84501943238541,"(1.697809, 0.0, 0.0, 0.0, 1.697809, 0.0, 0.0, 0.0, 4.032064)",2
2025/07/05/17:49:33.492682,9757,1751712573,501147008,base_link,0,1,-7.2871521,112.7959375,53.855019295555714,"(1.697809, 0.0, 0.0, 0.0, 1.697809, 0.0, 0.0, 0.0, 4.032064)",2
2025/07/05/17:49:33.592737,9758,1751712573,602147008,base_link,0,1,-7.2871524,112.7959376,53.855018846547644,"(1.7004160000000001, 0.0, 0.0, 0.0, 1.7004160000000001, 0.0, 0.0, 0.0, 4.028049)",2
2025/07/05/17:49:33.671475,9759,1751712573,680147008,base_link,0,1,-7.2871526,112.7959378,53.85501896344787,"(1.7030249999999998, 0.0, 0.0, 0.0, 1.7030249999999998, 0.0, 0.0, 0.0, 4.028049)",2
2025/07/05/17:49:33.771800,9760,1751712573,780147008,base_link,0,1,-7.2871529,112.795938,53.8650188266197,"(1.7030249999999998, 0.0, 0.0, 0.0, 1.7030249999999998, 0.0, 0.0, 0.0, 4.028049)",2
2025/07/05/17:49:33.851283,9761,1751712573,860147008,base_link,0,1,-7.2871532,112.7959382,53.86501868979194,"(1.7030249999999998, 0.0, 0.0, 0.0, 1.7030249999999998, 0.0, 0.0, 0.0, 4.028049)",2
2025/07/05/17:49:33.950983,9762,1751712573,960147008,base_link,0,1,-7.2871536,112.7959384,53.865018299237036,"(1.708249, 0.0, 0.0, 0.0, 1.708249, 0.0, 0.0, 0.0, 4.032064)",2
2025/07/05/17:49:34.050794,9763,1751712574,60147008,base_link,0,1,-7.287154,112.7959387,53.86501822086139,"(1.708249, 0.0, 0.0, 0.0, 1.708249, 0.0, 0.0, 0.0, 4.032064)",2
2025/07/05/17:49:34.151113,9764,1751712574,160147008,base_link,0,1,-7.2871544,112.795939,53.86501814248656,"(1.7056360000000002, 0.0, 0.0, 0.0, 1.7056360000000002, 0.0, 0.0, 0.0, 4.032064)",2
2025/07/05/17:49:34.251109,9765,1751712574,260147008,base_link,0,1,-7.2871548,112.7959392,53.86501775193487,"(1.7056360000000002, 0.0, 0.0, 0.0, 1.7056360000000002, 0.0, 0.0, 0.0, 4.032064)",2
2025/07/05/17:49:34.351688,9766,1751712574,360147008,base_link,0,1,-7.2871553,112.7959395,53.86501741983564,"(1.6900000000000002, 0.0, 0.0, 0.0, 1.6900000000000002, 0.0, 0.0, 0.0, 3.968064)",2
2025/07/05/17:49:34.551792,9767,1751712574,560147008,base_link,0,1,-7.2871562,112.7959403,53.86501763372085,"(1.6900000000000002, 0.0, 0.0, 0.0, 1.6900000000000002, 0.0, 0.0, 0.0, 3.968064)",2
2025/07/05/17:49:34.651011,9768,1751712574,660147008,base_link,0,1,-7.2871567,112.7959407,53.86501761380198,"(1.6770249999999998, 0.0, 0.0, 0.0, 1.6770249999999998, 0.0, 0.0, 0.0, 3.9204)",2
2025/07/05/17:49:34.751033,9769,1751712574,760147008,base_link,0,1,-7.2871571,112.7959411,53.8650178476086,"(1.6641000000000001, 0.0, 0.0, 0.0, 1.6641000000000001, 0.0, 0.0, 0.0, 3.873024)",2
2025/07/05/17:49:34.851237,9770,1751712574,860147008,base_link,0,1,-7.2871576,112.7959415,53.87501782769135,"(1.6641000000000001, 0.0, 0.0, 0.0, 1.6641000000000001, 0.0, 0.0, 0.0, 3.873024)",2
2025/07/05/17:49:34.971761,9771,1751712574,980147008,base_link,0,1,-7.2871582,112.795942,53.87501786622727,"(1.640961, 0.0, 0.0, 0.0, 1.640961, 0.0, 0.0, 0.0, 3.825936)",2
2025/07/05/17:49:35.051035,9772,1751712575,60147008,base_link,0,1,-7.2871586,112.7959424,53.875018100035476,"(1.640961, 0.0, 0.0, 0.0, 1.640961, 0.0, 0.0, 0.0, 3.825936)",2
2025/07/05/17:49:35.151074,9773,1751712575,160147008,base_link,0,1,-7.287159,112.7959428,53.87501833384388,"(1.6256249999999999, 0.0, 0.0, 0.0, 1.6256249999999999, 0.0, 0.0, 0.0, 3.779136)",2
2025/07/05/17:49:35.251243,9774,1751712575,260147008,base_link,0,1,-7.2871594,112.7959434,53.88501919200198,"(1.6256249999999999, 0.0, 0.0, 0.0, 1.6256249999999999, 0.0, 0.0, 0.0, 3.779136)",2
2025/07/05/17:49:35.330754,9775,1751712575,340147008,base_link,0,1,-7.2871597,112.7959438,53.89501967953275,"(1.6103609999999997, 0.0, 0.0, 0.0, 1.6103609999999997, 0.0, 0.0, 0.0, 3.7249)",2
2025/07/05/17:49:35.471630,9776,1751712575,480147008,base_link,0,1,-7.2871603,112.7959447,53.90502096676749,"(1.6103609999999997, 0.0, 0.0, 0.0, 1.6103609999999997, 0.0, 0.0, 0.0, 3.7249)",2
2025/07/05/17:49:35.592071,9777,1751712575,601147008,base_link,0,1,-7.2871608,112.7959455,53.91502219554826,"(1.5901209999999997, 0.0, 0.0, 0.0, 1.5901209999999997, 0.0, 0.0, 0.0, 3.6979290000000002)",2
2025/07/05/17:49:35.671541,9778,1751712575,681147008,base_link,0,1,-7.287161,112.795946,53.91502324897212,"(1.572516, 0.0, 0.0, 0.0, 1.572516, 0.0, 0.0, 0.0, 3.6940839999999997)",2
2025/07/05/17:49:35.751177,9779,1751712575,760147008,base_link,0,1,-7.2871613,112.7959466,53.92502436084659,"(1.572516, 0.0, 0.0, 0.0, 1.572516, 0.0, 0.0, 0.0, 3.6940839999999997)",2
2025/07/05/17:49:35.850693,9780,1751712575,860147008,base_link,0,1,-7.2871617,112.7959473,53.92502553117113,"(1.572516, 0.0, 0.0, 0.0, 1.572516, 0.0, 0.0, 0.0, 3.6940839999999997)",2
2025/07/05/17:49:35.971996,9781,1751712575,980147008,base_link,0,1,-7.2871623,112.795948,53.93502619405222,"(1.552516, 0.0, 0.0, 0.0, 1.552516, 0.0, 0.0, 0.0, 3.6710559999999997)",2
2025/07/05/17:49:36.050900,9782,1751712576,60147008,base_link,0,1,-7.2871628,112.7959485,53.94502648630973,"(1.552516, 0.0, 0.0, 0.0, 1.552516, 0.0, 0.0, 0.0, 3.6710559999999997)",2
2025/07/05/17:49:36.130953,9783,1751712576,140147008,base_link,0,1,-7.2871632,112.7959489,53.94502672011609,"(1.5351210000000002, 0.0, 0.0, 0.0, 1.5351210000000002, 0.0, 0.0, 0.0, 3.6442810000000003)",2
2025/07/05/17:49:36.231356,9784,1751712576,240147008,base_link,0,1,-7.2871638,112.7959494,53.94502675865476,"(1.5351210000000002, 0.0, 0.0, 0.0, 1.5351210000000002, 0.0, 0.0, 0.0, 3.6442810000000003)",2
2025/07/05/17:49:36.331114,9785,1751712576,340147008,base_link,0,1,-7.2871644,112.79595,53.94502710936575,"(1.5252250000000003, 0.0, 0.0, 0.0, 1.5252250000000003, 0.0, 0.0, 0.0, 3.6252159999999995)",2
2025/07/05/17:49:36.492791,9786,1751712576,501147008,base_link,0,1,-7.2871653,112.7959508,53.95502732326305,"(1.5252250000000003, 0.0, 0.0, 0.0, 1.5252250000000003, 0.0, 0.0, 0.0, 3.6252159999999995)",2
2025/07/05/17:49:36.633667,9787,1751712576,643147008,base_link,0,1,-7.2871661,112.7959516,53.965027790880434,"(1.517824, 0.0, 0.0, 0.0, 1.517824, 0.0, 0.0, 0.0, 3.5872359999999994)",2
2025/07/05/17:49:36.711540,9788,1751712576,721147008,base_link,0,1,-7.2871666,112.795952,53.97502777097236,"(1.5153610000000002, 0.0, 0.0, 0.0, 1.5153610000000002, 0.0, 0.0, 0.0, 3.5645439999999997)",2
2025/07/05/17:49:36.812241,9789,1751712576,821147008,base_link,0,1,-7.2871672,112.7959526,53.98502812168702,"(1.5153610000000002, 0.0, 0.0, 0.0, 1.5153610000000002, 0.0, 0.0, 0.0, 3.5645439999999997)",2
2025/07/05/17:49:36.892811,9790,1751712576,901147008,base_link,0,1,-7.2871677,112.7959532,53.98502872611853,"(1.507984, 0.0, 0.0, 0.0, 1.507984, 0.0, 0.0, 0.0, 3.5268839999999995)",2
2025/07/05/17:49:37.012149,9791,1751712577,21147008,base_link,0,1,-7.2871683,112.795954,53.99502970117054,"(1.507984, 0.0, 0.0, 0.0, 1.507984, 0.0, 0.0, 0.0, 3.5268839999999995)",2
2025/07/05/17:49:37.111808,9792,1751712577,121147008,base_link,0,1,-7.2871689,112.7959548,53.99503067622156,"(1.4884, 0.0, 0.0, 0.0, 1.4884, 0.0, 0.0, 0.0, 3.485689)",2
2025/07/05/17:49:37.212059,9793,1751712577,221147008,base_link,0,1,-7.2871694,112.7959555,54.00503159281905,"(1.4884, 0.0, 0.0, 0.0, 1.4884, 0.0, 0.0, 0.0, 3.485689)",2
2025/07/05/17:49:37.292144,9794,1751712577,301147008,base_link,0,1,-7.2871698,112.7959561,54.015032450963176,"(1.478656, 0.0, 0.0, 0.0, 1.478656, 0.0, 0.0, 0.0, 3.4558809999999998)",2
2025/07/05/17:49:37.392705,9795,1751712577,402147008,base_link,0,1,-7.2871703,112.7959568,54.0150333675587,"(1.478656, 0.0, 0.0, 0.0, 1.478656, 0.0, 0.0, 0.0, 3.4558809999999998)",2
2025/07/05/17:49:37.550870,9796,1751712577,560147008,base_link,0,1,-7.287171,112.7959579,54.035035025390215,"(1.468944, 0.0, 0.0, 0.0, 1.468944, 0.0, 0.0, 0.0, 3.4188009999999998)",2
2025/07/05/17:49:37.631055,9797,1751712577,640147008,base_link,0,1,-7.2871713,112.7959584,54.035035825078666,"(1.468944, 0.0, 0.0, 0.0, 1.468944, 0.0, 0.0, 0.0, 3.4188009999999998)",2
2025/07/05/17:49:37.730888,9798,1751712577,740147008,base_link,0,1,-7.2871716,112.7959592,54.04503756126335,"(1.4544359999999998, 0.0, 0.0, 0.0, 1.4544359999999998, 0.0, 0.0, 0.0, 3.370896)",2
2025/07/05/17:49:37.830921,9799,1751712577,840147008,base_link,0,1,-7.2871719,112.7959599,54.04503898528015,"(1.4544359999999998, 0.0, 0.0, 0.0, 1.4544359999999998, 0.0, 0.0, 0.0, 3.370896)",2
2025/07/05/17:49:37.951740,9800,1751712577,960147008,base_link,0,1,-7.2871722,112.7959608,54.045041033625075,"(1.4376010000000001, 0.0, 0.0, 0.0, 1.4376010000000001, 0.0, 0.0, 0.0, 3.330625)",2
2025/07/05/17:49:38.034025,9801,1751712578,43147008,base_link,0,1,-7.2871724,112.7959615,54.04504271135125,"(1.4376010000000001, 0.0, 0.0, 0.0, 1.4376010000000001, 0.0, 0.0, 0.0, 3.330625)",2
2025/07/05/17:49:38.131010,9802,1751712578,140147008,base_link,0,1,-7.2871726,112.7959622,54.04504438907541,"(1.4089690000000001, 0.0, 0.0, 0.0, 1.4089690000000001, 0.0, 0.0, 0.0, 3.2869689999999996)",2
2025/07/05/17:49:38.230877,9803,1751712578,240147008,base_link,0,1,-7.2871728,112.7959629,54.03504606679772,"(1.4089690000000001, 0.0, 0.0, 0.0, 1.4089690000000001, 0.0, 0.0, 0.0, 3.2869689999999996)",2
2025/07/05/17:49:38.330844,9804,1751712578,340147008,base_link,0,1,-7.2871731,112.7959636,54.025047490804255,"(1.3947610000000001, 0.0, 0.0, 0.0, 1.3947610000000001, 0.0, 0.0, 0.0, 3.250809)",2
2025/07/05/17:49:38.511718,9805,1751712578,521147008,base_link,0,1,-7.2871735,112.7959649,54.0150505340758,"(1.3947610000000001, 0.0, 0.0, 0.0, 1.3947610000000001, 0.0, 0.0, 0.0, 3.250809)",2
2025/07/05/17:49:38.614691,9806,1751712578,624147008,base_link,0,1,-7.2871738,112.7959657,54.01505227023985,"(1.387684, 0.0, 0.0, 0.0, 1.387684, 0.0, 0.0, 0.0, 3.218436)",2
2025/07/05/17:49:38.692057,9807,1751712578,701147008,base_link,0,1,-7.2871741,112.7959662,54.01505306991338,"(1.3759290000000002, 0.0, 0.0, 0.0, 1.3759290000000002, 0.0, 0.0, 0.0, 3.182656)",2
2025/07/05/17:49:38.792653,9808,1751712578,802147008,base_link,0,1,-7.2871744,112.795967,54.005054806073474,"(1.3759290000000002, 0.0, 0.0, 0.0, 1.3759290000000002, 0.0, 0.0, 0.0, 3.182656)",2
2025/07/05/17:49:38.871651,9809,1751712578,880147008,base_link,0,1,-7.2871747,112.7959676,54.00505591790687,"(1.3712410000000002, 0.0, 0.0, 0.0, 1.3712410000000002, 0.0, 0.0, 0.0, 3.147076)",2
2025/07/05/17:49:38.992899,9810,1751712579,2147008,base_link,0,1,-7.2871753,112.7959684,53.99505689292347,"(1.3712410000000002, 0.0, 0.0, 0.0, 1.3712410000000002, 0.0, 0.0, 0.0, 3.147076)",2
2025/07/05/17:49:39.071802,9811,1751712579,80147008,base_link,0,1,-7.2871757,112.7959689,53.995057438880124,"(1.3665610000000001, 0.0, 0.0, 0.0, 1.3665610000000001, 0.0, 0.0, 0.0, 3.1152249999999997)",2
2025/07/05/17:49:39.171713,9812,1751712579,180147008,base_link,0,1,-7.2871763,112.7959695,53.99505778957318,"(1.3665610000000001, 0.0, 0.0, 0.0, 1.3665610000000001, 0.0, 0.0, 0.0, 3.1152249999999997)",2
2025/07/05/17:49:39.272203,9813,1751712579,280147008,base_link,0,1,-7.2871767,112.79597,53.99505833552958,"(1.3665610000000001, 0.0, 0.0, 0.0, 1.3665610000000001, 0.0, 0.0, 0.0, 3.1152249999999997)",2
2025/07/05/17:49:39.371585,9814,1751712579,380147008,base_link,0,1,-7.2871772,112.7959706,53.995058939934594,"(1.3595559999999998, 0.0, 0.0, 0.0, 1.3595559999999998, 0.0, 0.0, 0.0, 3.076516)",2
2025/07/05/17:49:39.531094,9815,1751712579,540147008,base_link,0,1,-7.287178,112.7959717,53.99506034400572,"(1.3572250000000001, 0.0, 0.0, 0.0, 1.3572250000000001, 0.0, 0.0, 0.0, 3.055504)",2
2025/07/05/17:49:39.633686,9816,1751712579,643147008,base_link,0,1,-7.2871785,112.7959724,53.9950612605689,"(1.3572250000000001, 0.0, 0.0, 0.0, 1.3572250000000001, 0.0, 0.0, 0.0, 3.055504)",2
2025/07/05/17:49:39.730819,9817,1751712579,740147008,base_link,0,1,-7.287179,112.7959732,53.99506248929005,"(1.3595559999999998, 0.0, 0.0, 0.0, 1.3595559999999998, 0.0, 0.0, 0.0, 3.048516)",2
2025/07/05/17:49:39.833520,9818,1751712579,843147008,base_link,0,1,-7.2871795,112.7959739,53.995063405850786,"(1.3595559999999998, 0.0, 0.0, 0.0, 1.3595559999999998, 0.0, 0.0, 0.0, 3.048516)",2
2025/07/05/17:49:39.930892,9819,1751712579,940147008,base_link,0,1,-7.2871799,112.7959747,54.005064888278326,"(1.3618890000000001, 0.0, 0.0, 0.0, 1.3618890000000001, 0.0, 0.0, 0.0, 3.041536)",2
2025/07/05/17:49:40.033827,9820,1751712580,43147008,base_link,0,1,-7.2871802,112.7959756,54.0050669365709,"(1.3618890000000001, 0.0, 0.0, 0.0, 1.3618890000000001, 0.0, 0.0, 0.0, 3.041536)",2
2025/07/05/17:49:40.130599,9821,1751712580,140147008,base_link,0,1,-7.2871805,112.7959764,54.00506867270286,"(1.3688999999999998, 0.0, 0.0, 0.0, 1.3688999999999998, 0.0, 0.0, 0.0, 3.0450250000000003)",2
2025/07/05/17:49:40.233679,9822,1751712580,243147008,base_link,0,1,-7.2871808,112.7959772,54.015070408832244,"(1.3688999999999998, 0.0, 0.0, 0.0, 1.3688999999999998, 0.0, 0.0, 0.0, 3.0450250000000003)",2
2025/07/05/17:49:40.330700,9823,1751712580,340147008,base_link,0,1,-7.2871812,112.795978,54.015071891249775,"(1.373584, 0.0, 0.0, 0.0, 1.373584, 0.0, 0.0, 0.0, 3.048516)",2
2025/07/05/17:49:40.511655,9824,1751712580,521147008,base_link,0,1,-7.2871819,112.7959794,54.01507448547487,"(1.373584, 0.0, 0.0, 0.0, 1.373584, 0.0, 0.0, 0.0, 3.048516)",2
2025/07/05/17:49:40.591900,9825,1751712580,601147008,base_link,0,1,-7.2871822,112.79598,54.015075597283484,"(1.3782759999999998, 0.0, 0.0, 0.0, 1.3782759999999998, 0.0, 0.0, 0.0, 3.0450250000000003)",2
2025/07/05/17:49:40.671863,9826,1751712580,681147008,base_link,0,1,-7.2871825,112.7959806,54.01507670909076,"(1.387684, 0.0, 0.0, 0.0, 1.387684, 0.0, 0.0, 0.0, 3.048516)",2
2025/07/05/17:49:40.771865,9827,1751712580,781147008,base_link,0,1,-7.2871829,112.7959814,54.025078191498565,"(1.387684, 0.0, 0.0, 0.0, 1.387684, 0.0, 0.0, 0.0, 3.048516)",2
2025/07/05/17:49:40.871892,9828,1751712580,880147008,base_link,0,1,-7.2871833,112.7959823,54.025079986058884,"(1.387684, 0.0, 0.0, 0.0, 1.387684, 0.0, 0.0, 0.0, 3.048516)",2
2025/07/05/17:49:41.012459,9829,1751712581,21147008,base_link,0,1,-7.2871838,112.7959834,54.02508215121627,"(1.3947610000000001, 0.0, 0.0, 0.0, 1.3947610000000001, 0.0, 0.0, 0.0, 3.055504)",2
2025/07/05/17:49:41.092149,9830,1751712581,101147008,base_link,0,1,-7.2871841,112.795984,54.035083263016276,"(1.4018559999999998, 0.0, 0.0, 0.0, 1.4018559999999998, 0.0, 0.0, 0.0, 3.0660009999999995)",2
2025/07/05/17:49:41.171598,9831,1751712581,180147008,base_link,0,1,-7.2871843,112.7959847,54.03508494067668,"(1.4018559999999998, 0.0, 0.0, 0.0, 1.4018559999999998, 0.0, 0.0, 0.0, 3.0660009999999995)",2
2025/07/05/17:49:41.251222,9832,1751712581,260147008,base_link,0,1,-7.2871845,112.7959853,54.04508630618174,"(1.4018559999999998, 0.0, 0.0, 0.0, 1.4018559999999998, 0.0, 0.0, 0.0, 3.0660009999999995)",2
2025/07/05/17:49:41.330672,9833,1751712581,340147008,base_link,0,1,-7.2871847,112.795986,54.04508798383859,"(1.406596, 0.0, 0.0, 0.0, 1.406596, 0.0, 0.0, 0.0, 3.0660009999999995)",2
2025/07/05/17:49:41.470873,9834,1751712581,480147008,base_link,0,1,-7.2871851,112.7959872,54.04509071484106,"(1.406596, 0.0, 0.0, 0.0, 1.406596, 0.0, 0.0, 0.0, 3.0660009999999995)",2
2025/07/05/17:49:41.591856,9835,1751712581,601147008,base_link,0,1,-7.2871854,112.7959882,54.03509307524149,"(1.406596, 0.0, 0.0, 0.0, 1.406596, 0.0, 0.0, 0.0, 3.069504)",2
2025/07/05/17:49:41.671342,9836,1751712581,681147008,base_link,0,1,-7.2871855,112.7959889,54.03509500659857,"(1.4089690000000001, 0.0, 0.0, 0.0, 1.4089690000000001, 0.0, 0.0, 0.0, 3.0730089999999994)",2
2025/07/05/17:49:41.772559,9837,1751712581,780147008,base_link,0,1,-7.2871857,112.7959898,54.035097308548984,"(1.4089690000000001, 0.0, 0.0, 0.0, 1.4089690000000001, 0.0, 0.0, 0.0, 3.0730089999999994)",2
2025/07/05/17:49:41.871265,9838,1751712581,881147008,base_link,0,1,-7.2871857,112.7959907,54.03510011791366,"(1.4089690000000001, 0.0, 0.0, 0.0, 1.4089690000000001, 0.0, 0.0, 0.0, 3.0730089999999994)",2
2025/07/05/17:49:41.992583,9839,1751712582,1147008,base_link,0,1,-7.2871856,112.7959918,54.035103805287804,"(1.411344, 0.0, 0.0, 0.0, 1.411344, 0.0, 0.0, 0.0, 3.0730089999999994)",2
2025/07/05/17:49:42.092024,9840,1751712582,101147008,base_link,0,1,-7.2871856,112.7959927,54.02510661464795,"(1.4161, 0.0, 0.0, 0.0, 1.4161, 0.0, 0.0, 0.0, 3.0730089999999994)",2
2025/07/05/17:49:42.173583,9841,1751712582,180147008,base_link,0,1,-7.2871855,112.7959935,54.025109365565086,"(1.4161, 0.0, 0.0, 0.0, 1.4161, 0.0, 0.0, 0.0, 3.0730089999999994)",2
2025/07/05/17:49:42.251540,9842,1751712582,260147008,base_link,0,1,-7.2871854,112.7959942,54.0151118043306,"(1.4161, 0.0, 0.0, 0.0, 1.4161, 0.0, 0.0, 0.0, 3.0730089999999994)",2
2025/07/05/17:49:42.350781,9843,1751712582,360147008,base_link,0,1,-7.2871854,112.795995,54.01511430153509,"(1.420864, 0.0, 0.0, 0.0, 1.420864, 0.0, 0.0, 0.0, 3.0800249999999996)",2
2025/07/05/17:49:42.531019,9844,1751712582,540147008,base_link,0,1,-7.2871855,112.7959966,54.00511904222728,"(1.420864, 0.0, 0.0, 0.0, 1.420864, 0.0, 0.0, 0.0, 3.0800249999999996)",2
2025/07/05/17:49:42.650418,9845,1751712582,660147008,base_link,0,1,-7.2871856,112.7959976,53.99512191001391,"(1.425636, 0.0, 0.0, 0.0, 1.425636, 0.0, 0.0, 0.0, 3.069504)",2
2025/07/05/17:49:42.750298,9846,1751712582,760147008,base_link,0,1,-7.2871856,112.7959984,53.99512440721024,"(1.428025, 0.0, 0.0, 0.0, 1.428025, 0.0, 0.0, 0.0, 3.0625)",2
2025/07/05/17:49:42.850644,9847,1751712582,860147008,base_link,0,1,-7.2871857,112.7959992,53.99512665069274,"(1.428025, 0.0, 0.0, 0.0, 1.428025, 0.0, 0.0, 0.0, 3.0625)",2
2025/07/05/17:49:42.970877,9848,1751712582,980147008,base_link,0,1,-7.2871857,112.7960001,53.9851294600342,"(1.4328090000000002, 0.0, 0.0, 0.0, 1.4328090000000002, 0.0, 0.0, 0.0, 3.069504)",2
2025/07/05/17:49:43.070639,9849,1751712583,80147008,base_link,0,1,-7.2871856,112.796001,53.98513252308639,"(1.430416, 0.0, 0.0, 0.0, 1.430416, 0.0, 0.0, 0.0, 3.0590010000000003)",2
2025/07/05/17:49:43.172010,9850,1751712583,180147008,base_link,0,1,-7.2871854,112.7960018,53.97513552770198,"(1.430416, 0.0, 0.0, 0.0, 1.430416, 0.0, 0.0, 0.0, 3.0590010000000003)",2
2025/07/05/17:49:43.272976,9851,1751712583,280147008,base_link,0,1,-7.2871853,112.7960027,53.965138590751984,"(1.430416, 0.0, 0.0, 0.0, 1.430416, 0.0, 0.0, 0.0, 3.0590010000000003)",2
2025/07/05/17:49:43.350697,9852,1751712583,360147008,base_link,0,1,-7.2871852,112.7960033,53.955140717355974,"(1.430416, 0.0, 0.0, 0.0, 1.430416, 0.0, 0.0, 0.0, 3.0520090000000004)",2
2025/07/05/17:49:43.550404,9853,1751712583,560147008,base_link,0,1,-7.2871851,112.7960051,53.94514658973512,"(1.430416, 0.0, 0.0, 0.0, 1.430416, 0.0, 0.0, 0.0, 3.0520090000000004)",2
2025/07/05/17:49:43.650292,9854,1751712583,660147008,base_link,0,1,-7.2871851,112.7960059,53.93514908691659,"(1.4328090000000002, 0.0, 0.0, 0.0, 1.4328090000000002, 0.0, 0.0, 0.0, 3.048516)",2
2025/07/05/17:49:43.750293,9855,1751712583,760147008,base_link,0,1,-7.2871852,112.7960068,53.93515164252798,"(1.435204, 0.0, 0.0, 0.0, 1.435204, 0.0, 0.0, 0.0, 3.0450250000000003)",2
2025/07/05/17:49:43.850463,9856,1751712583,860147008,base_link,0,1,-7.2871852,112.7960076,53.92515413970541,"(1.435204, 0.0, 0.0, 0.0, 1.435204, 0.0, 0.0, 0.0, 3.0450250000000003)",2
2025/07/05/17:49:43.971113,9857,1751712583,980147008,base_link,0,1,-7.2871853,112.7960086,53.91515700745842,"(1.435204, 0.0, 0.0, 0.0, 1.435204, 0.0, 0.0, 0.0, 3.0520090000000004)",2
2025/07/05/17:49:44.051417,9858,1751712584,60147008,base_link,0,1,-7.2871854,112.7960093,53.91515893876863,"(1.435204, 0.0, 0.0, 0.0, 1.435204, 0.0, 0.0, 0.0, 3.0625)",2
2025/07/05/17:49:44.150517,9859,1751712584,160147008,base_link,0,1,-7.2871855,112.7960102,53.915161494369585,"(1.435204, 0.0, 0.0, 0.0, 1.435204, 0.0, 0.0, 0.0, 3.0625)",2
2025/07/05/17:49:44.250228,9860,1751712584,260147008,base_link,0,1,-7.2871856,112.7960111,53.905164049967816,"(1.435204, 0.0, 0.0, 0.0, 1.435204, 0.0, 0.0, 0.0, 3.0625)",2
2025/07/05/17:49:44.330697,9861,1751712584,340147008,base_link,0,1,-7.2871856,112.7960119,53.90516654713459,"(1.435204, 0.0, 0.0, 0.0, 1.435204, 0.0, 0.0, 0.0, 3.0660009999999995)",2
2025/07/05/17:49:44.470639,9862,1751712584,480147008,base_link,0,1,-7.2871855,112.7960132,53.90517085874463,"(1.435204, 0.0, 0.0, 0.0, 1.435204, 0.0, 0.0, 0.0, 3.0660009999999995)",2
2025/07/05/17:49:44.591551,9863,1751712584,601147008,base_link,0,1,-7.2871855,112.7960143,53.89517429234256,"(1.4328090000000002, 0.0, 0.0, 0.0, 1.4328090000000002, 0.0, 0.0, 0.0, 3.0590010000000003)",2
2025/07/05/17:49:44.670854,9864,1751712584,680147008,base_link,0,1,-7.2871855,112.796015,53.895176477357765,"(1.428025, 0.0, 0.0, 0.0, 1.428025, 0.0, 0.0, 0.0, 3.0520090000000004)",2
2025/07/05/17:49:44.770837,9865,1751712584,780147008,base_link,0,1,-7.2871854,112.7960159,53.895179540379914,"(1.428025, 0.0, 0.0, 0.0, 1.428025, 0.0, 0.0, 0.0, 3.0520090000000004)",2
2025/07/05/17:49:44.852161,9866,1751712584,860147008,base_link,0,1,-7.2871855,112.7960166,53.88518147167312,"(1.428025, 0.0, 0.0, 0.0, 1.428025, 0.0, 0.0, 0.0, 3.0520090000000004)",2
2025/07/05/17:49:44.971310,9867,1751712584,980147008,base_link,0,1,-7.2871856,112.7960177,53.88518465154138,"(1.430416, 0.0, 0.0, 0.0, 1.430416, 0.0, 0.0, 0.0, 3.0660009999999995)",2
2025/07/05/17:49:45.051714,9868,1751712585,60147008,base_link,0,1,-7.2871857,112.7960184,53.885186582830215,"(1.430416, 0.0, 0.0, 0.0, 1.430416, 0.0, 0.0, 0.0, 3.0660009999999995)",2
2025/07/05/17:49:45.150516,9869,1751712585,160147008,base_link,0,1,-7.2871859,112.7960193,53.885188884684794,"(1.430416, 0.0, 0.0, 0.0, 1.430416, 0.0, 0.0, 0.0, 3.069504)",2
2025/07/05/17:49:45.250204,9870,1751712585,260147008,base_link,0,1,-7.287186,112.7960203,53.88519175239941,"(1.430416, 0.0, 0.0, 0.0, 1.430416, 0.0, 0.0, 0.0, 3.069504)",2
2025/07/05/17:49:45.350575,9871,1751712585,360147008,base_link,0,1,-7.2871862,112.7960213,53.88519436639058,"(1.430416, 0.0, 0.0, 0.0, 1.430416, 0.0, 0.0, 0.0, 3.076516)",2
2025/07/05/17:49:45.530979,9872,1751712585,540147008,base_link,0,1,-7.2871862,112.796023,53.88519967281647,"(1.430416, 0.0, 0.0, 0.0, 1.430416, 0.0, 0.0, 0.0, 3.076516)",2
2025/07/05/17:49:45.633582,9873,1751712585,643147008,base_link,0,1,-7.2871862,112.796024,53.885202794239746,"(1.428025, 0.0, 0.0, 0.0, 1.428025, 0.0, 0.0, 0.0, 3.0870489999999995)",2
2025/07/05/17:49:45.730774,9874,1751712585,740147008,base_link,0,1,-7.2871862,112.7960249,53.88520560351836,"(1.430416, 0.0, 0.0, 0.0, 1.430416, 0.0, 0.0, 0.0, 3.0940809999999996)",2
2025/07/05/17:49:45.833622,9875,1751712585,843147008,base_link,0,1,-7.2871861,112.7960259,53.88520897865837,"(1.430416, 0.0, 0.0, 0.0, 1.430416, 0.0, 0.0, 0.0, 3.0940809999999996)",2
2025/07/05/17:49:45.930204,9876,1751712585,940147008,base_link,0,1,-7.287186,112.7960268,53.88521204165508,"(1.4376010000000001, 0.0, 0.0, 0.0, 1.4376010000000001, 0.0, 0.0, 0.0, 3.0976)",2
2025/07/05/17:49:46.033419,9877,1751712586,43147008,base_link,0,1,-7.2871859,112.7960277,53.87521510465035,"(1.4376010000000001, 0.0, 0.0, 0.0, 1.4376010000000001, 0.0, 0.0, 0.0, 3.0976)",2
2025/07/05/17:49:46.131587,9878,1751712586,140147008,base_link,0,1,-7.2871859,112.7960287,53.86521822606194,"(1.44, 0.0, 0.0, 0.0, 1.44, 0.0, 0.0, 0.0, 3.0940809999999996)",2
2025/07/05/17:49:46.233855,9879,1751712586,243147008,base_link,0,1,-7.287186,112.7960296,53.865220781606425,"(1.44, 0.0, 0.0, 0.0, 1.44, 0.0, 0.0, 0.0, 3.0940809999999996)",2
2025/07/05/17:49:46.331043,9880,1751712586,340147008,base_link,0,1,-7.2871861,112.7960305,53.8552233371481,"(1.4376010000000001, 0.0, 0.0, 0.0, 1.4376010000000001, 0.0, 0.0, 0.0, 3.0940809999999996)",2
2025/07/05/17:49:46.492563,9881,1751712586,502147008,base_link,0,1,-7.2871863,112.796032,53.845227511803444,"(1.4376010000000001, 0.0, 0.0, 0.0, 1.4376010000000001, 0.0, 0.0, 0.0, 3.0940809999999996)",2
2025/07/05/17:49:46.613976,9882,1751712586,624147008,base_link,0,1,-7.2871866,112.7960332,53.83523049630786,"(1.435204, 0.0, 0.0, 0.0, 1.435204, 0.0, 0.0, 0.0, 3.0940809999999996)",2
2025/07/05/17:49:46.710781,9883,1751712586,721147008,base_link,0,1,-7.2871868,112.7960342,53.83523311025276,"(1.4328090000000002, 0.0, 0.0, 0.0, 1.4328090000000002, 0.0, 0.0, 0.0, 3.0870489999999995)",2
2025/07/05/17:49:46.791693,9884,1751712586,801147008,base_link,0,1,-7.2871869,112.796035,53.82523535364064,"(1.4328090000000002, 0.0, 0.0, 0.0, 1.4328090000000002, 0.0, 0.0, 0.0, 3.0870489999999995)",2
2025/07/05/17:49:46.892744,9885,1751712586,902147008,base_link,0,1,-7.287187,112.7960359,53.825237909164976,"(1.4232490000000002, 0.0, 0.0, 0.0, 1.4232490000000002, 0.0, 0.0, 0.0, 3.0590010000000003)",2
2025/07/05/17:49:46.991449,9886,1751712587,1147008,base_link,0,1,-7.287187,112.7960369,53.825241030549826,"(1.4232490000000002, 0.0, 0.0, 0.0, 1.4232490000000002, 0.0, 0.0, 0.0, 3.0590010000000003)",2
2025/07/05/17:49:47.070829,9887,1751712587,80147008,base_link,0,1,-7.287187,112.7960377,53.82524352765572,"(1.418481, 0.0, 0.0, 0.0, 1.418481, 0.0, 0.0, 0.0, 3.0590010000000003)",2
2025/07/05/17:49:47.172520,9888,1751712587,180147008,base_link,0,1,-7.287187,112.7960386,53.82524633689784,"(1.418481, 0.0, 0.0, 0.0, 1.418481, 0.0, 0.0, 0.0, 3.0590010000000003)",2
2025/07/05/17:49:47.251296,9889,1751712587,260147008,base_link,0,1,-7.2871869,112.7960394,53.81524908772616,"(1.418481, 0.0, 0.0, 0.0, 1.418481, 0.0, 0.0, 0.0, 3.0590010000000003)",2
2025/07/05/17:49:47.350399,9890,1751712587,360147008,base_link,0,1,-7.2871869,112.7960403,53.815251896964384,"(1.420864, 0.0, 0.0, 0.0, 1.420864, 0.0, 0.0, 0.0, 3.0660009999999995)",2
2025/07/05/17:49:47.570727,9891,1751712587,580147008,base_link,0,1,-7.287187,112.7960426,53.80525882239131,"(1.420864, 0.0, 0.0, 0.0, 1.420864, 0.0, 0.0, 0.0, 3.069504)",2
2025/07/05/17:49:47.650921,9892,1751712587,660147008,base_link,0,1,-7.287187,112.7960435,53.80526163162126,"(1.420864, 0.0, 0.0, 0.0, 1.420864, 0.0, 0.0, 0.0, 3.069504)",2
2025/07/05/17:49:47.750020,9893,1751712587,760147008,base_link,0,1,-7.287187,112.7960446,53.80526506512156,"(1.420864, 0.0, 0.0, 0.0, 1.420864, 0.0, 0.0, 0.0, 3.0870489999999995)",2
2025/07/05/17:49:47.851747,9894,1751712587,860147008,base_link,0,1,-7.287187,112.7960457,53.80526849861859,"(1.420864, 0.0, 0.0, 0.0, 1.420864, 0.0, 0.0, 0.0, 3.0870489999999995)",2
2025/07/05/17:49:47.970616,9895,1751712587,980147008,base_link,0,1,-7.2871871,112.796047,53.80527230265453,"(1.420864, 0.0, 0.0, 0.0, 1.420864, 0.0, 0.0, 0.0, 3.0976)",2
2025/07/05/17:49:48.070502,9896,1751712588,80147008,base_link,0,1,-7.2871872,112.7960481,53.80527548241453,"(1.420864, 0.0, 0.0, 0.0, 1.420864, 0.0, 0.0, 0.0, 3.0976)",2
2025/07/05/17:49:48.171640,9897,1751712588,180147008,base_link,0,1,-7.2871873,112.7960493,53.81527897430544,"(1.418481, 0.0, 0.0, 0.0, 1.418481, 0.0, 0.0, 0.0, 3.1081689999999997)",2
2025/07/05/17:49:48.251138,9898,1751712588,260147008,base_link,0,1,-7.2871875,112.7960501,53.815280963923726,"(1.418481, 0.0, 0.0, 0.0, 1.418481, 0.0, 0.0, 0.0, 3.1081689999999997)",2
2025/07/05/17:49:48.350383,9899,1751712588,360147008,base_link,0,1,-7.2871877,112.7960512,53.81528388994212,"(1.418481, 0.0, 0.0, 0.0, 1.418481, 0.0, 0.0, 0.0, 3.122289)",2
2025/07/05/17:49:48.530335,9900,1751712588,540147008,base_link,0,1,-7.2871882,112.7960532,53.82528886396839,"(1.418481, 0.0, 0.0, 0.0, 1.418481, 0.0, 0.0, 0.0, 3.122289)",2
2025/07/05/17:49:48.634265,9901,1751712588,643147008,base_link,0,1,-7.2871886,112.7960543,53.82529128251364,"(1.4161, 0.0, 0.0, 0.0, 1.4161, 0.0, 0.0, 0.0, 3.1364409999999996)",2
2025/07/05/17:49:48.730548,9902,1751712588,740147008,base_link,0,1,-7.2871891,112.7960554,53.825293447324306,"(1.4137210000000002, 0.0, 0.0, 0.0, 1.4137210000000002, 0.0, 0.0, 0.0, 3.1329000000000002)",2
2025/07/05/17:49:48.833614,9903,1751712588,843147008,base_link,0,1,-7.2871895,112.7960565,53.83529586586009,"(1.4137210000000002, 0.0, 0.0, 0.0, 1.4137210000000002, 0.0, 0.0, 0.0, 3.1329000000000002)",2
2025/07/05/17:49:48.930755,9904,1751712588,940147008,base_link,0,1,-7.28719,112.7960577,53.83529834279305,"(1.4089690000000001, 0.0, 0.0, 0.0, 1.4089690000000001, 0.0, 0.0, 0.0, 3.150625)",2
2025/07/05/17:49:49.033764,9905,1751712589,43147008,base_link,0,1,-7.2871904,112.7960589,53.835301073449884,"(1.4089690000000001, 0.0, 0.0, 0.0, 1.4089690000000001, 0.0, 0.0, 0.0, 3.150625)",2
2025/07/05/17:49:49.132018,9906,1751712589,140147008,base_link,0,1,-7.2871907,112.7960601,53.83530405783061,"(1.404225, 0.0, 0.0, 0.0, 1.404225, 0.0, 0.0, 0.0, 3.1648409999999996)",2
2025/07/05/17:49:49.230170,9907,1751712589,240147008,base_link,0,1,-7.287191,112.7960613,53.84530704220566,"(1.404225, 0.0, 0.0, 0.0, 1.404225, 0.0, 0.0, 0.0, 3.1648409999999996)",2
2025/07/05/17:49:49.330640,9908,1751712589,340147008,base_link,0,1,-7.2871913,112.7960625,53.84531002657508,"(1.3971239999999998, 0.0, 0.0, 0.0, 1.3971239999999998, 0.0, 0.0, 0.0, 3.1719609999999996)",2
2025/07/05/17:49:49.511698,9909,1751712589,521147008,base_link,0,1,-7.2871914,112.7960646,53.845316327561534,"(1.3971239999999998, 0.0, 0.0, 0.0, 1.3971239999999998, 0.0, 0.0, 0.0, 3.1719609999999996)",2
2025/07/05/17:49:49.611381,9910,1751712589,621147008,base_link,0,1,-7.2871913,112.7960659,53.855320638968074,"(1.3947610000000001, 0.0, 0.0, 0.0, 1.3947610000000001, 0.0, 0.0, 0.0, 3.182656)",2
2025/07/05/17:49:49.691862,9911,1751712589,701147008,base_link,0,1,-7.2871912,112.7960668,53.85532370185721,"(1.390041, 0.0, 0.0, 0.0, 1.390041, 0.0, 0.0, 0.0, 3.186225)",2
2025/07/05/17:49:49.791589,9912,1751712589,801147008,base_link,0,1,-7.2871911,112.796068,53.855327701129774,"(1.390041, 0.0, 0.0, 0.0, 1.390041, 0.0, 0.0, 0.0, 3.186225)",2
2025/07/05/17:49:49.872852,9913,1751712589,880147008,base_link,0,1,-7.287191,112.796069,53.85533107614348,"(1.3829759999999998, 0.0, 0.0, 0.0, 1.3829759999999998, 0.0, 0.0, 0.0, 3.182656)",2
2025/07/05/17:49:49.991398,9914,1751712590,1147008,base_link,0,1,-7.287191,112.7960704,53.8653354459329,"(1.3829759999999998, 0.0, 0.0, 0.0, 1.3829759999999998, 0.0, 0.0, 0.0, 3.182656)",2
2025/07/05/17:49:50.070208,9915,1751712590,80147008,base_link,0,1,-7.287191,112.7960714,53.86533856720776,"(1.3829759999999998, 0.0, 0.0, 0.0, 1.3829759999999998, 0.0, 0.0, 0.0, 3.1897960000000003)",2
2025/07/05/17:49:50.171431,9916,1751712590,180147008,base_link,0,1,-7.287191,112.7960725,53.86534200060699,"(1.3829759999999998, 0.0, 0.0, 0.0, 1.3829759999999998, 0.0, 0.0, 0.0, 3.1897960000000003)",2
2025/07/05/17:49:50.251132,9917,1751712590,260147008,base_link,0,1,-7.287191,112.7960735,53.8653451218761,"(1.3829759999999998, 0.0, 0.0, 0.0, 1.3829759999999998, 0.0, 0.0, 0.0, 3.1897960000000003)",2
2025/07/05/17:49:50.330088,9918,1751712590,340147008,base_link,0,1,-7.2871911,112.7960744,53.86534767728118,"(1.387684, 0.0, 0.0, 0.0, 1.387684, 0.0, 0.0, 0.0, 3.218436)",2
2025/07/05/17:49:50.471586,9919,1751712590,481147008,base_link,0,1,-7.2871916,112.7960761,53.86535171475241,"(1.387684, 0.0, 0.0, 0.0, 1.387684, 0.0, 0.0, 0.0, 3.218436)",2
2025/07/05/17:49:50.591593,9920,1751712590,601147008,base_link,0,1,-7.2871921,112.7960775,53.86535481583651,"(1.387684, 0.0, 0.0, 0.0, 1.387684, 0.0, 0.0, 0.0, 3.225616)",2
2025/07/05/17:49:50.672166,9921,1751712590,680147008,base_link,0,1,-7.2871924,112.7960784,53.86535686375824,"(1.3806250000000002, 0.0, 0.0, 0.0, 1.3806250000000002, 0.0, 0.0, 0.0, 3.2328040000000002)",2
2025/07/05/17:49:50.771773,9922,1751712590,780147008,base_link,0,1,-7.2871928,112.7960796,53.86535959431551,"(1.3806250000000002, 0.0, 0.0, 0.0, 1.3806250000000002, 0.0, 0.0, 0.0, 3.2328040000000002)",2
2025/07/05/17:49:50.871792,9923,1751712590,880147008,base_link,0,1,-7.2871933,112.7960808,53.86536207113245,"(1.3806250000000002, 0.0, 0.0, 0.0, 1.3806250000000002, 0.0, 0.0, 0.0, 3.2328040000000002)",2
2025/07/05/17:49:50.991802,9924,1751712591,1147008,base_link,0,1,-7.2871938,112.7960822,53.865365172190636,"(1.3712410000000002, 0.0, 0.0, 0.0, 1.3712410000000002, 0.0, 0.0, 0.0, 3.254416)",2
2025/07/05/17:49:51.070616,9925,1751712591,80147008,base_link,0,1,-7.2871941,112.7960832,53.865367532218485,"(1.3665610000000001, 0.0, 0.0, 0.0, 1.3665610000000001, 0.0, 0.0, 0.0, 3.265249)",2
2025/07/05/17:49:51.172050,9926,1751712591,180147008,base_link,0,1,-7.2871945,112.7960844,53.865370262752904,"(1.3665610000000001, 0.0, 0.0, 0.0, 1.3665610000000001, 0.0, 0.0, 0.0, 3.265249)",2
2025/07/05/17:49:51.250285,9927,1751712591,260147008,base_link,0,1,-7.2871948,112.7960854,53.86537262277203,"(1.3665610000000001, 0.0, 0.0, 0.0, 1.3665610000000001, 0.0, 0.0, 0.0, 3.265249)",2
2025/07/05/17:49:51.330569,9928,1751712591,340147008,base_link,0,1,-7.287195,112.7960863,53.86537492439997,"(1.3688999999999998, 0.0, 0.0, 0.0, 1.3688999999999998, 0.0, 0.0, 0.0, 3.2905960000000003)",2
2025/07/05/17:49:51.491669,9929,1751712591,501147008,base_link,0,1,-7.2871953,112.7960883,53.86538040562344,"(1.3688999999999998, 0.0, 0.0, 0.0, 1.3688999999999998, 0.0, 0.0, 0.0, 3.2905960000000003)",2
2025/07/05/17:49:51.633196,9930,1751712591,643147008,base_link,0,1,-7.2871955,112.79609,53.855385204206534,"(1.373584, 0.0, 0.0, 0.0, 1.373584, 0.0, 0.0, 0.0, 3.305124)",2
2025/07/05/17:49:51.710593,9931,1751712591,721147008,base_link,0,1,-7.2871955,112.796091,53.85538832541028,"(1.3782759999999998, 0.0, 0.0, 0.0, 1.3782759999999998, 0.0, 0.0, 0.0, 3.316041)",2
2025/07/05/17:49:51.813521,9932,1751712591,824147008,base_link,0,1,-7.2871955,112.7960922,53.855392070851174,"(1.3782759999999998, 0.0, 0.0, 0.0, 1.3782759999999998, 0.0, 0.0, 0.0, 3.316041)",2
2025/07/05/17:49:51.891626,9933,1751712591,901147008,base_link,0,1,-7.2871954,112.7960932,53.855395445785554,"(1.3759290000000002, 0.0, 0.0, 0.0, 1.3759290000000002, 0.0, 0.0, 0.0, 3.316041)",2
2025/07/05/17:49:51.991102,9934,1751712592,1147008,base_link,0,1,-7.2871952,112.7960944,53.85539969869425,"(1.3759290000000002, 0.0, 0.0, 0.0, 1.3759290000000002, 0.0, 0.0, 0.0, 3.316041)",2
2025/07/05/17:49:52.071352,9935,1751712592,80147008,base_link,0,1,-7.2871951,112.7960953,53.85540276150579,"(1.3782759999999998, 0.0, 0.0, 0.0, 1.3782759999999998, 0.0, 0.0, 0.0, 3.3233289999999998)",2
2025/07/05/17:49:52.171375,9936,1751712592,180147008,base_link,0,1,-7.2871949,112.7960965,53.85540701441142,"(1.3782759999999998, 0.0, 0.0, 0.0, 1.3782759999999998, 0.0, 0.0, 0.0, 3.3233289999999998)",2
2025/07/05/17:49:52.251717,9937,1751712592,260147008,base_link,0,1,-7.2871948,112.7960975,53.86541038933875,"(1.3782759999999998, 0.0, 0.0, 0.0, 1.3782759999999998, 0.0, 0.0, 0.0, 3.3233289999999998)",2
2025/07/05/17:49:52.350642,9938,1751712592,360147008,base_link,0,1,-7.2871945,112.7960986,53.86541458386229,"(1.385329, 0.0, 0.0, 0.0, 1.385329, 0.0, 0.0, 0.0, 3.3342760000000005)",2
2025/07/05/17:49:52.550627,9939,1751712592,560147008,base_link,0,1,-7.2871938,112.7961009,53.86542353877026,"(1.385329, 0.0, 0.0, 0.0, 1.385329, 0.0, 0.0, 0.0, 3.3342760000000005)",2
2025/07/05/17:49:52.650941,9940,1751712592,660147008,base_link,0,1,-7.2871934,112.796102,53.85542798703799,"(1.3923999999999999, 0.0, 0.0, 0.0, 1.3923999999999999, 0.0, 0.0, 0.0, 3.341584)",2
2025/07/05/17:49:52.750257,9941,1751712592,760147008,base_link,0,1,-7.2871929,112.7961032,53.85543300116928,"(1.3994890000000002, 0.0, 0.0, 0.0, 1.3994890000000002, 0.0, 0.0, 0.0, 3.3489000000000004)",2
2025/07/05/17:49:52.850129,9942,1751712592,860147008,base_link,0,1,-7.2871925,112.7961043,53.855437449441844,"(1.3994890000000002, 0.0, 0.0, 0.0, 1.3994890000000002, 0.0, 0.0, 0.0, 3.3489000000000004)",2
2025/07/05/17:49:52.970736,9943,1751712592,980147008,base_link,0,1,-7.2871919,112.7961056,53.855443029443116,"(1.406596, 0.0, 0.0, 0.0, 1.406596, 0.0, 0.0, 0.0, 3.359889)",2
2025/07/05/17:49:53.072276,9944,1751712593,80147008,base_link,0,1,-7.2871914,112.7961067,53.84544773146817,"(1.406596, 0.0, 0.0, 0.0, 1.406596, 0.0, 0.0, 0.0, 3.359889)",2
2025/07/05/17:49:53.169859,9945,1751712593,180147008,base_link,0,1,-7.2871908,112.7961078,53.8454526872452,"(1.4161, 0.0, 0.0, 0.0, 1.4161, 0.0, 0.0, 0.0, 3.370896)",2
2025/07/05/17:49:53.250053,9946,1751712593,260147008,base_link,0,1,-7.2871903,112.7961086,53.845456452927095,"(1.4161, 0.0, 0.0, 0.0, 1.4161, 0.0, 0.0, 0.0, 3.370896)",2
2025/07/05/17:49:53.350016,9947,1751712593,360147008,base_link,0,1,-7.2871897,112.7961096,53.84546109659817,"(1.425636, 0.0, 0.0, 0.0, 1.425636, 0.0, 0.0, 0.0, 3.3819209999999997)",2
2025/07/05/17:49:53.550777,9948,1751712593,560147008,base_link,0,1,-7.2871883,112.7961116,53.855470891464144,"(1.4328090000000002, 0.0, 0.0, 0.0, 1.4328090000000002, 0.0, 0.0, 0.0, 3.392964)",2
2025/07/05/17:49:53.650431,9949,1751712593,660147008,base_link,0,1,-7.2871876,112.7961125,53.85547547679278,"(1.4328090000000002, 0.0, 0.0, 0.0, 1.4328090000000002, 0.0, 0.0, 0.0, 3.392964)",2
2025/07/05/17:49:53.750827,9950,1751712593,760147008,base_link,0,1,-7.2871868,112.7961134,53.86548031588502,"(1.44, 0.0, 0.0, 0.0, 1.44, 0.0, 0.0, 0.0, 3.4003360000000002)",2
2025/07/05/17:49:53.849999,9951,1751712593,860147008,base_link,0,1,-7.287186,112.7961142,53.865484842870856,"(1.44, 0.0, 0.0, 0.0, 1.44, 0.0, 0.0, 0.0, 3.4003360000000002)",2
2025/07/05/17:49:53.971002,9952,1751712593,980147008,base_link,0,1,-7.287185,112.7961152,53.86549050161871,"(1.444804, 0.0, 0.0, 0.0, 1.444804, 0.0, 0.0, 0.0, 3.407716)",2
2025/07/05/17:49:54.051558,9953,1751712594,60147008,base_link,0,1,-7.2871843,112.7961158,53.86549415063469,"(1.444804, 0.0, 0.0, 0.0, 1.444804, 0.0, 0.0, 0.0, 3.396649)",2
2025/07/05/17:49:54.150460,9954,1751712594,160147008,base_link,0,1,-7.2871835,112.7961165,53.86549836553705,"(1.444804, 0.0, 0.0, 0.0, 1.444804, 0.0, 0.0, 0.0, 3.396649)",2
2025/07/05/17:49:54.250257,9955,1751712594,260147008,base_link,0,1,-7.2871826,112.7961172,53.8555028342118,"(1.444804, 0.0, 0.0, 0.0, 1.444804, 0.0, 0.0, 0.0, 3.396649)",2
2025/07/05/17:49:54.329819,9956,1751712594,340147008,base_link,0,1,-7.2871818,112.7961178,53.85550673701889,"(1.4424010000000003, 0.0, 0.0, 0.0, 1.4424010000000003, 0.0, 0.0, 0.0, 3.404025)",2
2025/07/05/17:49:54.491359,9957,1751712594,501147008,base_link,0,1,-7.2871803,112.7961189,53.85551397678089,"(1.4424010000000003, 0.0, 0.0, 0.0, 1.4424010000000003, 0.0, 0.0, 0.0, 3.404025)",2
2025/07/05/17:49:54.591263,9958,1751712594,601147008,base_link,0,1,-7.2871793,112.7961195,53.85551838715117,"(1.4424010000000003, 0.0, 0.0, 0.0, 1.4424010000000003, 0.0, 0.0, 0.0, 3.407716)",2
2025/07/05/17:49:54.672107,9959,1751712594,680147008,base_link,0,1,-7.2871784,112.7961199,53.84552191953151,"(1.444804, 0.0, 0.0, 0.0, 1.444804, 0.0, 0.0, 0.0, 3.4225000000000003)",2
2025/07/05/17:49:54.770843,9960,1751712594,780147008,base_link,0,1,-7.2871774,112.7961205,53.84552632993166,"(1.444804, 0.0, 0.0, 0.0, 1.444804, 0.0, 0.0, 0.0, 3.4225000000000003)",2
2025/07/05/17:49:54.891444,9961,1751712594,901147008,base_link,0,1,-7.2871762,112.7961211,53.855531247889424,"(1.444804, 0.0, 0.0, 0.0, 1.444804, 0.0, 0.0, 0.0, 3.4225000000000003)",2
2025/07/05/17:49:55.011794,9962,1751712595,21147008,base_link,0,1,-7.2871749,112.7961217,53.85553641964217,"(1.444804, 0.0, 0.0, 0.0, 1.444804, 0.0, 0.0, 0.0, 3.441025)",2
2025/07/05/17:49:55.091117,9963,1751712595,101147008,base_link,0,1,-7.2871741,112.796122,53.8555393861889,"(1.444804, 0.0, 0.0, 0.0, 1.444804, 0.0, 0.0, 0.0, 3.4558809999999998)",2
2025/07/05/17:49:55.170995,9964,1751712595,180147008,base_link,0,1,-7.2871732,112.7961223,53.855542606520125,"(1.444804, 0.0, 0.0, 0.0, 1.444804, 0.0, 0.0, 0.0, 3.4558809999999998)",2
2025/07/05/17:49:55.274294,9965,1751712595,280147008,base_link,0,1,-7.2871721,112.7961227,53.85554664653663,"(1.444804, 0.0, 0.0, 0.0, 1.444804, 0.0, 0.0, 0.0, 3.4558809999999998)",2
2025/07/05/17:49:55.391574,9966,1751712595,401147008,base_link,0,1,-7.2871708,112.7961231,53.86555119412749,"(1.44, 0.0, 0.0, 0.0, 1.44, 0.0, 0.0, 0.0, 3.4670440000000005)",2
2025/07/05/17:49:55.570256,9967,1751712595,580147008,base_link,0,1,-7.2871688,112.7961235,53.86555751820619,"(1.4328090000000002, 0.0, 0.0, 0.0, 1.4328090000000002, 0.0, 0.0, 0.0, 3.4558809999999998)",2
2025/07/05/17:49:55.650962,9968,1751712595,660147008,base_link,0,1,-7.2871679,112.7961237,53.87556042648387,"(1.4328090000000002, 0.0, 0.0, 0.0, 1.4328090000000002, 0.0, 0.0, 0.0, 3.4558809999999998)",2
2025/07/05/17:49:55.751040,9969,1751712595,760147008,base_link,0,1,-7.2871668,112.7961238,53.88556353021721,"(1.4328090000000002, 0.0, 0.0, 0.0, 1.4328090000000002, 0.0, 0.0, 0.0, 3.4447360000000002)",2
2025/07/05/17:49:55.849774,9970,1751712595,860147008,base_link,0,1,-7.2871656,112.796124,53.885567199873975,"(1.4328090000000002, 0.0, 0.0, 0.0, 1.4328090000000002, 0.0, 0.0, 0.0, 3.4447360000000002)",2
2025/07/05/17:49:55.950431,9971,1751712595,960147008,base_link,0,1,-7.2871644,112.7961241,53.8855705574268,"(1.44, 0.0, 0.0, 0.0, 1.44, 0.0, 0.0, 0.0, 3.4558809999999998)",2
2025/07/05/17:49:56.050866,9972,1751712596,60147008,base_link,0,1,-7.2871632,112.7961242,53.89557391499808,"(1.44, 0.0, 0.0, 0.0, 1.44, 0.0, 0.0, 0.0, 3.463321)",2
2025/07/05/17:49:56.150444,9973,1751712596,160147008,base_link,0,1,-7.287162,112.7961242,53.89557696046377,"(1.44, 0.0, 0.0, 0.0, 1.44, 0.0, 0.0, 0.0, 3.463321)",2
2025/07/05/17:49:56.250832,9974,1751712596,260147008,base_link,0,1,-7.2871607,112.7961242,53.90558025973808,"(1.44, 0.0, 0.0, 0.0, 1.44, 0.0, 0.0, 0.0, 3.463321)",2
2025/07/05/17:49:56.349741,9975,1751712596,360147008,base_link,0,1,-7.2871595,112.7961241,53.905582993115296,"(1.44, 0.0, 0.0, 0.0, 1.44, 0.0, 0.0, 0.0, 3.4819560000000003)",2
2025/07/05/17:49:56.511205,9976,1751712596,521147008,base_link,0,1,-7.2871575,112.7961237,53.92558682048683,"(1.4424010000000003, 0.0, 0.0, 0.0, 1.4424010000000003, 0.0, 0.0, 0.0, 3.4969000000000006)",2
2025/07/05/17:49:56.613611,9977,1751712596,624147008,base_link,0,1,-7.2871562,112.7961235,53.93558949557691,"(1.4424010000000003, 0.0, 0.0, 0.0, 1.4424010000000003, 0.0, 0.0, 0.0, 3.4969000000000006)",2
2025/07/05/17:49:56.691692,9978,1751712596,702147008,base_link,0,1,-7.2871552,112.7961232,53.94559109716545,"(1.4424010000000003, 0.0, 0.0, 0.0, 1.4424010000000003, 0.0, 0.0, 0.0, 3.4969000000000006)",2
2025/07/05/17:49:56.791720,9979,1751712596,802147008,base_link,0,1,-7.287154,112.7961229,53.955593206361,"(1.4424010000000003, 0.0, 0.0, 0.0, 1.4424010000000003, 0.0, 0.0, 0.0, 3.4969000000000006)",2
2025/07/05/17:49:56.873425,9980,1751712596,880147008,base_link,0,1,-7.287153,112.7961225,53.9655944958429,"(1.435204, 0.0, 0.0, 0.0, 1.435204, 0.0, 0.0, 0.0, 3.485689)",2
2025/07/05/17:49:56.991644,9981,1751712597,2147008,base_link,0,1,-7.2871515,112.796122,53.985596742210916,"(1.435204, 0.0, 0.0, 0.0, 1.435204, 0.0, 0.0, 0.0, 3.485689)",2
2025/07/05/17:49:57.071017,9982,1751712597,80147008,base_link,0,1,-7.2871505,112.7961217,53.99559834384429,"(1.430416, 0.0, 0.0, 0.0, 1.430416, 0.0, 0.0, 0.0, 3.493161)",2
2025/07/05/17:49:57.170315,9983,1751712597,180147008,base_link,0,1,-7.2871493,112.7961212,54.00559982883527,"(1.430416, 0.0, 0.0, 0.0, 1.430416, 0.0, 0.0, 0.0, 3.493161)",2
2025/07/05/17:49:57.270982,9984,1751712597,280147008,base_link,0,1,-7.2871482,112.7961206,54.01560074790292,"(1.430416, 0.0, 0.0, 0.0, 1.430416, 0.0, 0.0, 0.0, 3.493161)",2
2025/07/05/17:49:57.372570,9985,1751712597,380147008,base_link,0,1,-7.287147,112.7961201,54.025602232916455,"(1.428025, 0.0, 0.0, 0.0, 1.428025, 0.0, 0.0, 0.0, 3.500641)",2
2025/07/05/17:49:57.551528,9986,1751712597,560147008,base_link,0,1,-7.287145,112.7961191,54.03560418774612,"(1.418481, 0.0, 0.0, 0.0, 1.418481, 0.0, 0.0, 0.0, 3.4969000000000006)",2
2025/07/05/17:49:57.650131,9987,1751712597,660147008,base_link,0,1,-7.2871439,112.7961185,54.04560510684906,"(1.418481, 0.0, 0.0, 0.0, 1.418481, 0.0, 0.0, 0.0, 3.4969000000000006)",2
2025/07/05/17:49:57.750432,9988,1751712597,760147008,base_link,0,1,-7.2871428,112.7961179,54.04560602596067,"(1.411344, 0.0, 0.0, 0.0, 1.411344, 0.0, 0.0, 0.0, 3.508129)",2
2025/07/05/17:49:57.850107,9989,1751712597,860147008,base_link,0,1,-7.2871417,112.7961172,54.05560663294703,"(1.411344, 0.0, 0.0, 0.0, 1.411344, 0.0, 0.0, 0.0, 3.508129)",2
2025/07/05/17:49:57.949984,9990,1751712597,960147008,base_link,0,1,-7.2871408,112.7961165,54.065606732315786,"(1.406596, 0.0, 0.0, 0.0, 1.406596, 0.0, 0.0, 0.0, 3.508129)",2
2025/07/05/17:49:58.050159,9991,1751712598,60147008,base_link,0,1,-7.28714,112.7961156,54.06560595360486,"(1.406596, 0.0, 0.0, 0.0, 1.406596, 0.0, 0.0, 0.0, 3.508129)",2
2025/07/05/17:49:58.130102,9992,1751712598,140147008,base_link,0,1,-7.2871393,112.796115,54.07560585748701,"(1.4018559999999998, 0.0, 0.0, 0.0, 1.4018559999999998, 0.0, 0.0, 0.0, 3.5193759999999994)",2
2025/07/05/17:49:58.233127,9993,1751712598,243147008,base_link,0,1,-7.2871385,112.7961141,54.075605078777166,"(1.4018559999999998, 0.0, 0.0, 0.0, 1.4018559999999998, 0.0, 0.0, 0.0, 3.5193759999999994)",2
2025/07/05/17:49:58.313210,9994,1751712598,321147008,base_link,0,1,-7.2871378,112.7961134,54.07560467052557,"(1.4018559999999998, 0.0, 0.0, 0.0, 1.4018559999999998, 0.0, 0.0, 0.0, 3.5118760000000004)",2
2025/07/05/17:49:58.450512,9995,1751712598,460147008,base_link,0,1,-7.2871365,112.7961123,54.075604536620865,"(1.4018559999999998, 0.0, 0.0, 0.0, 1.4018559999999998, 0.0, 0.0, 0.0, 3.5118760000000004)",2
2025/07/05/17:49:58.570224,9996,1751712598,580147008,base_link,0,1,-7.2871353,112.7961115,54.075605085319275,"(1.3994890000000002, 0.0, 0.0, 0.0, 1.3994890000000002, 0.0, 0.0, 0.0, 3.5118760000000004)",2
2025/07/05/17:49:58.650940,9997,1751712598,660147008,base_link,0,1,-7.2871344,112.796111,54.0856058089871,"(1.3994890000000002, 0.0, 0.0, 0.0, 1.3994890000000002, 0.0, 0.0, 0.0, 3.5118760000000004)",2
2025/07/05/17:49:58.749762,9998,1751712598,760147008,base_link,0,1,-7.2871334,112.7961104,54.085606474340736,"(1.3994890000000002, 0.0, 0.0, 0.0, 1.3994890000000002, 0.0, 0.0, 0.0, 3.5268839999999995)",2
2025/07/05/17:49:58.849793,9999,1751712598,860147008,base_link,0,1,-7.2871323,112.7961097,54.08560708138141,"(1.3994890000000002, 0.0, 0.0, 0.0, 1.3994890000000002, 0.0, 0.0, 0.0, 3.5268839999999995)",2
2025/07/05/17:49:58.970498,10000,1751712598,980147008,base_link,0,1,-7.287131,112.7961089,54.0856078839319,"(1.3923999999999999, 0.0, 0.0, 0.0, 1.3923999999999999, 0.0, 0.0, 0.0, 3.538161)",2
2025/07/05/17:49:59.074063,10001,1751712599,80147008,base_link,0,1,-7.2871299,112.7961082,54.08560849098906,"(1.3923999999999999, 0.0, 0.0, 0.0, 1.3923999999999999, 0.0, 0.0, 0.0, 3.538161)",2
2025/07/05/17:49:59.170311,10002,1751712599,180147008,base_link,0,1,-7.2871288,112.7961075,54.08560909805361,"(1.387684, 0.0, 0.0, 0.0, 1.387684, 0.0, 0.0, 0.0, 3.556996)",2
2025/07/05/17:49:59.251755,10003,1751712599,260147008,base_link,0,1,-7.287128,112.7961069,54.08560925579427,"(1.387684, 0.0, 0.0, 0.0, 1.387684, 0.0, 0.0, 0.0, 3.556996)",2
2025/07/05/17:49:59.349946,10004,1751712599,360147008,base_link,0,1,-7.287127,112.7961062,54.08560960904579,"(1.3829759999999998, 0.0, 0.0, 0.0, 1.3829759999999998, 0.0, 0.0, 0.0, 3.5645439999999997)",2
2025/07/05/17:49:59.511202,10005,1751712599,521147008,base_link,0,1,-7.2871254,112.7961049,54.07560961240109,"(1.3806250000000002, 0.0, 0.0, 0.0, 1.3806250000000002, 0.0, 0.0, 0.0, 3.575881)",2
2025/07/05/17:49:59.611592,10006,1751712599,621147008,base_link,0,1,-7.2871246,112.7961039,54.07560852157807,"(1.3806250000000002, 0.0, 0.0, 0.0, 1.3806250000000002, 0.0, 0.0, 0.0, 3.575881)",2
2025/07/05/17:49:59.710456,10007,1751712599,721147008,base_link,0,1,-7.2871239,112.7961029,54.07560717692602,"(1.373584, 0.0, 0.0, 0.0, 1.373584, 0.0, 0.0, 0.0, 3.575881)",2
2025/07/05/17:49:59.811228,10008,1751712599,821147008,base_link,0,1,-7.2871233,112.7961019,54.08560557844366,"(1.373584, 0.0, 0.0, 0.0, 1.373584, 0.0, 0.0, 0.0, 3.575881)",2
2025/07/05/17:49:59.911453,10009,1751712599,921147008,base_link,0,1,-7.2871226,112.7961009,54.08560423378678,"(1.3665610000000001, 0.0, 0.0, 0.0, 1.3665610000000001, 0.0, 0.0, 0.0, 3.5645439999999997)",2
2025/07/05/17:50:00.034183,10010,1751712600,43147008,base_link,0,1,-7.2871217,112.7960997,54.075602772493205,"(1.3665610000000001, 0.0, 0.0, 0.0, 1.3665610000000001, 0.0, 0.0, 0.0, 3.5645439999999997)",2
2025/07/05/17:50:00.130251,10011,1751712600,140147008,base_link,0,1,-7.2871209,112.7960988,54.075601993808654,"(1.3642239999999999, 0.0, 0.0, 0.0, 1.3642239999999999, 0.0, 0.0, 0.0, 3.556996)",2
2025/07/05/17:50:00.232990,10012,1751712600,243147008,base_link,0,1,-7.28712,112.7960978,54.06560115680702,"(1.3642239999999999, 0.0, 0.0, 0.0, 1.3642239999999999, 0.0, 0.0, 0.0, 3.556996)",2
2025/07/05/17:50:00.330776,10013,1751712600,340147008,base_link,0,1,-7.2871191,112.7960969,54.06560063195374,"(1.3618890000000001, 0.0, 0.0, 0.0, 1.3618890000000001, 0.0, 0.0, 0.0, 3.5494559999999997)",2
2025/07/05/17:50:00.491885,10014,1751712600,501147008,base_link,0,1,-7.2871176,112.7960954,54.06559975720148,"(1.3618890000000001, 0.0, 0.0, 0.0, 1.3618890000000001, 0.0, 0.0, 0.0, 3.5494559999999997)",2
2025/07/05/17:50:00.591564,10015,1751712600,601147008,base_link,0,1,-7.2871167,112.7960945,54.065599232351985,"(1.3572250000000001, 0.0, 0.0, 0.0, 1.3572250000000001, 0.0, 0.0, 0.0, 3.560769)",2
2025/07/05/17:50:00.670102,10016,1751712600,680147008,base_link,0,1,-7.287116,112.7960937,54.06559851198628,"(1.3525690000000001, 0.0, 0.0, 0.0, 1.3525690000000001, 0.0, 0.0, 0.0, 3.575881)",2
2025/07/05/17:50:00.770093,10017,1751712600,780147008,base_link,0,1,-7.2871151,112.7960928,54.06559798713863,"(1.3525690000000001, 0.0, 0.0, 0.0, 1.3525690000000001, 0.0, 0.0, 0.0, 3.575881)",2
2025/07/05/17:50:00.850846,10018,1751712600,860147008,base_link,0,1,-7.2871145,112.7960919,54.06559670078687,"(1.3525690000000001, 0.0, 0.0, 0.0, 1.3525690000000001, 0.0, 0.0, 0.0, 3.575881)",2
2025/07/05/17:50:00.950613,10019,1751712600,960147008,base_link,0,1,-7.2871137,112.7960909,54.07559560995205,"(1.3479210000000001, 0.0, 0.0, 0.0, 1.3479210000000001, 0.0, 0.0, 0.0, 3.583449)",2
2025/07/05/17:50:01.049754,10020,1751712601,60147008,base_link,0,1,-7.2871131,112.7960898,54.075593699291495,"(1.3479210000000001, 0.0, 0.0, 0.0, 1.3479210000000001, 0.0, 0.0, 0.0, 3.583449)",2
2025/07/05/17:50:01.150129,10021,1751712601,160147008,base_link,0,1,-7.2871125,112.7960887,54.07559178862687,"(1.3432810000000002, 0.0, 0.0, 0.0, 1.3432810000000002, 0.0, 0.0, 0.0, 3.568321)",2
2025/07/05/17:50:01.250203,10022,1751712601,260147008,base_link,0,1,-7.2871118,112.7960877,54.06559044394842,"(1.3432810000000002, 0.0, 0.0, 0.0, 1.3432810000000002, 0.0, 0.0, 0.0, 3.568321)",2
2025/07/05/17:50:01.350451,10023,1751712601,360147008,base_link,0,1,-7.2871111,112.7960867,54.06558909926778,"(1.3409639999999998, 0.0, 0.0, 0.0, 1.3409639999999998, 0.0, 0.0, 0.0, 3.5494559999999997)",2
2025/07/05/17:50:01.549995,10024,1751712601,560147008,base_link,0,1,-7.2871094,112.7960848,54.05558748357002,"(1.3409639999999998, 0.0, 0.0, 0.0, 1.3409639999999998, 0.0, 0.0, 0.0, 3.5494559999999997)",2
2025/07/05/17:50:01.649909,10025,1751712601,660147008,base_link,0,1,-7.2871085,112.796084,54.05558727087474,"(1.338649, 0.0, 0.0, 0.0, 1.338649, 0.0, 0.0, 0.0, 3.538161)",2
2025/07/05/17:50:01.729723,10026,1751712601,740147008,base_link,0,1,-7.2871078,112.7960833,54.055586862658586,"(1.338649, 0.0, 0.0, 0.0, 1.338649, 0.0, 0.0, 0.0, 3.5343999999999998)",2
2025/07/05/17:50:01.833608,10027,1751712601,843147008,base_link,0,1,-7.2871069,112.7960824,54.05558633781048,"(1.338649, 0.0, 0.0, 0.0, 1.338649, 0.0, 0.0, 0.0, 3.5343999999999998)",2
2025/07/05/17:50:01.950828,10028,1751712601,960147008,base_link,0,1,-7.2871059,112.7960813,54.05558544248986,"(1.3224999999999998, 0.0, 0.0, 0.0, 1.3224999999999998, 0.0, 0.0, 0.0, 3.538161)",2
2025/07/05/17:50:02.049693,10029,1751712602,60147008,base_link,0,1,-7.2871051,112.7960804,54.045584663801954,"(1.3224999999999998, 0.0, 0.0, 0.0, 1.3224999999999998, 0.0, 0.0, 0.0, 3.538161)",2
2025/07/05/17:50:02.150085,10030,1751712602,160147008,base_link,0,1,-7.2871045,112.7960793,54.04558275311164,"(1.311025, 0.0, 0.0, 0.0, 1.311025, 0.0, 0.0, 0.0, 3.5419239999999994)",2
2025/07/05/17:50:02.231462,10031,1751712602,240147008,base_link,0,1,-7.287104,112.7960785,54.04558152505226,"(1.311025, 0.0, 0.0, 0.0, 1.311025, 0.0, 0.0, 0.0, 3.5419239999999994)",2
2025/07/05/17:50:02.329684,10032,1751712602,340147008,base_link,0,1,-7.2871035,112.7960775,54.0455796726719,"(1.2995999999999999, 0.0, 0.0, 0.0, 1.2995999999999999, 0.0, 0.0, 0.0, 3.5419239999999994)",2
2025/07/05/17:50:02.470585,10033,1751712602,480147008,base_link,0,1,-7.2871026,112.796076,54.05557727485969,"(1.2995999999999999, 0.0, 0.0, 0.0, 1.2995999999999999, 0.0, 0.0, 0.0, 3.5419239999999994)",2
2025/07/05/17:50:02.611732,10034,1751712602,621147008,base_link,0,1,-7.2871016,112.7960747,54.055575755206874,"(1.292769, 0.0, 0.0, 0.0, 1.292769, 0.0, 0.0, 0.0, 3.530641)",2
2025/07/05/17:50:02.692204,10035,1751712602,701147008,base_link,0,1,-7.287101,112.796074,54.055575093143275,"(1.292769, 0.0, 0.0, 0.0, 1.292769, 0.0, 0.0, 0.0, 3.5193759999999994)",2
2025/07/05/17:50:02.791115,10036,1751712602,802147008,base_link,0,1,-7.2871002,112.7960731,54.065574314445485,"(1.292769, 0.0, 0.0, 0.0, 1.292769, 0.0, 0.0, 0.0, 3.5193759999999994)",2
2025/07/05/17:50:02.870634,10037,1751712602,880147008,base_link,0,1,-7.2870996,112.7960724,54.075573652381514,"(1.2950439999999999, 0.0, 0.0, 0.0, 1.2950439999999999, 0.0, 0.0, 0.0, 3.5268839999999995)",2
2025/07/05/17:50:02.971762,10038,1751712602,980147008,base_link,0,1,-7.2870988,112.7960715,54.07557287368363,"(1.2950439999999999, 0.0, 0.0, 0.0, 1.2950439999999999, 0.0, 0.0, 0.0, 3.5268839999999995)",2
2025/07/05/17:50:03.049907,10039,1751712603,60147008,base_link,0,1,-7.2870982,112.7960708,54.075572211619296,"(1.2995999999999999, 0.0, 0.0, 0.0, 1.2995999999999999, 0.0, 0.0, 0.0, 3.530641)",2
2025/07/05/17:50:03.151104,10040,1751712603,160147008,base_link,0,1,-7.2870974,112.7960698,54.075571120757196,"(1.2995999999999999, 0.0, 0.0, 0.0, 1.2995999999999999, 0.0, 0.0, 0.0, 3.530641)",2
2025/07/05/17:50:03.249717,10041,1751712603,260147008,base_link,0,1,-7.2870968,112.7960688,54.08556952219844,"(1.2995999999999999, 0.0, 0.0, 0.0, 1.2995999999999999, 0.0, 0.0, 0.0, 3.530641)",2
2025/07/05/17:50:03.349895,10042,1751712603,360147008,base_link,0,1,-7.2870962,112.7960677,54.08556761147155,"(1.297321, 0.0, 0.0, 0.0, 1.297321, 0.0, 0.0, 0.0, 3.5343999999999998)",2
2025/07/05/17:50:03.490946,10043,1751712603,501147008,base_link,0,1,-7.2870953,112.7960663,54.085565525788425,"(1.297321, 0.0, 0.0, 0.0, 1.297321, 0.0, 0.0, 0.0, 3.5343999999999998)",2
2025/07/05/17:50:03.632725,10044,1751712603,643147008,base_link,0,1,-7.2870942,112.796065,54.08556425996501,"(1.2904959999999999, 0.0, 0.0, 0.0, 1.2904959999999999, 0.0, 0.0, 0.0, 3.530641)",2
2025/07/05/17:50:03.729798,10045,1751712603,740147008,base_link,0,1,-7.2870934,112.7960641,54.085563481259825,"(1.288225, 0.0, 0.0, 0.0, 1.288225, 0.0, 0.0, 0.0, 3.530641)",2
2025/07/05/17:50:03.832557,10046,1751712603,843147008,base_link,0,1,-7.2870926,112.7960631,54.08556239038684,"(1.288225, 0.0, 0.0, 0.0, 1.288225, 0.0, 0.0, 0.0, 3.530641)",2
2025/07/05/17:50:03.929949,10047,1751712603,940147008,base_link,0,1,-7.2870919,112.7960621,54.08556104566166,"(1.2859559999999999, 0.0, 0.0, 0.0, 1.2859559999999999, 0.0, 0.0, 0.0, 3.5268839999999995)",2
2025/07/05/17:50:04.032615,10048,1751712604,43147008,base_link,0,1,-7.2870911,112.7960612,54.08556026695469,"(1.2859559999999999, 0.0, 0.0, 0.0, 1.2859559999999999, 0.0, 0.0, 0.0, 3.5268839999999995)",2
2025/07/05/17:50:04.129679,10049,1751712604,140147008,base_link,0,1,-7.2870905,112.7960602,54.08555866837405,"(1.288225, 0.0, 0.0, 0.0, 1.288225, 0.0, 0.0, 0.0, 3.5343999999999998)",2
2025/07/05/17:50:04.232990,10050,1751712604,243147008,base_link,0,1,-7.2870899,112.7960591,54.085556757620495,"(1.288225, 0.0, 0.0, 0.0, 1.288225, 0.0, 0.0, 0.0, 3.5343999999999998)",2
2025/07/05/17:50:04.330918,10051,1751712604,340147008,base_link,0,1,-7.2870895,112.7960579,54.08555402698751,"(1.2904959999999999, 0.0, 0.0, 0.0, 1.2904959999999999, 0.0, 0.0, 0.0, 3.538161)",2
2025/07/05/17:50:04.491444,10052,1751712604,502147008,base_link,0,1,-7.2870889,112.7960561,54.08554993102736,"(1.2904959999999999, 0.0, 0.0, 0.0, 1.2904959999999999, 0.0, 0.0, 0.0, 3.538161)",2
2025/07/05/17:50:04.611172,10053,1751712604,621147008,base_link,0,1,-7.2870884,112.7960547,54.08554682988911,"(1.2859559999999999, 0.0, 0.0, 0.0, 1.2859559999999999, 0.0, 0.0, 0.0, 3.538161)",2
2025/07/05/17:50:04.711373,10054,1751712604,721147008,base_link,0,1,-7.287088,112.7960536,54.08554441140738,"(1.2814239999999997, 0.0, 0.0, 0.0, 1.2814239999999997, 0.0, 0.0, 0.0, 3.5343999999999998)",2
2025/07/05/17:50:04.792699,10055,1751712604,801147008,base_link,0,1,-7.2870877,112.7960526,54.085542051241035,"(1.2814239999999997, 0.0, 0.0, 0.0, 1.2814239999999997, 0.0, 0.0, 0.0, 3.5343999999999998)",2
2025/07/05/17:50:04.871092,10056,1751712604,880147008,base_link,0,1,-7.2870873,112.7960518,54.085540569269156,"(1.274641, 0.0, 0.0, 0.0, 1.274641, 0.0, 0.0, 0.0, 3.5268839999999995)",2
2025/07/05/17:50:04.971197,10057,1751712604,981147008,base_link,0,1,-7.2870869,112.7960507,54.08553815077484,"(1.274641, 0.0, 0.0, 0.0, 1.274641, 0.0, 0.0, 0.0, 3.5268839999999995)",2
2025/07/05/17:50:05.070918,10058,1751712605,80147008,base_link,0,1,-7.2870864,112.7960497,54.0855362983025,"(1.274641, 0.0, 0.0, 0.0, 1.274641, 0.0, 0.0, 0.0, 3.5268839999999995)",2
2025/07/05/17:50:05.169744,10059,1751712605,180147008,base_link,0,1,-7.2870858,112.7960487,54.085534699679854,"(1.270129, 0.0, 0.0, 0.0, 1.270129, 0.0, 0.0, 0.0, 3.523129)",2
2025/07/05/17:50:05.270496,10060,1751712605,280147008,base_link,0,1,-7.2870852,112.7960477,54.08553310105414,"(1.270129, 0.0, 0.0, 0.0, 1.270129, 0.0, 0.0, 0.0, 3.523129)",2
2025/07/05/17:50:05.351163,10061,1751712605,360147008,base_link,0,1,-7.2870847,112.7960469,54.08553187292226,"(1.2633760000000003, 0.0, 0.0, 0.0, 1.2633760000000003, 0.0, 0.0, 0.0, 3.5268839999999995)",2
2025/07/05/17:50:05.550838,10062,1751712605,560147008,base_link,0,1,-7.2870833,112.7960452,54.08553011989575,"(1.261129, 0.0, 0.0, 0.0, 1.261129, 0.0, 0.0, 0.0, 3.5419239999999994)",2
2025/07/05/17:50:05.650499,10063,1751712605,660147008,base_link,0,1,-7.2870826,112.7960443,54.08552908729318,"(1.261129, 0.0, 0.0, 0.0, 1.261129, 0.0, 0.0, 0.0, 3.5419239999999994)",2
2025/07/05/17:50:05.770615,10064,1751712605,780147008,base_link,0,1,-7.2870816,112.7960433,54.085528504080415,"(1.2588840000000003, 0.0, 0.0, 0.0, 1.2588840000000003, 0.0, 0.0, 0.0, 3.5419239999999994)",2
2025/07/05/17:50:05.851123,10065,1751712605,860147008,base_link,0,1,-7.287081,112.7960426,54.075527841975806,"(1.256641, 0.0, 0.0, 0.0, 1.256641, 0.0, 0.0, 0.0, 3.5419239999999994)",2
2025/07/05/17:50:05.970789,10066,1751712605,981147008,base_link,0,1,-7.28708,112.7960416,54.07552725876517,"(1.256641, 0.0, 0.0, 0.0, 1.256641, 0.0, 0.0, 0.0, 3.5419239999999994)",2
2025/07/05/17:50:06.051647,10067,1751712606,60147008,base_link,0,1,-7.2870794,112.796041,54.065526908839615,"(1.256641, 0.0, 0.0, 0.0, 1.256641, 0.0, 0.0, 0.0, 3.5419239999999994)",2
2025/07/05/17:50:06.129866,10068,1751712606,140147008,base_link,0,1,-7.2870787,112.7960404,54.0655268127733,"(1.256641, 0.0, 0.0, 0.0, 1.256641, 0.0, 0.0, 0.0, 3.545689)",2
2025/07/05/17:50:06.229751,10069,1751712606,240147008,base_link,0,1,-7.2870778,112.7960397,54.05552691224774,"(1.256641, 0.0, 0.0, 0.0, 1.256641, 0.0, 0.0, 0.0, 3.545689)",2
2025/07/05/17:50:06.329797,10070,1751712606,340147008,base_link,0,1,-7.2870769,112.796039,54.04552701172583,"(1.256641, 0.0, 0.0, 0.0, 1.256641, 0.0, 0.0, 0.0, 3.560769)",2
2025/07/05/17:50:06.491560,10071,1751712606,501147008,base_link,0,1,-7.2870754,112.7960379,54.03552738565176,"(1.256641, 0.0, 0.0, 0.0, 1.256641, 0.0, 0.0, 0.0, 3.560769)",2
2025/07/05/17:50:06.591065,10072,1751712606,601147008,base_link,0,1,-7.2870744,112.7960372,54.035527739002646,"(1.256641, 0.0, 0.0, 0.0, 1.256641, 0.0, 0.0, 0.0, 3.583449)",2
2025/07/05/17:50:06.690819,10073,1751712606,701147008,base_link,0,1,-7.2870734,112.7960366,54.02552840454145,"(1.2544000000000002, 0.0, 0.0, 0.0, 1.2544000000000002, 0.0, 0.0, 0.0, 3.594816)",2
2025/07/05/17:50:06.790821,10074,1751712606,801147008,base_link,0,1,-7.2870724,112.7960359,54.01552875790385,"(1.2544000000000002, 0.0, 0.0, 0.0, 1.2544000000000002, 0.0, 0.0, 0.0, 3.594816)",2
2025/07/05/17:50:06.891773,10075,1751712606,901147008,base_link,0,1,-7.2870714,112.7960353,54.01552942345525,"(1.2588840000000003, 0.0, 0.0, 0.0, 1.2588840000000003, 0.0, 0.0, 0.0, 3.61)",2
2025/07/05/17:50:06.990546,10076,1751712607,1147008,base_link,0,1,-7.2870703,112.7960347,54.00553034287992,"(1.2588840000000003, 0.0, 0.0, 0.0, 1.2588840000000003, 0.0, 0.0, 0.0, 3.61)",2
2025/07/05/17:50:07.070967,10077,1751712607,80147008,base_link,0,1,-7.2870694,112.7960342,54.005531066762444,"(1.2633760000000003, 0.0, 0.0, 0.0, 1.2633760000000003, 0.0, 0.0, 0.0, 3.613801)",2
2025/07/05/17:50:07.170896,10078,1751712607,180147008,base_link,0,1,-7.2870684,112.7960336,54.00553173233416,"(1.2633760000000003, 0.0, 0.0, 0.0, 1.2633760000000003, 0.0, 0.0, 0.0, 3.613801)",2
2025/07/05/17:50:07.269874,10079,1751712607,280147008,base_link,0,1,-7.2870673,112.7960331,54.00553296396794,"(1.2633760000000003, 0.0, 0.0, 0.0, 1.2633760000000003, 0.0, 0.0, 0.0, 3.613801)",2
2025/07/05/17:50:07.391443,10080,1751712607,402147008,base_link,0,1,-7.2870659,112.7960325,54.01553464503833,"(1.2678759999999998, 0.0, 0.0, 0.0, 1.2678759999999998, 0.0, 0.0, 0.0, 3.6252159999999995)",2
2025/07/05/17:50:07.549933,10081,1751712607,560147008,base_link,0,1,-7.2870641,112.7960319,54.015537341617275,"(1.274641, 0.0, 0.0, 0.0, 1.274641, 0.0, 0.0, 0.0, 3.629025)",2
2025/07/05/17:50:07.649350,10082,1751712607,660147008,base_link,0,1,-7.287063,112.7960315,54.01553888547876,"(1.274641, 0.0, 0.0, 0.0, 1.274641, 0.0, 0.0, 0.0, 3.629025)",2
2025/07/05/17:50:07.729321,10083,1751712607,740147008,base_link,0,1,-7.287062,112.7960312,54.0155404876641,"(1.279161, 0.0, 0.0, 0.0, 1.279161, 0.0, 0.0, 0.0, 3.6252159999999995)",2
2025/07/05/17:50:07.832953,10084,1751712607,843147008,base_link,0,1,-7.2870609,112.7960309,54.01554234373576,"(1.279161, 0.0, 0.0, 0.0, 1.279161, 0.0, 0.0, 0.0, 3.6252159999999995)",2
2025/07/05/17:50:07.950647,10085,1751712607,960147008,base_link,0,1,-7.2870596,112.7960305,54.015544395386044,"(1.2814239999999997, 0.0, 0.0, 0.0, 1.2814239999999997, 0.0, 0.0, 0.0, 3.629025)",2
2025/07/05/17:50:08.049797,10086,1751712608,60147008,base_link,0,1,-7.2870584,112.7960302,54.015546505363076,"(1.2814239999999997, 0.0, 0.0, 0.0, 1.2814239999999997, 0.0, 0.0, 0.0, 3.629025)",2
2025/07/05/17:50:08.149631,10087,1751712608,160147008,base_link,0,1,-7.2870573,112.79603,54.015548673664355,"(1.288225, 0.0, 0.0, 0.0, 1.288225, 0.0, 0.0, 0.0, 3.6366490000000002)",2
2025/07/05/17:50:08.249616,10088,1751712608,260147008,base_link,0,1,-7.2870562,112.7960298,54.02555084197853,"(1.288225, 0.0, 0.0, 0.0, 1.288225, 0.0, 0.0, 0.0, 3.6366490000000002)",2
2025/07/05/17:50:08.349196,10089,1751712608,360147008,base_link,0,1,-7.287055,112.7960296,54.01555326418908,"(1.292769, 0.0, 0.0, 0.0, 1.292769, 0.0, 0.0, 0.0, 3.629025)",2
2025/07/05/17:50:08.549921,10090,1751712608,560147008,base_link,0,1,-7.2870527,112.7960294,54.02555847915589,"(1.292769, 0.0, 0.0, 0.0, 1.292769, 0.0, 0.0, 0.0, 3.6024039999999995)",2
2025/07/05/17:50:08.649323,10091,1751712608,660147008,base_link,0,1,-7.2870515,112.7960293,54.025561213606,"(1.292769, 0.0, 0.0, 0.0, 1.292769, 0.0, 0.0, 0.0, 3.6024039999999995)",2
2025/07/05/17:50:08.749659,10092,1751712608,760147008,base_link,0,1,-7.2870503,112.7960292,54.025563948072644,"(1.2904959999999999, 0.0, 0.0, 0.0, 1.2904959999999999, 0.0, 0.0, 0.0, 3.5872359999999994)",2
2025/07/05/17:50:08.849441,10093,1751712608,860147008,base_link,0,1,-7.2870492,112.7960292,54.025566740859446,"(1.2904959999999999, 0.0, 0.0, 0.0, 1.2904959999999999, 0.0, 0.0, 0.0, 3.5872359999999994)",2
2025/07/05/17:50:08.969758,10094,1751712608,980147008,base_link,0,1,-7.2870478,112.7960292,54.035570295336754,"(1.292769, 0.0, 0.0, 0.0, 1.292769, 0.0, 0.0, 0.0, 3.591025)",2
2025/07/05/17:50:09.069880,10095,1751712609,80147008,base_link,0,1,-7.2870467,112.7960293,54.03557340035201,"(1.2950439999999999, 0.0, 0.0, 0.0, 1.2950439999999999, 0.0, 0.0, 0.0, 3.575881)",2
2025/07/05/17:50:09.172835,10096,1751712609,180147008,base_link,0,1,-7.2870457,112.7960296,54.035576875878405,"(1.2950439999999999, 0.0, 0.0, 0.0, 1.2950439999999999, 0.0, 0.0, 0.0, 3.575881)",2
2025/07/05/17:50:09.250679,10097,1751712609,260147008,base_link,0,1,-7.2870448,112.7960298,54.0355797853276,"(1.2950439999999999, 0.0, 0.0, 0.0, 1.2950439999999999, 0.0, 0.0, 0.0, 3.575881)",2
2025/07/05/17:50:09.349631,10098,1751712609,360147008,base_link,0,1,-7.2870437,112.7960301,54.035583514778295,"(1.2995999999999999, 0.0, 0.0, 0.0, 1.2995999999999999, 0.0, 0.0, 0.0, 3.575881)",2
2025/07/05/17:50:09.491094,10099,1751712609,501147008,base_link,0,1,-7.2870421,112.7960303,54.035588201545806,"(1.2995999999999999, 0.0, 0.0, 0.0, 1.2995999999999999, 0.0, 0.0, 0.0, 3.575881)",2
2025/07/05/17:50:09.632722,10100,1751712609,643147008,base_link,0,1,-7.2870404,112.7960304,54.02559283005151,"(1.3087359999999997, 0.0, 0.0, 0.0, 1.3087359999999997, 0.0, 0.0, 0.0, 3.5721)",2
2025/07/05/17:50:09.729818,10101,1751712609,740147008,base_link,0,1,-7.2870393,112.7960304,54.01559562297636,"(1.320201, 0.0, 0.0, 0.0, 1.320201, 0.0, 0.0, 0.0, 3.545689)",2
2025/07/05/17:50:09.832768,10102,1751712609,843147008,base_link,0,1,-7.2870381,112.7960305,54.005598982018114,"(1.320201, 0.0, 0.0, 0.0, 1.320201, 0.0, 0.0, 0.0, 3.545689)",2
2025/07/05/17:50:09.929707,10103,1751712609,940147008,base_link,0,1,-7.2870368,112.7960305,53.99560228278604,"(1.320201, 0.0, 0.0, 0.0, 1.320201, 0.0, 0.0, 0.0, 3.508129)",2
2025/07/05/17:50:10.029975,10104,1751712610,40147008,base_link,0,1,-7.2870356,112.7960306,53.98560564186592,"(1.320201, 0.0, 0.0, 0.0, 1.320201, 0.0, 0.0, 0.0, 3.508129)",2
2025/07/05/17:50:10.130632,10105,1751712610,140147008,base_link,0,1,-7.2870344,112.7960307,53.975609000964226,"(1.315609, 0.0, 0.0, 0.0, 1.315609, 0.0, 0.0, 0.0, 3.478225)",2
2025/07/05/17:50:10.232523,10106,1751712610,243147008,base_link,0,1,-7.2870332,112.7960309,53.975612672280704,"(1.315609, 0.0, 0.0, 0.0, 1.315609, 0.0, 0.0, 0.0, 3.478225)",2
2025/07/05/17:50:10.329837,10107,1751712610,340147008,base_link,0,1,-7.287032,112.7960312,53.97561665581654,"(1.315609, 0.0, 0.0, 0.0, 1.315609, 0.0, 0.0, 0.0, 3.463321)",2
2025/07/05/17:50:10.491216,10108,1751712610,501147008,base_link,0,1,-7.2870301,112.7960318,53.97562335337358,"(1.315609, 0.0, 0.0, 0.0, 1.315609, 0.0, 0.0, 0.0, 3.463321)",2
2025/07/05/17:50:10.569562,10109,1751712610,580147008,base_link,0,1,-7.2870292,112.7960321,53.975626575213624,"(1.3224999999999998, 0.0, 0.0, 0.0, 1.3224999999999998, 0.0, 0.0, 0.0, 3.463321)",2
2025/07/05/17:50:10.670135,10110,1751712610,680147008,base_link,0,1,-7.287028,112.7960324,53.98563055881728,"(1.3224999999999998, 0.0, 0.0, 0.0, 1.3224999999999998, 0.0, 0.0, 0.0, 3.463321)",2
2025/07/05/17:50:10.751278,10111,1751712610,760147008,base_link,0,1,-7.2870271,112.7960327,53.98563378068435,"(1.329409, 0.0, 0.0, 0.0, 1.329409, 0.0, 0.0, 0.0, 3.4558809999999998)",2
2025/07/05/17:50:10.849486,10112,1751712610,860147008,base_link,0,1,-7.2870259,112.796033,53.985637764323585,"(1.329409, 0.0, 0.0, 0.0, 1.329409, 0.0, 0.0, 0.0, 3.4558809999999998)",2
2025/07/05/17:50:10.969759,10113,1751712610,980147008,base_link,0,1,-7.2870245,112.7960331,53.9856416314221,"(1.331716, 0.0, 0.0, 0.0, 1.331716, 0.0, 0.0, 0.0, 3.4558809999999998)",2
2025/07/05/17:50:11.051390,10114,1751712611,60147008,base_link,0,1,-7.2870235,112.7960331,53.9856441706486,"(1.331716, 0.0, 0.0, 0.0, 1.331716, 0.0, 0.0, 0.0, 3.4558809999999998)",2
2025/07/05/17:50:11.129562,10115,1751712611,140147008,base_link,0,1,-7.2870225,112.796033,53.98564639768405,"(1.334025, 0.0, 0.0, 0.0, 1.334025, 0.0, 0.0, 0.0, 3.4558809999999998)",2
2025/07/05/17:50:11.232753,10116,1751712611,243147008,base_link,0,1,-7.2870213,112.7960329,53.98564913258237,"(1.334025, 0.0, 0.0, 0.0, 1.334025, 0.0, 0.0, 0.0, 3.4558809999999998)",2
2025/07/05/17:50:11.329981,10117,1751712611,340147008,base_link,0,1,-7.2870201,112.7960329,53.995652179701565,"(1.338649, 0.0, 0.0, 0.0, 1.338649, 0.0, 0.0, 0.0, 3.4521640000000002)",2
2025/07/05/17:50:11.510803,10118,1751712611,521147008,base_link,0,1,-7.287018,112.7960331,53.99565813661242,"(1.338649, 0.0, 0.0, 0.0, 1.338649, 0.0, 0.0, 0.0, 3.4521640000000002)",2
2025/07/05/17:50:11.610811,10119,1751712611,621147008,base_link,0,1,-7.2870168,112.7960331,53.98566118378089,"(1.3432810000000002, 0.0, 0.0, 0.0, 1.3432810000000002, 0.0, 0.0, 0.0, 3.441025)",2
2025/07/05/17:50:11.691309,10120,1751712611,702147008,base_link,0,1,-7.2870158,112.7960332,53.985664035307096,"(1.3502439999999998, 0.0, 0.0, 0.0, 1.3502439999999998, 0.0, 0.0, 0.0, 3.4299040000000005)",2
2025/07/05/17:50:11.769247,10121,1751712611,780147008,base_link,0,1,-7.2870148,112.7960333,53.985666886846346,"(1.3502439999999998, 0.0, 0.0, 0.0, 1.3502439999999998, 0.0, 0.0, 0.0, 3.4299040000000005)",2
2025/07/05/17:50:11.849130,10122,1751712611,860147008,base_link,0,1,-7.2870138,112.7960335,53.985670050604895,"(1.3502439999999998, 0.0, 0.0, 0.0, 1.3502439999999998, 0.0, 0.0, 0.0, 3.4299040000000005)",2
2025/07/05/17:50:11.929347,10123,1751712611,940147008,base_link,0,1,-7.2870129,112.7960338,53.9856732726475,"(1.3548959999999999, 0.0, 0.0, 0.0, 1.3548959999999999, 0.0, 0.0, 0.0, 3.4299040000000005)",2
2025/07/05/17:50:12.032692,10124,1751712612,43147008,base_link,0,1,-7.2870118,112.7960341,53.98567700257742,"(1.3548959999999999, 0.0, 0.0, 0.0, 1.3548959999999999, 0.0, 0.0, 0.0, 3.4299040000000005)",2
2025/07/05/17:50:12.129865,10125,1751712612,140147008,base_link,0,1,-7.2870106,112.7960344,53.9756809864638,"(1.3572250000000001, 0.0, 0.0, 0.0, 1.3572250000000001, 0.0, 0.0, 0.0, 3.4188009999999998)",2
2025/07/05/17:50:12.232617,10126,1751712612,243147008,base_link,0,1,-7.2870095,112.7960348,53.97568502863709,"(1.3572250000000001, 0.0, 0.0, 0.0, 1.3572250000000001, 0.0, 0.0, 0.0, 3.4188009999999998)",2
2025/07/05/17:50:12.329846,10127,1751712612,340147008,base_link,0,1,-7.2870085,112.7960352,53.98568881688574,"(1.3572250000000001, 0.0, 0.0, 0.0, 1.3572250000000001, 0.0, 0.0, 0.0, 3.404025)",2
2025/07/05/17:50:12.490904,10128,1751712612,501147008,base_link,0,1,-7.2870068,112.7960358,53.985695007175636,"(1.3572250000000001, 0.0, 0.0, 0.0, 1.3572250000000001, 0.0, 0.0, 0.0, 3.404025)",2
2025/07/05/17:50:12.591318,10129,1751712612,602147008,base_link,0,1,-7.2870057,112.7960363,53.98569936161918,"(1.3572250000000001, 0.0, 0.0, 0.0, 1.3572250000000001, 0.0, 0.0, 0.0, 3.407716)",2
2025/07/05/17:50:12.669913,10130,1751712612,680147008,base_link,0,1,-7.2870049,112.7960368,53.98570295423825,"(1.3642239999999999, 0.0, 0.0, 0.0, 1.3642239999999999, 0.0, 0.0, 0.0, 3.411409)",2
2025/07/05/17:50:12.769959,10131,1751712612,780147008,base_link,0,1,-7.2870039,112.7960374,53.985707366974324,"(1.3642239999999999, 0.0, 0.0, 0.0, 1.3642239999999999, 0.0, 0.0, 0.0, 3.411409)",2
2025/07/05/17:50:12.890588,10132,1751712612,901147008,base_link,0,1,-7.2870027,112.7960381,53.98571259983653,"(1.3642239999999999, 0.0, 0.0, 0.0, 1.3642239999999999, 0.0, 0.0, 0.0, 3.411409)",2
2025/07/05/17:50:12.990609,10133,1751712613,1147008,base_link,0,1,-7.2870018,112.7960387,53.99571675865543,"(1.3688999999999998, 0.0, 0.0, 0.0, 1.3688999999999998, 0.0, 0.0, 0.0, 3.4151040000000004)",2
2025/07/05/17:50:13.070119,10134,1751712613,80147008,base_link,0,1,-7.287001,112.7960392,53.99572035132435,"(1.3759290000000002, 0.0, 0.0, 0.0, 1.3759290000000002, 0.0, 0.0, 0.0, 3.4151040000000004)",2
2025/07/05/17:50:13.170696,10135,1751712613,180147008,base_link,0,1,-7.287,112.7960398,53.99572476412236,"(1.3759290000000002, 0.0, 0.0, 0.0, 1.3759290000000002, 0.0, 0.0, 0.0, 3.4151040000000004)",2
2025/07/05/17:50:13.250782,10136,1751712613,260147008,base_link,0,1,-7.2869993,112.7960404,53.995728415068854,"(1.3759290000000002, 0.0, 0.0, 0.0, 1.3759290000000002, 0.0, 0.0, 0.0, 3.4151040000000004)",2
2025/07/05/17:50:13.349699,10137,1751712613,360147008,base_link,0,1,-7.2869984,112.7960411,53.99573288614759,"(1.385329, 0.0, 0.0, 0.0, 1.385329, 0.0, 0.0, 0.0, 3.407716)",2
2025/07/05/17:50:13.549854,10138,1751712613,560147008,base_link,0,1,-7.2869967,112.7960426,54.005741886596496,"(1.3923999999999999, 0.0, 0.0, 0.0, 1.3923999999999999, 0.0, 0.0, 0.0, 3.4003360000000002)",2
2025/07/05/17:50:13.649651,10139,1751712613,660147008,base_link,0,1,-7.286996,112.7960433,54.005745849792504,"(1.3923999999999999, 0.0, 0.0, 0.0, 1.3923999999999999, 0.0, 0.0, 0.0, 3.4003360000000002)",2
2025/07/05/17:50:13.749675,10140,1751712613,760147008,base_link,0,1,-7.2869952,112.7960441,54.01575037916983,"(1.3971239999999998, 0.0, 0.0, 0.0, 1.3971239999999998, 0.0, 0.0, 0.0, 3.4003360000000002)",2
2025/07/05/17:50:13.849670,10141,1751712613,860147008,base_link,0,1,-7.2869945,112.7960449,54.01575465459486,"(1.3971239999999998, 0.0, 0.0, 0.0, 1.3971239999999998, 0.0, 0.0, 0.0, 3.4003360000000002)",2
2025/07/05/17:50:13.969916,10142,1751712613,980147008,base_link,0,1,-7.2869937,112.7960459,54.02575980841469,"(1.4018559999999998, 0.0, 0.0, 0.0, 1.4018559999999998, 0.0, 0.0, 0.0, 3.3745689999999997)",2
2025/07/05/17:50:14.049413,10143,1751712614,60147008,base_link,0,1,-7.2869931,112.7960465,54.0257632054706,"(1.4018559999999998, 0.0, 0.0, 0.0, 1.4018559999999998, 0.0, 0.0, 0.0, 3.3745689999999997)",2
2025/07/05/17:50:14.149849,10144,1751712614,160147008,base_link,0,1,-7.2869925,112.7960474,54.03576753916559,"(1.4018559999999998, 0.0, 0.0, 0.0, 1.4018559999999998, 0.0, 0.0, 0.0, 3.3525609999999997)",2
2025/07/05/17:50:14.250056,10145,1751712614,260147008,base_link,0,1,-7.2869918,112.7960483,54.03577212683473,"(1.4018559999999998, 0.0, 0.0, 0.0, 1.4018559999999998, 0.0, 0.0, 0.0, 3.3525609999999997)",2
2025/07/05/17:50:14.349523,10146,1751712614,360147008,base_link,0,1,-7.2869912,112.7960492,54.035776460543616,"(1.404225, 0.0, 0.0, 0.0, 1.404225, 0.0, 0.0, 0.0, 3.3124000000000002)",2
2025/07/05/17:50:14.549835,10147,1751712614,560147008,base_link,0,1,-7.2869901,112.7960509,54.055784561798404,"(1.4089690000000001, 0.0, 0.0, 0.0, 1.4089690000000001, 0.0, 0.0, 0.0, 3.279721)",2
2025/07/05/17:50:14.649556,10148,1751712614,660147008,base_link,0,1,-7.2869895,112.7960519,54.065789207736145,"(1.4089690000000001, 0.0, 0.0, 0.0, 1.4089690000000001, 0.0, 0.0, 0.0, 3.279721)",2
2025/07/05/17:50:14.749866,10149,1751712614,760147008,base_link,0,1,-7.286989,112.7960528,54.06579328749632,"(1.4161, 0.0, 0.0, 0.0, 1.4161, 0.0, 0.0, 0.0, 3.268864)",2
2025/07/05/17:50:14.849720,10150,1751712614,860147008,base_link,0,1,-7.2869886,112.7960538,54.075797425497605,"(1.4161, 0.0, 0.0, 0.0, 1.4161, 0.0, 0.0, 0.0, 3.268864)",2
2025/07/05/17:50:14.969285,10151,1751712614,980147008,base_link,0,1,-7.2869881,112.796055,54.075802441897174,"(1.4232490000000002, 0.0, 0.0, 0.0, 1.4232490000000002, 0.0, 0.0, 0.0, 3.261636)",2
2025/07/05/17:50:15.049661,10152,1751712615,60147008,base_link,0,1,-7.2869879,112.7960558,54.08580544753163,"(1.4232490000000002, 0.0, 0.0, 0.0, 1.4232490000000002, 0.0, 0.0, 0.0, 3.261636)",2
2025/07/05/17:50:15.149907,10153,1751712615,160147008,base_link,0,1,-7.2869876,112.7960568,54.085809331562686,"(1.4328090000000002, 0.0, 0.0, 0.0, 1.4328090000000002, 0.0, 0.0, 0.0, 3.254416)",2
2025/07/05/17:50:15.249793,10154,1751712615,260147008,base_link,0,1,-7.2869874,112.7960578,54.09581296161747,"(1.4328090000000002, 0.0, 0.0, 0.0, 1.4328090000000002, 0.0, 0.0, 0.0, 3.254416)",2
2025/07/05/17:50:15.329672,10155,1751712615,340147008,base_link,0,1,-7.2869872,112.7960586,54.105815967251694,"(1.4376010000000001, 0.0, 0.0, 0.0, 1.4376010000000001, 0.0, 0.0, 0.0, 3.254416)",2
2025/07/05/17:50:15.490864,10156,1751712615,501147008,base_link,0,1,-7.2869868,112.7960603,54.10582229072981,"(1.4376010000000001, 0.0, 0.0, 0.0, 1.4376010000000001, 0.0, 0.0, 0.0, 3.254416)",2
2025/07/05/17:50:15.610538,10157,1751712615,621147008,base_link,0,1,-7.2869864,112.7960614,54.105826740951024,"(1.420864, 0.0, 0.0, 0.0, 1.420864, 0.0, 0.0, 0.0, 3.1897960000000003)",2
2025/07/05/17:50:15.690484,10158,1751712615,701147008,base_link,0,1,-7.286986,112.7960621,54.11582994233679,"(1.4018559999999998, 0.0, 0.0, 0.0, 1.4018559999999998, 0.0, 0.0, 0.0, 3.139984)",2
2025/07/05/17:50:15.769717,10159,1751712615,780147008,base_link,0,1,-7.2869856,112.7960628,54.115833143725226,"(1.4018559999999998, 0.0, 0.0, 0.0, 1.4018559999999998, 0.0, 0.0, 0.0, 3.139984)",2
2025/07/05/17:50:15.891760,10160,1751712615,902147008,base_link,0,1,-7.2869849,112.796064,54.115838668109475,"(1.4018559999999998, 0.0, 0.0, 0.0, 1.4018559999999998, 0.0, 0.0, 0.0, 3.139984)",2
2025/07/05/17:50:15.990946,10161,1751712616,1147008,base_link,0,1,-7.2869845,112.796065,54.115842806133415,"(1.3782759999999998, 0.0, 0.0, 0.0, 1.3782759999999998, 0.0, 0.0, 0.0, 3.0976)",2
2025/07/05/17:50:16.069841,10162,1751712616,80147008,base_link,0,1,-7.286984,112.7960657,54.115846261516324,"(1.3618890000000001, 0.0, 0.0, 0.0, 1.3618890000000001, 0.0, 0.0, 0.0, 3.0660009999999995)",2
2025/07/05/17:50:16.169901,10163,1751712616,180147008,base_link,0,1,-7.2869836,112.7960667,54.11585039954612,"(1.3618890000000001, 0.0, 0.0, 0.0, 1.3618890000000001, 0.0, 0.0, 0.0, 3.0660009999999995)",2
2025/07/05/17:50:16.249604,10164,1751712616,260147008,base_link,0,1,-7.2869832,112.7960675,54.125853913160284,"(1.3618890000000001, 0.0, 0.0, 0.0, 1.3618890000000001, 0.0, 0.0, 0.0, 3.0660009999999995)",2
2025/07/05/17:50:16.329474,10165,1751712616,340147008,base_link,0,1,-7.2869829,112.7960683,54.12585717279052,"(1.338649, 0.0, 0.0, 0.0, 1.338649, 0.0, 0.0, 0.0, 3.0171690000000004)",2
2025/07/05/17:50:16.491445,10166,1751712616,502147008,base_link,0,1,-7.2869824,112.79607,54.12586375027567,"(1.338649, 0.0, 0.0, 0.0, 1.338649, 0.0, 0.0, 0.0, 3.0171690000000004)",2
2025/07/05/17:50:16.590875,10167,1751712616,601147008,base_link,0,1,-7.2869821,112.796071,54.12586763432586,"(1.3179039999999997, 0.0, 0.0, 0.0, 1.3179039999999997, 0.0, 0.0, 0.0, 2.9825290000000004)",2
2025/07/05/17:50:16.669394,10168,1751712616,680147008,base_link,0,1,-7.2869819,112.7960718,54.12587063997091,"(1.306449, 0.0, 0.0, 0.0, 1.306449, 0.0, 0.0, 0.0, 2.951524)",2
2025/07/05/17:50:16.749490,10169,1751712616,760147008,base_link,0,1,-7.2869818,112.7960726,54.12587339162636,"(1.306449, 0.0, 0.0, 0.0, 1.306449, 0.0, 0.0, 0.0, 2.951524)",2
2025/07/05/17:50:16.849431,10170,1751712616,860147008,base_link,0,1,-7.2869817,112.7960736,54.12587676769681,"(1.306449, 0.0, 0.0, 0.0, 1.306449, 0.0, 0.0, 0.0, 2.951524)",2
2025/07/05/17:50:16.973114,10171,1751712616,981147008,base_link,0,1,-7.2869817,112.7960748,54.1258805141903,"(1.2995999999999999, 0.0, 0.0, 0.0, 1.2995999999999999, 0.0, 0.0, 0.0, 2.917264)",2
2025/07/05/17:50:17.049690,10172,1751712617,60147008,base_link,0,1,-7.2869818,112.7960756,54.1258827578597,"(1.2995999999999999, 0.0, 0.0, 0.0, 1.2995999999999999, 0.0, 0.0, 0.0, 2.917264)",2
2025/07/05/17:50:17.149835,10173,1751712617,160147008,base_link,0,1,-7.2869819,112.7960766,54.12588562594112,"(1.279161, 0.0, 0.0, 0.0, 1.279161, 0.0, 0.0, 0.0, 2.873025)",2
2025/07/05/17:50:17.249556,10174,1751712617,260147008,base_link,0,1,-7.2869819,112.7960777,54.12588906021702,"(1.279161, 0.0, 0.0, 0.0, 1.279161, 0.0, 0.0, 0.0, 2.873025)",2
2025/07/05/17:50:17.328938,10175,1751712617,340147008,base_link,0,1,-7.2869819,112.7960786,54.12589187007674,"(1.261129, 0.0, 0.0, 0.0, 1.261129, 0.0, 0.0, 0.0, 2.8324890000000003)",2
2025/07/05/17:50:17.469945,10176,1751712617,480147008,base_link,0,1,-7.2869818,112.7960802,54.12589711936977,"(1.261129, 0.0, 0.0, 0.0, 1.261129, 0.0, 0.0, 0.0, 2.8324890000000003)",2
2025/07/05/17:50:17.591108,10177,1751712617,602147008,base_link,0,1,-7.2869816,112.7960815,54.12590168603293,"(1.2365440000000003, 0.0, 0.0, 0.0, 1.2365440000000003, 0.0, 0.0, 0.0, 2.7989290000000002)",2
2025/07/05/17:50:17.670131,10178,1751712617,681147008,base_link,0,1,-7.2869815,112.7960823,54.13590443767228,"(1.2144040000000003, 0.0, 0.0, 0.0, 1.2144040000000003, 0.0, 0.0, 0.0, 2.772225)",2
2025/07/05/17:50:17.749400,10179,1751712617,760147008,base_link,0,1,-7.2869814,112.7960832,54.135907501516016,"(1.2144040000000003, 0.0, 0.0, 0.0, 1.2144040000000003, 0.0, 0.0, 0.0, 2.772225)",2
2025/07/05/17:50:17.849969,10180,1751712617,860147008,base_link,0,1,-7.2869813,112.7960844,54.125911501974,"(1.2144040000000003, 0.0, 0.0, 0.0, 1.2144040000000003, 0.0, 0.0, 0.0, 2.772225)",2
2025/07/05/17:50:17.970052,10181,1751712617,980147008,base_link,0,1,-7.2869811,112.7960857,54.12591606862932,"(1.203409, 0.0, 0.0, 0.0, 1.203409, 0.0, 0.0, 0.0, 2.7456490000000002)",2
2025/07/05/17:50:18.049524,10182,1751712618,60147008,base_link,0,1,-7.2869811,112.7960866,54.125918878472106,"(1.1881000000000002, 0.0, 0.0, 0.0, 1.1881000000000002, 0.0, 0.0, 0.0, 2.712609)",2
2025/07/05/17:50:18.169672,10183,1751712618,180147008,base_link,0,1,-7.286981,112.7960879,54.12592319112633,"(1.1881000000000002, 0.0, 0.0, 0.0, 1.1881000000000002, 0.0, 0.0, 0.0, 2.712609)",2
2025/07/05/17:50:18.249626,10184,1751712618,260147008,base_link,0,1,-7.286981,112.7960888,54.12592600096403,"(1.1620840000000001, 0.0, 0.0, 0.0, 1.1620840000000001, 0.0, 0.0, 0.0, 2.6699559999999996)",2
2025/07/05/17:50:18.349623,10185,1751712618,360147008,base_link,0,1,-7.2869811,112.79609,54.125929493413764,"(1.1620840000000001, 0.0, 0.0, 0.0, 1.1620840000000001, 0.0, 0.0, 0.0, 2.6699559999999996)",2
2025/07/05/17:50:18.529351,10186,1751712618,540147008,base_link,0,1,-7.2869813,112.796092,54.125935229486856,"(1.1620840000000001, 0.0, 0.0, 0.0, 1.1620840000000001, 0.0, 0.0, 0.0, 2.6699559999999996)",2
2025/07/05/17:50:18.632383,10187,1751712618,643147008,base_link,0,1,-7.2869815,112.7960931,54.12593815572316,"(1.1363560000000001, 0.0, 0.0, 0.0, 1.1363560000000001, 0.0, 0.0, 0.0, 2.621161)",2
2025/07/05/17:50:18.729658,10188,1751712618,740147008,base_link,0,1,-7.2869817,112.7960942,54.125941081955034,"(1.113025, 0.0, 0.0, 0.0, 1.113025, 0.0, 0.0, 0.0, 2.5792360000000003)",2
2025/07/05/17:50:18.832326,10189,1751712618,843147008,base_link,0,1,-7.286982,112.7960952,54.12594344198234,"(1.113025, 0.0, 0.0, 0.0, 1.113025, 0.0, 0.0, 0.0, 2.5792360000000003)",2
2025/07/05/17:50:18.929935,10190,1751712618,940147008,base_link,0,1,-7.2869824,112.7960963,54.125945860209214,"(1.0753689999999998, 0.0, 0.0, 0.0, 1.0753689999999998, 0.0, 0.0, 0.0, 2.524921)",2
2025/07/05/17:50:19.032121,10191,1751712619,43147008,base_link,0,1,-7.2869828,112.7960974,54.12594827843125,"(1.0753689999999998, 0.0, 0.0, 0.0, 1.0753689999999998, 0.0, 0.0, 0.0, 2.524921)",2
2025/07/05/17:50:19.129421,10192,1751712619,140147008,base_link,0,1,-7.2869832,112.7960985,54.12595069664863,"(1.0404, 0.0, 0.0, 0.0, 1.0404, 0.0, 0.0, 0.0, 2.4649)",2
2025/07/05/17:50:19.232683,10193,1751712619,243147008,base_link,0,1,-7.2869837,112.7960996,54.12595286086352,"(1.0404, 0.0, 0.0, 0.0, 1.0404, 0.0, 0.0, 0.0, 2.4649)",2
2025/07/05/17:50:19.332268,10194,1751712619,340147008,base_link,0,1,-7.2869842,112.7961007,54.12595502507378,"(1.012036, 0.0, 0.0, 0.0, 1.012036, 0.0, 0.0, 0.0, 2.421136)",2
2025/07/05/17:50:19.491210,10195,1751712619,502147008,base_link,0,1,-7.2869851,112.7961025,54.125958358683334,"(1.012036, 0.0, 0.0, 0.0, 1.012036, 0.0, 0.0, 0.0, 2.421136)",2
2025/07/05/17:50:19.610953,10196,1751712619,621147008,base_link,0,1,-7.2869858,112.7961038,54.1259606392847,"(0.990025, 0.0, 0.0, 0.0, 0.990025, 0.0, 0.0, 0.0, 2.377764)",2
2025/07/05/17:50:19.712032,10197,1751712619,721147008,base_link,0,1,-7.2869865,112.7961049,54.12596229548532,"(0.970225, 0.0, 0.0, 0.0, 0.970225, 0.0, 0.0, 0.0, 2.3409)",2
2025/07/05/17:50:19.790571,10198,1751712619,801147008,base_link,0,1,-7.2869871,112.7961057,54.12596326908741,"(0.970225, 0.0, 0.0, 0.0, 0.970225, 0.0, 0.0, 0.0, 2.3409)",2
2025/07/05/17:50:19.869584,10199,1751712619,880147008,base_link,0,1,-7.2869877,112.7961065,54.12596424268841,"(0.948676, 0.0, 0.0, 0.0, 0.948676, 0.0, 0.0, 0.0, 2.3043240000000003)",2
2025/07/05/17:50:20.011136,10200,1751712620,21147008,base_link,0,1,-7.2869889,112.796108,54.13596587769149,"(0.948676, 0.0, 0.0, 0.0, 0.948676, 0.0, 0.0, 0.0, 2.3043240000000003)",2
2025/07/05/17:50:20.089853,10201,1751712620,101107072,base_link,0,1,-7.2869895,112.7961088,54.13596685128971,"(0.935089, 0.0, 0.0, 0.0, 0.935089, 0.0, 0.0, 0.0, 2.277081)",2
2025/07/05/17:50:20.169465,10202,1751712620,180107072,base_link,0,1,-7.2869902,112.7961096,54.13596757089317,"(0.935089, 0.0, 0.0, 0.0, 0.935089, 0.0, 0.0, 0.0, 2.277081)",2
2025/07/05/17:50:20.249406,10203,1751712620,260107072,base_link,0,1,-7.286991,112.7961103,54.135967724309296,"(0.935089, 0.0, 0.0, 0.0, 0.935089, 0.0, 0.0, 0.0, 2.277081)",2
2025/07/05/17:50:20.349538,10204,1751712620,360107072,base_link,0,1,-7.2869919,112.7961112,54.135968248122964,"(0.9254439999999999, 0.0, 0.0, 0.0, 0.9254439999999999, 0.0, 0.0, 0.0, 2.2470010000000005)",2
2025/07/05/17:50:20.529613,10205,1751712620,540107072,base_link,0,1,-7.2869935,112.7961127,54.135968867157914,"(0.9158489999999999, 0.0, 0.0, 0.0, 0.9158489999999999, 0.0, 0.0, 0.0, 2.2230810000000005)",2
2025/07/05/17:50:20.610617,10206,1751712620,621107072,base_link,0,1,-7.2869943,112.7961133,54.135968708389555,"(0.9158489999999999, 0.0, 0.0, 0.0, 0.9158489999999999, 0.0, 0.0, 0.0, 2.2230810000000005)",2
2025/07/05/17:50:20.690156,10207,1751712620,701107072,base_link,0,1,-7.286995,112.7961138,54.135968491421835,"(0.9044009999999999, 0.0, 0.0, 0.0, 0.9044009999999999, 0.0, 0.0, 0.0, 2.1933610000000003)",2
2025/07/05/17:50:20.769938,10208,1751712620,780107072,base_link,0,1,-7.2869957,112.7961143,54.14596827445665,"(0.9044009999999999, 0.0, 0.0, 0.0, 0.9044009999999999, 0.0, 0.0, 0.0, 2.1933610000000003)",2
2025/07/05/17:50:20.849376,10209,1751712620,860107072,base_link,0,1,-7.2869964,112.7961148,54.14596805749407,"(0.9044009999999999, 0.0, 0.0, 0.0, 0.9044009999999999, 0.0, 0.0, 0.0, 2.1933610000000003)",2
2025/07/05/17:50:20.969726,10210,1751712620,980107072,base_link,0,1,-7.2869974,112.7961154,54.145967390762976,"(0.8949159999999999, 0.0, 0.0, 0.0, 0.8949159999999999, 0.0, 0.0, 0.0, 2.1697290000000002)",2
2025/07/05/17:50:21.049647,10211,1751712621,60107072,base_link,0,1,-7.286998,112.7961158,54.14596711560351,"(0.8949159999999999, 0.0, 0.0, 0.0, 0.8949159999999999, 0.0, 0.0, 0.0, 2.1697290000000002)",2
2025/07/05/17:50:21.151278,10212,1751712621,160107072,base_link,0,1,-7.2869988,112.7961163,54.14596664466423,"(0.8873639999999999, 0.0, 0.0, 0.0, 0.8873639999999999, 0.0, 0.0, 0.0, 2.140369)",2
2025/07/05/17:50:21.249581,10213,1751712621,260107072,base_link,0,1,-7.2869996,112.7961167,54.145965861539835,"(0.8873639999999999, 0.0, 0.0, 0.0, 0.8873639999999999, 0.0, 0.0, 0.0, 2.140369)",2
2025/07/05/17:50:21.350008,10214,1751712621,360107072,base_link,0,1,-7.2870004,112.796117,54.15596476623144,"(0.8779690000000001, 0.0, 0.0, 0.0, 0.8779690000000001, 0.0, 0.0, 0.0, 2.1170250000000004)",2
2025/07/05/17:50:21.529703,10215,1751712621,540107072,base_link,0,1,-7.2870017,112.7961178,54.16596396195547,"(0.8779690000000001, 0.0, 0.0, 0.0, 0.8779690000000001, 0.0, 0.0, 0.0, 2.1170250000000004)",2
2025/07/05/17:50:21.632821,10216,1751712621,643107072,base_link,0,1,-7.2870024,112.7961181,54.16596312064274,"(0.8704890000000001, 0.0, 0.0, 0.0, 0.8704890000000001, 0.0, 0.0, 0.0, 2.105401)",2
2025/07/05/17:50:21.729368,10217,1751712621,740107072,base_link,0,1,-7.287003,112.7961185,54.16596284550286,"(0.8630410000000001, 0.0, 0.0, 0.0, 0.8630410000000001, 0.0, 0.0, 0.0, 2.090916)",2
2025/07/05/17:50:21.832174,10218,1751712621,843107072,base_link,0,1,-7.2870037,112.7961189,54.16596231638431,"(0.8630410000000001, 0.0, 0.0, 0.0, 0.8630410000000001, 0.0, 0.0, 0.0, 2.090916)",2
2025/07/05/17:50:21.929973,10219,1751712621,940107072,base_link,0,1,-7.2870043,112.7961193,54.16596204124923,"(0.8556250000000001, 0.0, 0.0, 0.0, 0.8556250000000001, 0.0, 0.0, 0.0, 2.0736)",2
2025/07/05/17:50:22.032204,10220,1751712622,43107072,base_link,0,1,-7.287005,112.7961197,54.165961512136704,"(0.8556250000000001, 0.0, 0.0, 0.0, 0.8556250000000001, 0.0, 0.0, 0.0, 2.0736)",2
2025/07/05/17:50:22.129481,10221,1751712622,140107072,base_link,0,1,-7.2870056,112.79612,54.16596092482041,"(0.848241, 0.0, 0.0, 0.0, 0.848241, 0.0, 0.0, 0.0, 2.0563559999999996)",2
2025/07/05/17:50:22.232864,10222,1751712622,243107072,base_link,0,1,-7.2870063,112.7961204,54.165960395714336,"(0.848241, 0.0, 0.0, 0.0, 0.848241, 0.0, 0.0, 0.0, 2.0563559999999996)",2
2025/07/05/17:50:22.329253,10223,1751712622,340107072,base_link,0,1,-7.2870068,112.7961207,54.15596006238135,"(0.8408890000000001, 0.0, 0.0, 0.0, 0.8408890000000001, 0.0, 0.0, 0.0, 2.0391839999999997)",2
2025/07/05/17:50:22.490872,10224,1751712622,502107072,base_link,0,1,-7.2870078,112.7961213,54.15595939572034,"(0.8408890000000001, 0.0, 0.0, 0.0, 0.8408890000000001, 0.0, 0.0, 0.0, 2.0391839999999997)",2
2025/07/05/17:50:22.590863,10225,1751712622,601107072,base_link,0,1,-7.2870084,112.7961216,54.145958808416296,"(0.835396, 0.0, 0.0, 0.0, 0.835396, 0.0, 0.0, 0.0, 2.022084)",2
2025/07/05/17:50:22.669913,10226,1751712622,680107072,base_link,0,1,-7.2870089,112.7961219,54.14595847509035,"(0.8281000000000001, 0.0, 0.0, 0.0, 0.8281000000000001, 0.0, 0.0, 0.0, 2.002225)",2
2025/07/05/17:50:22.749868,10227,1751712622,760107072,base_link,0,1,-7.2870093,112.7961222,54.145958395741175,"(0.8281000000000001, 0.0, 0.0, 0.0, 0.8281000000000001, 0.0, 0.0, 0.0, 2.002225)",2
2025/07/05/17:50:22.852540,10228,1751712622,860107072,base_link,0,1,-7.2870099,112.7961225,54.135957808443436,"(0.8281000000000001, 0.0, 0.0, 0.0, 0.8281000000000001, 0.0, 0.0, 0.0, 2.002225)",2
2025/07/05/17:50:22.970008,10229,1751712622,980107072,base_link,0,1,-7.2870105,112.7961229,54.135957533331805,"(0.8226490000000001, 0.0, 0.0, 0.0, 0.8226490000000001, 0.0, 0.0, 0.0, 1.985281)",2
2025/07/05/17:50:23.050896,10230,1751712623,60107072,base_link,0,1,-7.2870109,112.7961231,54.125957141803184,"(0.817216, 0.0, 0.0, 0.0, 0.817216, 0.0, 0.0, 0.0, 1.9768359999999998)",2
2025/07/05/17:50:23.149179,10231,1751712623,160107072,base_link,0,1,-7.2870114,112.7961234,54.125956808485455,"(0.817216, 0.0, 0.0, 0.0, 0.817216, 0.0, 0.0, 0.0, 1.9768359999999998)",2
2025/07/05/17:50:23.249171,10232,1751712623,260107072,base_link,0,1,-7.287012,112.7961238,54.125956533379366,"(0.817216, 0.0, 0.0, 0.0, 0.817216, 0.0, 0.0, 0.0, 1.9768359999999998)",2
2025/07/05/17:50:23.349274,10233,1751712623,360107072,base_link,0,1,-7.2870125,112.7961241,54.12595620006519,"(0.815409, 0.0, 0.0, 0.0, 0.815409, 0.0, 0.0, 0.0, 1.968409)",2
2025/07/05/17:50:23.549916,10234,1751712623,560107072,base_link,0,1,-7.2870135,112.7961247,54.12595553344167,"(0.817216, 0.0, 0.0, 0.0, 0.817216, 0.0, 0.0, 0.0, 1.9712159999999999)",2
2025/07/05/17:50:23.649238,10235,1751712623,660107072,base_link,0,1,-7.287014,112.7961251,54.125955512313794,"(0.817216, 0.0, 0.0, 0.0, 0.817216, 0.0, 0.0, 0.0, 1.9712159999999999)",2
2025/07/05/17:50:23.749583,10236,1751712623,760107072,base_link,0,1,-7.2870145,112.7961254,54.12595517900584,"(0.8226490000000001, 0.0, 0.0, 0.0, 0.8226490000000001, 0.0, 0.0, 0.0, 1.9768359999999998)",2
2025/07/05/17:50:23.849179,10237,1751712623,860107072,base_link,0,1,-7.2870149,112.7961256,54.12595478748841,"(0.8226490000000001, 0.0, 0.0, 0.0, 0.8226490000000001, 0.0, 0.0, 0.0, 1.9768359999999998)",2
2025/07/05/17:50:23.969816,10238,1751712623,980107072,base_link,0,1,-7.2870155,112.7961259,54.135954200214485,"(0.831744, 0.0, 0.0, 0.0, 0.831744, 0.0, 0.0, 0.0, 1.9824639999999998)",2
2025/07/05/17:50:24.069684,10239,1751712624,80107072,base_link,0,1,-7.2870159,112.7961262,54.13595412088034,"(0.831744, 0.0, 0.0, 0.0, 0.831744, 0.0, 0.0, 0.0, 1.9824639999999998)",2
2025/07/05/17:50:24.169853,10240,1751712624,180107072,base_link,0,1,-7.2870164,112.7961265,54.13595378757876,"(0.839056, 0.0, 0.0, 0.0, 0.839056, 0.0, 0.0, 0.0, 1.9824639999999998)",2
2025/07/05/17:50:24.249205,10241,1751712624,260107072,base_link,0,1,-7.2870168,112.7961266,54.13595308388693,"(0.839056, 0.0, 0.0, 0.0, 0.839056, 0.0, 0.0, 0.0, 1.9824639999999998)",2
2025/07/05/17:50:24.329907,10242,1751712624,340107072,base_link,0,1,-7.2870172,112.7961268,54.13595269237635,"(0.839056, 0.0, 0.0, 0.0, 0.839056, 0.0, 0.0, 0.0, 1.9740250000000001)",2
2025/07/05/17:50:24.490151,10243,1751712624,501107072,base_link,0,1,-7.2870179,112.7961272,54.13595216332544,"(0.839056, 0.0, 0.0, 0.0, 0.839056, 0.0, 0.0, 0.0, 1.9740250000000001)",2
2025/07/05/17:50:24.632734,10244,1751712624,643107072,base_link,0,1,-7.2870185,112.7961275,54.13595157606494,"(0.835396, 0.0, 0.0, 0.0, 0.835396, 0.0, 0.0, 0.0, 1.968409)",2
2025/07/05/17:50:24.729155,10245,1751712624,740107072,base_link,0,1,-7.287019,112.7961278,54.13595124277259,"(0.8335690000000001, 0.0, 0.0, 0.0, 0.8335690000000001, 0.0, 0.0, 0.0, 1.9656039999999997)",2
2025/07/05/17:50:24.832191,10246,1751712624,843107072,base_link,0,1,-7.2870194,112.796128,54.14595085126858,"(0.8335690000000001, 0.0, 0.0, 0.0, 0.8335690000000001, 0.0, 0.0, 0.0, 1.9656039999999997)",2
2025/07/05/17:50:24.930547,10247,1751712624,940107072,base_link,0,1,-7.2870198,112.7961282,54.13595045976575,"(0.831744, 0.0, 0.0, 0.0, 0.831744, 0.0, 0.0, 0.0, 1.9656039999999997)",2
2025/07/05/17:50:25.035030,10248,1751712625,43107072,base_link,0,1,-7.2870203,112.7961285,54.13595012647792,"(0.831744, 0.0, 0.0, 0.0, 0.831744, 0.0, 0.0, 0.0, 1.9656039999999997)",2
2025/07/05/17:50:25.129092,10249,1751712625,140107072,base_link,0,1,-7.2870207,112.7961287,54.13594973497774,"(0.8335690000000001, 0.0, 0.0, 0.0, 0.8335690000000001, 0.0, 0.0, 0.0, 1.962801)",2
2025/07/05/17:50:25.232160,10250,1751712625,243107072,base_link,0,1,-7.2870211,112.796129,54.14594965565628,"(0.8335690000000001, 0.0, 0.0, 0.0, 0.8335690000000001, 0.0, 0.0, 0.0, 1.962801)",2
2025/07/05/17:50:25.329424,10251,1751712625,340107072,base_link,0,1,-7.2870215,112.7961292,54.145949264158375,"(0.8408890000000001, 0.0, 0.0, 0.0, 0.8408890000000001, 0.0, 0.0, 0.0, 1.9768359999999998)",2
2025/07/05/17:50:25.490741,10252,1751712625,502107072,base_link,0,1,-7.2870222,112.7961295,54.14594842295146,"(0.8408890000000001, 0.0, 0.0, 0.0, 0.8408890000000001, 0.0, 0.0, 0.0, 1.9768359999999998)",2
2025/07/05/17:50:25.590814,10253,1751712625,602107072,base_link,0,1,-7.2870225,112.7961296,54.14594797324209,"(0.842724, 0.0, 0.0, 0.0, 0.842724, 0.0, 0.0, 0.0, 1.9880999999999998)",2
