time,.header.seq,.header.stamp.secs,.header.stamp.nsecs,.header.frame_id,.temperature,.variance
2025/07/05/17:49:30.950797,10277,1751712570,960147008,base_link,69.33,0.0
2025/07/05/17:49:31.051533,10278,1751712571,60147008,base_link,69.33,0.0
2025/07/05/17:49:31.150810,10279,1751712571,160147008,base_link,69.33,0.0
2025/07/05/17:49:31.250931,10280,1751712571,260147008,base_link,69.33,0.0
2025/07/05/17:49:31.350847,10281,1751712571,360147008,base_link,69.33,0.0
2025/07/05/17:49:31.511970,10282,1751712571,521147008,base_link,69.33,0.0
2025/07/05/17:49:31.612024,10283,1751712571,621147008,base_link,69.33,0.0
2025/07/05/17:49:31.692960,10284,1751712571,702147008,base_link,69.33,0.0
2025/07/05/17:49:31.792963,10285,1751712571,802147008,base_link,69.33,0.0
2025/07/05/17:49:31.871576,10286,1751712571,880147008,base_link,69.33,0.0
2025/07/05/17:49:31.992248,10287,1751712572,2147008,base_link,69.33,0.0
2025/07/05/17:49:32.071596,10288,1751712572,80147008,base_link,69.33,0.0
2025/07/05/17:49:32.171832,10289,1751712572,180147008,base_link,69.34,0.0
2025/07/05/17:49:32.272263,10290,1751712572,281147008,base_link,69.34,0.0
2025/07/05/17:49:32.412904,10291,1751712572,422147008,base_link,69.33,0.0
2025/07/05/17:49:32.531171,10292,1751712572,541147008,base_link,69.34,0.0
2025/07/05/17:49:32.652810,10293,1751712572,660147008,base_link,69.34,0.0
2025/07/05/17:49:32.751230,10294,1751712572,760147008,base_link,69.34,0.0
2025/07/05/17:49:32.834648,10295,1751712572,844147008,base_link,69.34,0.0
2025/07/05/17:49:32.953094,10296,1751712572,960147008,base_link,69.34,0.0
2025/07/05/17:49:33.053083,10297,1751712573,60147008,base_link,69.34,0.0
2025/07/05/17:49:33.151603,10298,1751712573,160147008,base_link,69.34,0.0
2025/07/05/17:49:33.251539,10299,1751712573,260147008,base_link,69.34,0.0
2025/07/05/17:49:33.351227,10300,1751712573,360147008,base_link,69.34,0.0
2025/07/05/17:49:33.512879,10301,1751712573,522147008,base_link,69.34,0.0
2025/07/05/17:49:33.593246,10302,1751712573,602147008,base_link,69.34,0.0
2025/07/05/17:49:33.692123,10303,1751712573,701147008,base_link,69.34,0.0
2025/07/05/17:49:33.791860,10304,1751712573,801147008,base_link,69.34,0.0
2025/07/05/17:49:33.892062,10305,1751712573,901147008,base_link,69.34,0.0
2025/07/05/17:49:33.971452,10306,1751712573,980147008,base_link,69.34,0.0
2025/07/05/17:49:34.071794,10307,1751712574,81147008,base_link,69.34,0.0
2025/07/05/17:49:34.192795,10308,1751712574,201147008,base_link,69.34,0.0
2025/07/05/17:49:34.270888,10309,1751712574,280147008,base_link,69.34,0.0
2025/07/05/17:49:34.392030,10310,1751712574,402147008,base_link,69.34,0.0
2025/07/05/17:49:34.571669,10311,1751712574,581147008,base_link,69.34,0.0
2025/07/05/17:49:34.671666,10312,1751712574,680147008,base_link,69.34,0.0
2025/07/05/17:49:34.772053,10313,1751712574,780147008,base_link,69.34,0.0
2025/07/05/17:49:34.872043,10314,1751712574,880147008,base_link,69.34,0.0
2025/07/05/17:49:34.991857,10315,1751712575,1147008,base_link,69.34,0.0
2025/07/05/17:49:35.071583,10316,1751712575,81147008,base_link,69.34,0.0
2025/07/05/17:49:35.171499,10317,1751712575,180147008,base_link,69.34,0.0
2025/07/05/17:49:35.271519,10318,1751712575,281147008,base_link,69.34,0.0
2025/07/05/17:49:35.351239,10319,1751712575,360147008,base_link,69.35,0.0
2025/07/05/17:49:35.511704,10320,1751712575,521147008,base_link,69.34,0.0
2025/07/05/17:49:35.612021,10321,1751712575,621147008,base_link,69.35,0.0
2025/07/05/17:49:35.692224,10322,1751712575,701147008,base_link,69.34,0.0
2025/07/05/17:49:35.770827,10323,1751712575,780147008,base_link,69.34,0.0
2025/07/05/17:49:35.871869,10324,1751712575,880147008,base_link,69.35,0.0
2025/07/05/17:49:35.991617,10325,1751712576,1147008,base_link,69.35,0.0
2025/07/05/17:49:36.071469,10326,1751712576,80147008,base_link,69.35,0.0
2025/07/05/17:49:36.151757,10327,1751712576,160147008,base_link,69.35,0.0
2025/07/05/17:49:36.251953,10328,1751712576,260147008,base_link,69.34,0.0
2025/07/05/17:49:36.351066,10329,1751712576,360147008,base_link,69.35,0.0
2025/07/05/17:49:36.531481,10330,1751712576,540147008,base_link,69.35,0.0
2025/07/05/17:49:36.650828,10331,1751712576,660147008,base_link,69.35,0.0
2025/07/05/17:49:36.730808,10332,1751712576,740147008,base_link,69.35,0.0
2025/07/05/17:49:36.812657,10333,1751712576,822147008,base_link,69.35,0.0
2025/07/05/17:49:36.911613,10334,1751712576,921147008,base_link,69.35,0.0
2025/07/05/17:49:37.034003,10335,1751712577,43147008,base_link,69.35,0.0
2025/07/05/17:49:37.130894,10336,1751712577,140147008,base_link,69.35,0.0
2025/07/05/17:49:37.233508,10337,1751712577,243147008,base_link,69.35,0.0
2025/07/05/17:49:37.311601,10338,1751712577,321147008,base_link,69.35,0.0
2025/07/05/17:49:37.451239,10339,1751712577,460147008,base_link,69.35,0.0
2025/07/05/17:49:37.571161,10340,1751712577,580147008,base_link,69.35,0.0
2025/07/05/17:49:37.651613,10341,1751712577,661147008,base_link,69.35,0.0
2025/07/05/17:49:37.751334,10342,1751712577,760147008,base_link,69.35,0.0
2025/07/05/17:49:37.850859,10343,1751712577,860147008,base_link,69.35,0.0
2025/07/05/17:49:37.971007,10344,1751712577,981147008,base_link,69.35,0.0
2025/07/05/17:49:38.050808,10345,1751712578,60147008,base_link,69.35,0.0
2025/07/05/17:49:38.150884,10346,1751712578,160147008,base_link,69.35,0.0
2025/07/05/17:49:38.251671,10347,1751712578,261147008,base_link,69.35,0.0
2025/07/05/17:49:38.351169,10348,1751712578,360147008,base_link,69.35,0.0
2025/07/05/17:49:38.530546,10349,1751712578,540147008,base_link,69.35,0.0
2025/07/05/17:49:38.615472,10350,1751712578,624147008,base_link,69.36,0.0
2025/07/05/17:49:38.711751,10351,1751712578,721147008,base_link,69.36,0.0
2025/07/05/17:49:38.793486,10352,1751712578,802147008,base_link,69.35,0.0
2025/07/05/17:49:38.891611,10353,1751712578,901147008,base_link,69.36,0.0
2025/07/05/17:49:38.993337,10354,1751712579,2147008,base_link,69.35,0.0
2025/07/05/17:49:39.091897,10355,1751712579,102147008,base_link,69.36,0.0
2025/07/05/17:49:39.192261,10356,1751712579,202147008,base_link,69.36,0.0
2025/07/05/17:49:39.291587,10357,1751712579,302147008,base_link,69.35,0.0
2025/07/05/17:49:39.433875,10358,1751712579,443147008,base_link,69.35,0.0
2025/07/05/17:49:39.551302,10359,1751712579,560147008,base_link,69.36,0.0
2025/07/05/17:49:39.651672,10360,1751712579,660147008,base_link,69.35,0.0
2025/07/05/17:49:39.751446,10361,1751712579,760147008,base_link,69.36,0.0
2025/07/05/17:49:39.851325,10362,1751712579,860147008,base_link,69.36,0.0
2025/07/05/17:49:39.951220,10363,1751712579,960147008,base_link,69.36,0.0
2025/07/05/17:49:40.053414,10364,1751712580,60147008,base_link,69.36,0.0
2025/07/05/17:49:40.152951,10365,1751712580,160147008,base_link,69.35,0.0
2025/07/05/17:49:40.252845,10366,1751712580,260147008,base_link,69.36,0.0
2025/07/05/17:49:40.351667,10367,1751712580,360147008,base_link,69.36,0.0
2025/07/05/17:49:40.530510,10368,1751712580,540147008,base_link,69.36,0.0
2025/07/05/17:49:40.611346,10369,1751712580,621147008,base_link,69.36,0.0
2025/07/05/17:49:40.693083,10370,1751712580,701147008,base_link,69.36,0.0
2025/07/05/17:49:40.792472,10371,1751712580,802147008,base_link,69.36,0.0
2025/07/05/17:49:40.930885,10372,1751712580,940147008,base_link,69.36,0.0
2025/07/05/17:49:41.033333,10373,1751712581,43147008,base_link,69.36,0.0
2025/07/05/17:49:41.111372,10374,1751712581,121147008,base_link,69.36,0.0
2025/07/05/17:49:41.192173,10375,1751712581,202147008,base_link,69.36,0.0
2025/07/05/17:49:41.272907,10376,1751712581,280147008,base_link,69.36,0.0
2025/07/05/17:49:41.353277,10377,1751712581,360147008,base_link,69.36,0.0
2025/07/05/17:49:41.511822,10378,1751712581,521147008,base_link,69.36,0.0
2025/07/05/17:49:41.612284,10379,1751712581,621147008,base_link,69.36,0.0
2025/07/05/17:49:41.691422,10380,1751712581,701147008,base_link,69.36,0.0
2025/07/05/17:49:41.791703,10381,1751712581,801147008,base_link,69.36,0.0
2025/07/05/17:49:41.891732,10382,1751712581,901147008,base_link,69.37,0.0
2025/07/05/17:49:42.013062,10383,1751712582,22147008,base_link,69.36,0.0
2025/07/05/17:49:42.092317,10384,1751712582,102147008,base_link,69.36,0.0
2025/07/05/17:49:42.191666,10385,1751712582,201147008,base_link,69.36,0.0
2025/07/05/17:49:42.271798,10386,1751712582,280147008,base_link,69.36,0.0
2025/07/05/17:49:42.370996,10387,1751712582,380147008,base_link,69.36,0.0
2025/07/05/17:49:42.552117,10388,1751712582,561147008,base_link,69.37,0.0
2025/07/05/17:49:42.670956,10389,1751712582,680147008,base_link,69.36,0.0
2025/07/05/17:49:42.771525,10390,1751712582,781147008,base_link,69.37,0.0
2025/07/05/17:49:42.891644,10391,1751712582,901147008,base_link,69.37,0.0
2025/07/05/17:49:42.992143,10392,1751712583,2147008,base_link,69.37,0.0
2025/07/05/17:49:43.091893,10393,1751712583,101147008,base_link,69.36,0.0
2025/07/05/17:49:43.191783,10394,1751712583,202147008,base_link,69.37,0.0
2025/07/05/17:49:43.291767,10395,1751712583,301147008,base_link,69.36,0.0
2025/07/05/17:49:43.391404,10396,1751712583,402147008,base_link,69.37,0.0
2025/07/05/17:49:43.571708,10397,1751712583,580147008,base_link,69.37,0.0
2025/07/05/17:49:43.671987,10398,1751712583,681147008,base_link,69.37,0.0
2025/07/05/17:49:43.771220,10399,1751712583,781147008,base_link,69.37,0.0
2025/07/05/17:49:43.871534,10400,1751712583,881147008,base_link,69.36,0.0
2025/07/05/17:49:43.992896,10401,1751712584,2147008,base_link,69.37,0.0
2025/07/05/17:49:44.072004,10402,1751712584,81147008,base_link,69.37,0.0
2025/07/05/17:49:44.171925,10403,1751712584,180147008,base_link,69.37,0.0
2025/07/05/17:49:44.271726,10404,1751712584,280147008,base_link,69.37,0.0
2025/07/05/17:49:44.351485,10405,1751712584,360147008,base_link,69.37,0.0
2025/07/05/17:49:44.511767,10406,1751712584,521147008,base_link,69.37,0.0
2025/07/05/17:49:44.611972,10407,1751712584,622147008,base_link,69.37,0.0
2025/07/05/17:49:44.691401,10408,1751712584,701147008,base_link,69.37,0.0
2025/07/05/17:49:44.791497,10409,1751712584,801147008,base_link,69.38,0.0
2025/07/05/17:49:44.871740,10410,1751712584,880147008,base_link,69.38,0.0
2025/07/05/17:49:44.991659,10411,1751712585,2147008,base_link,69.37,0.0
2025/07/05/17:49:45.071359,10412,1751712585,80147008,base_link,69.37,0.0
2025/07/05/17:49:45.191780,10413,1751712585,201147008,base_link,69.37,0.0
2025/07/05/17:49:45.271765,10414,1751712585,280147008,base_link,69.37,0.0
2025/07/05/17:49:45.371416,10415,1751712585,380147008,base_link,69.37,0.0
2025/07/05/17:49:45.552110,10416,1751712585,560147008,base_link,69.37,0.0
2025/07/05/17:49:45.650850,10417,1751712585,660147008,base_link,69.37,0.0
2025/07/05/17:49:45.751362,10418,1751712585,760147008,base_link,69.37,0.0
2025/07/05/17:49:45.852805,10419,1751712585,860147008,base_link,69.37,0.0
2025/07/05/17:49:45.950746,10420,1751712585,960147008,base_link,69.37,0.0
2025/07/05/17:49:46.052193,10421,1751712586,60147008,base_link,69.38,0.0
2025/07/05/17:49:46.150748,10422,1751712586,160147008,base_link,69.37,0.0
2025/07/05/17:49:46.252795,10423,1751712586,260147008,base_link,69.37,0.0
2025/07/05/17:49:46.351657,10424,1751712586,361147008,base_link,69.37,0.0
2025/07/05/17:49:46.530853,10425,1751712586,540147008,base_link,69.37,0.0
2025/07/05/17:49:46.630519,10426,1751712586,640147008,base_link,69.38,0.0
2025/07/05/17:49:46.731241,10427,1751712586,740147008,base_link,69.38,0.0
2025/07/05/17:49:46.812505,10428,1751712586,821147008,base_link,69.38,0.0
2025/07/05/17:49:46.912444,10429,1751712586,921147008,base_link,69.38,0.0
2025/07/05/17:49:47.012454,10430,1751712587,21147008,base_link,69.38,0.0
2025/07/05/17:49:47.091629,10431,1751712587,102147008,base_link,69.38,0.0
2025/07/05/17:49:47.191747,10432,1751712587,201147008,base_link,69.38,0.0
2025/07/05/17:49:47.272226,10433,1751712587,280147008,base_link,69.38,0.0
2025/07/05/17:49:47.412301,10434,1751712587,422147008,base_link,69.38,0.0
2025/07/05/17:49:47.591733,10435,1751712587,601147008,base_link,69.38,0.0
2025/07/05/17:49:47.670497,10436,1751712587,681147008,base_link,69.38,0.0
2025/07/05/17:49:47.770467,10437,1751712587,780147008,base_link,69.38,0.0
2025/07/05/17:49:47.871114,10438,1751712587,880147008,base_link,69.38,0.0
2025/07/05/17:49:47.991632,10439,1751712588,2147008,base_link,69.38,0.0
2025/07/05/17:49:48.091871,10440,1751712588,101147008,base_link,69.38,0.0
2025/07/05/17:49:48.191936,10441,1751712588,202147008,base_link,69.38,0.0
2025/07/05/17:49:48.271569,10442,1751712588,281147008,base_link,69.38,0.0
2025/07/05/17:49:48.371405,10443,1751712588,381147008,base_link,69.38,0.0
2025/07/05/17:49:48.553207,10444,1751712588,560147008,base_link,69.38,0.0
2025/07/05/17:49:48.652004,10445,1751712588,660147008,base_link,69.38,0.0
2025/07/05/17:49:48.750947,10446,1751712588,760147008,base_link,69.38,0.0
2025/07/05/17:49:48.852237,10447,1751712588,860147008,base_link,69.38,0.0
2025/07/05/17:49:48.950974,10448,1751712588,960147008,base_link,69.38,0.0
2025/07/05/17:49:49.052291,10449,1751712589,60147008,base_link,69.38,0.0
2025/07/05/17:49:49.150720,10450,1751712589,160147008,base_link,69.38,0.0
2025/07/05/17:49:49.252409,10451,1751712589,260147008,base_link,69.38,0.0
2025/07/05/17:49:49.350943,10452,1751712589,361147008,base_link,69.39,0.0
2025/07/05/17:49:49.530622,10453,1751712589,540147008,base_link,69.38,0.0
2025/07/05/17:49:49.633528,10454,1751712589,643147008,base_link,69.38,0.0
2025/07/05/17:49:49.713475,10455,1751712589,721147008,base_link,69.38,0.0
2025/07/05/17:49:49.812770,10456,1751712589,822147008,base_link,69.38,0.0
2025/07/05/17:49:49.912066,10457,1751712589,921147008,base_link,69.39,0.0
2025/07/05/17:49:50.012072,10458,1751712590,22147008,base_link,69.38,0.0
2025/07/05/17:49:50.091182,10459,1751712590,102147008,base_link,69.38,0.0
2025/07/05/17:49:50.191616,10460,1751712590,201147008,base_link,69.39,0.0
2025/07/05/17:49:50.272859,10461,1751712590,280147008,base_link,69.39,0.0
2025/07/05/17:49:50.352001,10462,1751712590,360147008,base_link,69.39,0.0
2025/07/05/17:49:50.511393,10463,1751712590,521147008,base_link,69.39,0.0
2025/07/05/17:49:50.612016,10464,1751712590,622147008,base_link,69.39,0.0
2025/07/05/17:49:50.691331,10465,1751712590,701147008,base_link,69.38,0.0
2025/07/05/17:49:50.791627,10466,1751712590,802147008,base_link,69.38,0.0
2025/07/05/17:49:50.891476,10467,1751712590,901147008,base_link,69.39,0.0
2025/07/05/17:49:50.992249,10468,1751712591,2147008,base_link,69.39,0.0
2025/07/05/17:49:51.091389,10469,1751712591,101147008,base_link,69.38,0.0
2025/07/05/17:49:51.191531,10470,1751712591,201147008,base_link,69.39,0.0
2025/07/05/17:49:51.270755,10471,1751712591,280147008,base_link,69.39,0.0
2025/07/05/17:49:51.351735,10472,1751712591,360147008,base_link,69.39,0.0
2025/07/05/17:49:51.530657,10473,1751712591,540147008,base_link,69.39,0.0
2025/07/05/17:49:51.651869,10474,1751712591,660147008,base_link,69.39,0.0
2025/07/05/17:49:51.730304,10475,1751712591,740147008,base_link,69.39,0.0
2025/07/05/17:49:51.830137,10476,1751712591,840147008,base_link,69.39,0.0
2025/07/05/17:49:51.912836,10477,1751712591,921147008,base_link,69.39,0.0
2025/07/05/17:49:52.011483,10478,1751712592,21147008,base_link,69.39,0.0
2025/07/05/17:49:52.091904,10479,1751712592,101147008,base_link,69.39,0.0
2025/07/05/17:49:52.191211,10480,1751712592,202147008,base_link,69.39,0.0
2025/07/05/17:49:52.270760,10481,1751712592,281147008,base_link,69.39,0.0
2025/07/05/17:49:52.391598,10482,1751712592,402147008,base_link,69.39,0.0
2025/07/05/17:49:52.570008,10483,1751712592,580147008,base_link,69.39,0.0
2025/07/05/17:49:52.671754,10484,1751712592,681147008,base_link,69.4,0.0
2025/07/05/17:49:52.771362,10485,1751712592,781147008,base_link,69.39,0.0
2025/07/05/17:49:52.870277,10486,1751712592,881147008,base_link,69.39,0.0
2025/07/05/17:49:52.991818,10487,1751712593,2147008,base_link,69.39,0.0
2025/07/05/17:49:53.091494,10488,1751712593,102147008,base_link,69.39,0.0
2025/07/05/17:49:53.191879,10489,1751712593,202147008,base_link,69.39,0.0
2025/07/05/17:49:53.272656,10490,1751712593,280147008,base_link,69.39,0.0
2025/07/05/17:49:53.416292,10491,1751712593,424147008,base_link,69.4,0.0
2025/07/05/17:49:53.570421,10492,1751712593,581147008,base_link,69.39,0.0
2025/07/05/17:49:53.671471,10493,1751712593,681147008,base_link,69.39,0.0
2025/07/05/17:49:53.771176,10494,1751712593,781147008,base_link,69.4,0.0
2025/07/05/17:49:53.871752,10495,1751712593,880147008,base_link,69.39,0.0
2025/07/05/17:49:53.991682,10496,1751712594,2147008,base_link,69.39,0.0
2025/07/05/17:49:54.071442,10497,1751712594,80147008,base_link,69.39,0.0
2025/07/05/17:49:54.170990,10498,1751712594,181147008,base_link,69.4,0.0
2025/07/05/17:49:54.270938,10499,1751712594,280147008,base_link,69.4,0.0
2025/07/05/17:49:54.351126,10500,1751712594,360147008,base_link,69.4,0.0
2025/07/05/17:49:54.510744,10501,1751712594,521147008,base_link,69.4,0.0
2025/07/05/17:49:54.612001,10502,1751712594,621147008,base_link,69.4,0.0
2025/07/05/17:49:54.691371,10503,1751712594,701147008,base_link,69.4,0.0
2025/07/05/17:49:54.791534,10504,1751712594,801147008,base_link,69.4,0.0
2025/07/05/17:49:54.911424,10505,1751712594,921147008,base_link,69.4,0.0
2025/07/05/17:49:55.012351,10506,1751712595,22147008,base_link,69.4,0.0
2025/07/05/17:49:55.111200,10507,1751712595,121147008,base_link,69.4,0.0
2025/07/05/17:49:55.191131,10508,1751712595,201147008,base_link,69.4,0.0
2025/07/05/17:49:55.291602,10509,1751712595,302147008,base_link,69.4,0.0
2025/07/05/17:49:55.450995,10510,1751712595,460147008,base_link,69.4,0.0
2025/07/05/17:49:55.591534,10511,1751712595,602147008,base_link,69.4,0.0
2025/07/05/17:49:55.670055,10512,1751712595,681147008,base_link,69.4,0.0
2025/07/05/17:49:55.791696,10513,1751712595,801147008,base_link,69.4,0.0
2025/07/05/17:49:55.870284,10514,1751712595,880147008,base_link,69.4,0.0
2025/07/05/17:49:55.971089,10515,1751712595,981147008,base_link,69.4,0.0
2025/07/05/17:49:56.091183,10516,1751712596,101147008,base_link,69.4,0.0
2025/07/05/17:49:56.171527,10517,1751712596,180147008,base_link,69.4,0.0
2025/07/05/17:49:56.271357,10518,1751712596,281147008,base_link,69.4,0.0
2025/07/05/17:49:56.412122,10519,1751712596,421147008,base_link,69.4,0.0
2025/07/05/17:49:56.530274,10520,1751712596,540147008,base_link,69.4,0.0
2025/07/05/17:49:56.630421,10521,1751712596,640147008,base_link,69.4,0.0
2025/07/05/17:49:56.692089,10522,1751712596,702147008,base_link,69.4,0.0
2025/07/05/17:49:56.813825,10523,1751712596,823147008,base_link,69.41,0.0
2025/07/05/17:49:56.891340,10524,1751712596,902147008,base_link,69.4,0.0
2025/07/05/17:49:56.992418,10525,1751712597,2147008,base_link,69.4,0.0
2025/07/05/17:49:57.091104,10526,1751712597,102147008,base_link,69.41,0.0
2025/07/05/17:49:57.191163,10527,1751712597,202147008,base_link,69.4,0.0
2025/07/05/17:49:57.291208,10528,1751712597,302147008,base_link,69.4,0.0
2025/07/05/17:49:57.434058,10529,1751712597,443147008,base_link,69.41,0.0
2025/07/05/17:49:57.572242,10530,1751712597,581147008,base_link,69.41,0.0
2025/07/05/17:49:57.671195,10531,1751712597,681147008,base_link,69.41,0.0
2025/07/05/17:49:57.770311,10532,1751712597,781147008,base_link,69.4,0.0
2025/07/05/17:49:57.891030,10533,1751712597,901147008,base_link,69.4,0.0
2025/07/05/17:49:57.970113,10534,1751712597,980147008,base_link,69.4,0.0
2025/07/05/17:49:58.069854,10535,1751712598,80147008,base_link,69.41,0.0
2025/07/05/17:49:58.150101,10536,1751712598,160147008,base_link,69.41,0.0
2025/07/05/17:49:58.252114,10537,1751712598,260147008,base_link,69.41,0.0
2025/07/05/17:49:58.330147,10538,1751712598,340147008,base_link,69.41,0.0
2025/07/05/17:49:58.491873,10539,1751712598,502147008,base_link,69.41,0.0
2025/07/05/17:49:58.591364,10540,1751712598,601147008,base_link,69.41,0.0
2025/07/05/17:49:58.670433,10541,1751712598,681147008,base_link,69.41,0.0
2025/07/05/17:49:58.771633,10542,1751712598,781147008,base_link,69.41,0.0
2025/07/05/17:49:58.870320,10543,1751712598,880147008,base_link,69.41,0.0
2025/07/05/17:49:58.991229,10544,1751712599,1147008,base_link,69.41,0.0
2025/07/05/17:49:59.091005,10545,1751712599,101147008,base_link,69.41,0.0
2025/07/05/17:49:59.191277,10546,1751712599,201147008,base_link,69.41,0.0
2025/07/05/17:49:59.272718,10547,1751712599,281147008,base_link,69.41,0.0
2025/07/05/17:49:59.412422,10548,1751712599,422147008,base_link,69.41,0.0
2025/07/05/17:49:59.530573,10549,1751712599,540147008,base_link,69.41,0.0
2025/07/05/17:49:59.633079,10550,1751712599,643147008,base_link,69.41,0.0
2025/07/05/17:49:59.729954,10551,1751712599,740147008,base_link,69.41,0.0
2025/07/05/17:49:59.832802,10552,1751712599,843147008,base_link,69.41,0.0
2025/07/05/17:49:59.930530,10553,1751712599,940147008,base_link,69.41,0.0
2025/07/05/17:50:00.049463,10554,1751712600,60147008,base_link,69.41,0.0
2025/07/05/17:50:00.151035,10555,1751712600,160147008,base_link,69.41,0.0
2025/07/05/17:50:00.233413,10556,1751712600,244147008,base_link,69.41,0.0
2025/07/05/17:50:00.350821,10557,1751712600,360147008,base_link,69.41,0.0
2025/07/05/17:50:00.530143,10558,1751712600,540147008,base_link,69.41,0.0
2025/07/05/17:50:00.612257,10559,1751712600,621147008,base_link,69.41,0.0
2025/07/05/17:50:00.691002,10560,1751712600,702147008,base_link,69.41,0.0
2025/07/05/17:50:00.791661,10561,1751712600,802147008,base_link,69.41,0.0
2025/07/05/17:50:00.892209,10562,1751712600,901147008,base_link,69.41,0.0
2025/07/05/17:50:00.970536,10563,1751712600,980147008,base_link,69.41,0.0
2025/07/05/17:50:01.070095,10564,1751712601,80147008,base_link,69.41,0.0
2025/07/05/17:50:01.171399,10565,1751712601,181147008,base_link,69.42,0.0
2025/07/05/17:50:01.270919,10566,1751712601,280147008,base_link,69.42,0.0
2025/07/05/17:50:01.391110,10567,1751712601,402147008,base_link,69.42,0.0
2025/07/05/17:50:01.571287,10568,1751712601,580147008,base_link,69.42,0.0
2025/07/05/17:50:01.670678,10569,1751712601,681147008,base_link,69.42,0.0
2025/07/05/17:50:01.751414,10570,1751712601,760147008,base_link,69.42,0.0
2025/07/05/17:50:01.850639,10571,1751712601,860147008,base_link,69.42,0.0
2025/07/05/17:50:01.971579,10572,1751712601,981147008,base_link,69.42,0.0
2025/07/05/17:50:02.069750,10573,1751712602,80147008,base_link,69.42,0.0
2025/07/05/17:50:02.169687,10574,1751712602,180147008,base_link,69.42,0.0
2025/07/05/17:50:02.251905,10575,1751712602,260147008,base_link,69.42,0.0
2025/07/05/17:50:02.351587,10576,1751712602,360147008,base_link,69.42,0.0
2025/07/05/17:50:02.530147,10577,1751712602,540147008,base_link,69.42,0.0
2025/07/05/17:50:02.633701,10578,1751712602,643147008,base_link,69.42,0.0
2025/07/05/17:50:02.712131,10579,1751712602,721147008,base_link,69.42,0.0
2025/07/05/17:50:02.811372,10580,1751712602,821147008,base_link,69.42,0.0
2025/07/05/17:50:02.891464,10581,1751712602,901147008,base_link,69.42,0.0
2025/07/05/17:50:02.991519,10582,1751712603,2147008,base_link,69.42,0.0
2025/07/05/17:50:03.072653,10583,1751712603,80147008,base_link,69.42,0.0
2025/07/05/17:50:03.170332,10584,1751712603,181147008,base_link,69.42,0.0
2025/07/05/17:50:03.271493,10585,1751712603,280147008,base_link,69.42,0.0
2025/07/05/17:50:03.370095,10586,1751712603,380147008,base_link,69.42,0.0
2025/07/05/17:50:03.530542,10587,1751712603,540147008,base_link,69.42,0.0
2025/07/05/17:50:03.651328,10588,1751712603,660147008,base_link,69.42,0.0
2025/07/05/17:50:03.750903,10589,1751712603,760147008,base_link,69.42,0.0
2025/07/05/17:50:03.851589,10590,1751712603,860147008,base_link,69.42,0.0
2025/07/05/17:50:03.950014,10591,1751712603,960147008,base_link,69.42,0.0
2025/07/05/17:50:04.052228,10592,1751712604,60147008,base_link,69.42,0.0
2025/07/05/17:50:04.151243,10593,1751712604,160147008,base_link,69.42,0.0
2025/07/05/17:50:04.252304,10594,1751712604,260147008,base_link,69.42,0.0
2025/07/05/17:50:04.351319,10595,1751712604,360147008,base_link,69.42,0.0
2025/07/05/17:50:04.530428,10596,1751712604,540147008,base_link,69.42,0.0
2025/07/05/17:50:04.632422,10597,1751712604,643147008,base_link,69.42,0.0
2025/07/05/17:50:04.729669,10598,1751712604,740147008,base_link,69.43,0.0
2025/07/05/17:50:04.811259,10599,1751712604,821147008,base_link,69.43,0.0
2025/07/05/17:50:04.911558,10600,1751712604,921147008,base_link,69.42,0.0
2025/07/05/17:50:04.991376,10601,1751712605,2147008,base_link,69.43,0.0
2025/07/05/17:50:05.091067,10602,1751712605,102147008,base_link,69.42,0.0
2025/07/05/17:50:05.191685,10603,1751712605,202147008,base_link,69.43,0.0
2025/07/05/17:50:05.291164,10604,1751712605,301147008,base_link,69.43,0.0
2025/07/05/17:50:05.414127,10605,1751712605,424147008,base_link,69.42,0.0
2025/07/05/17:50:05.569855,10606,1751712605,581147008,base_link,69.43,0.0
2025/07/05/17:50:05.690500,10607,1751712605,701147008,base_link,69.43,0.0
2025/07/05/17:50:05.791550,10608,1751712605,802147008,base_link,69.43,0.0
2025/07/05/17:50:05.891369,10609,1751712605,901147008,base_link,69.43,0.0
2025/07/05/17:50:05.991386,10610,1751712606,2147008,base_link,69.43,0.0
2025/07/05/17:50:06.070942,10611,1751712606,80147008,base_link,69.43,0.0
2025/07/05/17:50:06.152634,10612,1751712606,160147008,base_link,69.43,0.0
2025/07/05/17:50:06.250240,10613,1751712606,260147008,base_link,69.43,0.0
2025/07/05/17:50:06.349795,10614,1751712606,360147008,base_link,69.43,0.0
2025/07/05/17:50:06.511019,10615,1751712606,522147008,base_link,69.43,0.0
2025/07/05/17:50:06.612198,10616,1751712606,621147008,base_link,69.43,0.0
2025/07/05/17:50:06.710986,10617,1751712606,721147008,base_link,69.43,0.0
2025/07/05/17:50:06.811356,10618,1751712606,821147008,base_link,69.43,0.0
2025/07/05/17:50:06.911512,10619,1751712606,921147008,base_link,69.43,0.0
2025/07/05/17:50:07.010853,10620,1751712607,21147008,base_link,69.43,0.0
2025/07/05/17:50:07.090977,10621,1751712607,102147008,base_link,69.43,0.0
2025/07/05/17:50:07.190593,10622,1751712607,202147008,base_link,69.43,0.0
2025/07/05/17:50:07.290838,10623,1751712607,301147008,base_link,69.43,0.0
2025/07/05/17:50:07.391958,10624,1751712607,402147008,base_link,69.43,0.0
2025/07/05/17:50:07.569594,10625,1751712607,580147008,base_link,69.43,0.0
2025/07/05/17:50:07.669819,10626,1751712607,680147008,base_link,69.43,0.0
2025/07/05/17:50:07.751652,10627,1751712607,760147008,base_link,69.43,0.0
2025/07/05/17:50:07.851151,10628,1751712607,860147008,base_link,69.44,0.0
2025/07/05/17:50:07.991432,10629,1751712608,1147008,base_link,69.43,0.0
2025/07/05/17:50:08.071301,10630,1751712608,81147008,base_link,69.43,0.0
2025/07/05/17:50:08.171085,10631,1751712608,181147008,base_link,69.43,0.0
2025/07/05/17:50:08.271437,10632,1751712608,281147008,base_link,69.44,0.0
2025/07/05/17:50:08.411936,10633,1751712608,422147008,base_link,69.44,0.0
2025/07/05/17:50:08.569694,10634,1751712608,580147008,base_link,69.43,0.0
2025/07/05/17:50:08.670176,10635,1751712608,681147008,base_link,69.44,0.0
2025/07/05/17:50:08.769944,10636,1751712608,780147008,base_link,69.43,0.0
2025/07/05/17:50:08.871418,10637,1751712608,880147008,base_link,69.43,0.0
2025/07/05/17:50:08.991309,10638,1751712609,2147008,base_link,69.43,0.0
2025/07/05/17:50:09.090897,10639,1751712609,101147008,base_link,69.44,0.0
2025/07/05/17:50:09.191455,10640,1751712609,202147008,base_link,69.44,0.0
2025/07/05/17:50:09.269471,10641,1751712609,281147008,base_link,69.44,0.0
2025/07/05/17:50:09.369686,10642,1751712609,380147008,base_link,69.44,0.0
2025/07/05/17:50:09.549364,10643,1751712609,560147008,base_link,69.44,0.0
2025/07/05/17:50:09.651291,10644,1751712609,660147008,base_link,69.44,0.0
2025/07/05/17:50:09.749979,10645,1751712609,760147008,base_link,69.44,0.0
2025/07/05/17:50:09.833484,10646,1751712609,844147008,base_link,69.44,0.0
2025/07/05/17:50:09.950563,10647,1751712609,960147008,base_link,69.44,0.0
2025/07/05/17:50:10.050869,10648,1751712610,60147008,base_link,69.44,0.0
2025/07/05/17:50:10.150105,10649,1751712610,160147008,base_link,69.44,0.0
2025/07/05/17:50:10.251906,10650,1751712610,260147008,base_link,69.44,0.0
2025/07/05/17:50:10.350138,10651,1751712610,360147008,base_link,69.44,0.0
2025/07/05/17:50:10.511407,10652,1751712610,521147008,base_link,69.44,0.0
2025/07/05/17:50:10.590879,10653,1751712610,601147008,base_link,69.44,0.0
2025/07/05/17:50:10.690654,10654,1751712610,701147008,base_link,69.44,0.0
2025/07/05/17:50:10.769732,10655,1751712610,781147008,base_link,69.44,0.0
2025/07/05/17:50:10.869747,10656,1751712610,880147008,base_link,69.44,0.0
2025/07/05/17:50:10.992047,10657,1751712611,2147008,base_link,69.44,0.0
2025/07/05/17:50:11.071849,10658,1751712611,80147008,base_link,69.44,0.0
2025/07/05/17:50:11.150050,10659,1751712611,160147008,base_link,69.44,0.0
2025/07/05/17:50:11.233315,10660,1751712611,244147008,base_link,69.45,0.0
2025/07/05/17:50:11.350008,10661,1751712611,360147008,base_link,69.44,0.0
2025/07/05/17:50:11.529966,10662,1751712611,540147008,base_link,69.44,0.0
2025/07/05/17:50:11.632592,10663,1751712611,643147008,base_link,69.44,0.0
2025/07/05/17:50:11.691989,10664,1751712611,703147008,base_link,69.44,0.0
2025/07/05/17:50:11.790901,10665,1751712611,802147008,base_link,69.44,0.0
2025/07/05/17:50:11.869210,10666,1751712611,880147008,base_link,69.44,0.0
2025/07/05/17:50:11.950686,10667,1751712611,960147008,base_link,69.44,0.0
2025/07/05/17:50:12.051972,10668,1751712612,60147008,base_link,69.44,0.0
2025/07/05/17:50:12.150106,10669,1751712612,160147008,base_link,69.44,0.0
2025/07/05/17:50:12.251367,10670,1751712612,260147008,base_link,69.44,0.0
2025/07/05/17:50:12.349670,10671,1751712612,360147008,base_link,69.44,0.0
2025/07/05/17:50:12.529675,10672,1751712612,540147008,base_link,69.44,0.0
2025/07/05/17:50:12.591652,10673,1751712612,602147008,base_link,69.44,0.0
2025/07/05/17:50:12.690844,10674,1751712612,701147008,base_link,69.44,0.0
2025/07/05/17:50:12.790854,10675,1751712612,802147008,base_link,69.45,0.0
2025/07/05/17:50:12.910959,10676,1751712612,921147008,base_link,69.44,0.0
2025/07/05/17:50:13.010912,10677,1751712613,22147008,base_link,69.45,0.0
2025/07/05/17:50:13.090509,10678,1751712613,102147008,base_link,69.45,0.0
2025/07/05/17:50:13.190554,10679,1751712613,201147008,base_link,69.45,0.0
2025/07/05/17:50:13.271035,10680,1751712613,280147008,base_link,69.45,0.0
2025/07/05/17:50:13.393282,10681,1751712613,402147008,base_link,69.45,0.0
2025/07/05/17:50:13.570026,10682,1751712613,581147008,base_link,69.44,0.0
2025/07/05/17:50:13.670259,10683,1751712613,681147008,base_link,69.45,0.0
2025/07/05/17:50:13.769522,10684,1751712613,781147008,base_link,69.45,0.0
2025/07/05/17:50:13.869774,10685,1751712613,880147008,base_link,69.45,0.0
2025/07/05/17:50:13.990700,10686,1751712614,1147008,base_link,69.45,0.0
2025/07/05/17:50:14.070020,10687,1751712614,81147008,base_link,69.45,0.0
2025/07/05/17:50:14.169137,10688,1751712614,180147008,base_link,69.45,0.0
2025/07/05/17:50:14.269536,10689,1751712614,280147008,base_link,69.45,0.0
2025/07/05/17:50:14.411645,10690,1751712614,422147008,base_link,69.45,0.0
2025/07/05/17:50:14.570067,10691,1751712614,580147008,base_link,69.45,0.0
2025/07/05/17:50:14.669941,10692,1751712614,681147008,base_link,69.45,0.0
2025/07/05/17:50:14.770005,10693,1751712614,781147008,base_link,69.45,0.0
2025/07/05/17:50:14.869828,10694,1751712614,881147008,base_link,69.45,0.0
2025/07/05/17:50:14.990574,10695,1751712615,1147008,base_link,69.45,0.0
2025/07/05/17:50:15.069718,10696,1751712615,80147008,base_link,69.45,0.0
2025/07/05/17:50:15.170010,10697,1751712615,181147008,base_link,69.45,0.0
2025/07/05/17:50:15.269471,10698,1751712615,280147008,base_link,69.45,0.0
2025/07/05/17:50:15.349624,10699,1751712615,360147008,base_link,69.45,0.0
2025/07/05/17:50:15.529943,10700,1751712615,540147008,base_link,69.45,0.0
2025/07/05/17:50:15.632590,10701,1751712615,643147008,base_link,69.45,0.0
2025/07/05/17:50:15.710388,10702,1751712615,721147008,base_link,69.45,0.0
2025/07/05/17:50:15.790988,10703,1751712615,802147008,base_link,69.45,0.0
2025/07/05/17:50:15.910568,10704,1751712615,921147008,base_link,69.46,0.0
2025/07/05/17:50:15.991584,10705,1751712616,2147008,base_link,69.45,0.0
2025/07/05/17:50:16.091014,10706,1751712616,102147008,base_link,69.45,0.0
2025/07/05/17:50:16.191109,10707,1751712616,202147008,base_link,69.45,0.0
2025/07/05/17:50:16.269489,10708,1751712616,280147008,base_link,69.45,0.0
2025/07/05/17:50:16.349621,10709,1751712616,360147008,base_link,69.45,0.0
2025/07/05/17:50:16.511489,10710,1751712616,521147008,base_link,69.45,0.0
2025/07/05/17:50:16.591183,10711,1751712616,602147008,base_link,69.46,0.0
2025/07/05/17:50:16.691022,10712,1751712616,702147008,base_link,69.46,0.0
2025/07/05/17:50:16.769589,10713,1751712616,781147008,base_link,69.46,0.0
2025/07/05/17:50:16.869556,10714,1751712616,880147008,base_link,69.46,0.0
2025/07/05/17:50:16.990833,10715,1751712617,1147008,base_link,69.45,0.0
2025/07/05/17:50:17.069812,10716,1751712617,80147008,base_link,69.45,0.0
2025/07/05/17:50:17.169352,10717,1751712617,180147008,base_link,69.45,0.0
2025/07/05/17:50:17.269411,10718,1751712617,280147008,base_link,69.46,0.0
2025/07/05/17:50:17.349312,10719,1751712617,360147008,base_link,69.46,0.0
2025/07/05/17:50:17.510242,10720,1751712617,521147008,base_link,69.45,0.0
2025/07/05/17:50:17.591564,10721,1751712617,602147008,base_link,69.46,0.0
2025/07/05/17:50:17.690562,10722,1751712617,701147008,base_link,69.46,0.0
2025/07/05/17:50:17.769440,10723,1751712617,780147008,base_link,69.46,0.0
2025/07/05/17:50:17.869547,10724,1751712617,881147008,base_link,69.46,0.0
2025/07/05/17:50:17.991197,10725,1751712618,2147008,base_link,69.46,0.0
2025/07/05/17:50:18.069699,10726,1751712618,80147008,base_link,69.46,0.0
2025/07/05/17:50:18.191573,10727,1751712618,202147008,base_link,69.46,0.0
2025/07/05/17:50:18.269636,10728,1751712618,281147008,base_link,69.46,0.0
2025/07/05/17:50:18.369890,10729,1751712618,381147008,base_link,69.46,0.0
2025/07/05/17:50:18.549605,10730,1751712618,560147008,base_link,69.46,0.0
2025/07/05/17:50:18.649656,10731,1751712618,660147008,base_link,69.46,0.0
2025/07/05/17:50:18.749941,10732,1751712618,760147008,base_link,69.46,0.0
2025/07/05/17:50:18.849657,10733,1751712618,860147008,base_link,69.46,0.0
2025/07/05/17:50:18.949604,10734,1751712618,960147008,base_link,69.46,0.0
2025/07/05/17:50:19.032784,10735,1751712619,44147008,base_link,69.46,0.0
2025/07/05/17:50:19.149228,10736,1751712619,160147008,base_link,69.46,0.0
2025/07/05/17:50:19.249566,10737,1751712619,260147008,base_link,69.46,0.0
2025/07/05/17:50:19.356007,10738,1751712619,360147008,base_link,69.46,0.0
2025/07/05/17:50:19.529787,10739,1751712619,540147008,base_link,69.46,0.0
2025/07/05/17:50:19.632497,10740,1751712619,643147008,base_link,69.46,0.0
2025/07/05/17:50:19.729372,10741,1751712619,740147008,base_link,69.46,0.0
2025/07/05/17:50:19.810178,10742,1751712619,821147008,base_link,69.46,0.0
2025/07/05/17:50:19.910259,10743,1751712619,921147008,base_link,69.47,0.0
2025/07/05/17:50:20.011405,10744,1751712620,22147008,base_link,69.47,0.0
2025/07/05/17:50:20.110172,10745,1751712620,121107072,base_link,69.46,0.0
2025/07/05/17:50:20.190519,10746,1751712620,201107072,base_link,69.47,0.0
2025/07/05/17:50:20.269283,10747,1751712620,280107072,base_link,69.47,0.0
2025/07/05/17:50:20.410899,10748,1751712620,421107072,base_link,69.46,0.0
2025/07/05/17:50:20.550174,10749,1751712620,560107072,base_link,69.47,0.0
2025/07/05/17:50:20.632500,10750,1751712620,643107072,base_link,69.47,0.0
2025/07/05/17:50:20.710283,10751,1751712620,721107072,base_link,69.46,0.0
2025/07/05/17:50:20.790093,10752,1751712620,801107072,base_link,69.47,0.0
2025/07/05/17:50:20.869963,10753,1751712620,880107072,base_link,69.47,0.0
2025/07/05/17:50:20.990751,10754,1751712621,1107072,base_link,69.47,0.0
2025/07/05/17:50:21.069156,10755,1751712621,81107072,base_link,69.47,0.0
2025/07/05/17:50:21.169331,10756,1751712621,181107072,base_link,69.47,0.0
2025/07/05/17:50:21.269725,10757,1751712621,281107072,base_link,69.47,0.0
2025/07/05/17:50:21.369904,10758,1751712621,381107072,base_link,69.47,0.0
2025/07/05/17:50:21.549486,10759,1751712621,560107072,base_link,69.47,0.0
2025/07/05/17:50:21.649165,10760,1751712621,661107072,base_link,69.47,0.0
2025/07/05/17:50:21.753058,10761,1751712621,760107072,base_link,69.47,0.0
2025/07/05/17:50:21.832732,10762,1751712621,844107072,base_link,69.47,0.0
2025/07/05/17:50:21.949273,10763,1751712621,960107072,base_link,69.47,0.0
2025/07/05/17:50:22.032655,10764,1751712622,44107072,base_link,69.47,0.0
2025/07/05/17:50:22.149402,10765,1751712622,160107072,base_link,69.47,0.0
2025/07/05/17:50:22.249349,10766,1751712622,261107072,base_link,69.47,0.0
2025/07/05/17:50:22.391585,10767,1751712622,401107072,base_link,69.47,0.0
2025/07/05/17:50:22.510252,10768,1751712622,521107072,base_link,69.47,0.0
2025/07/05/17:50:22.610517,10769,1751712622,621107072,base_link,69.47,0.0
2025/07/05/17:50:22.690561,10770,1751712622,701107072,base_link,69.47,0.0
2025/07/05/17:50:22.790641,10771,1751712622,801107072,base_link,69.47,0.0
2025/07/05/17:50:22.871930,10772,1751712622,880107072,base_link,69.47,0.0
2025/07/05/17:50:22.991139,10773,1751712623,2107072,base_link,69.47,0.0
2025/07/05/17:50:23.069753,10774,1751712623,81107072,base_link,69.47,0.0
2025/07/05/17:50:23.169231,10775,1751712623,180107072,base_link,69.47,0.0
2025/07/05/17:50:23.270033,10776,1751712623,280107072,base_link,69.47,0.0
2025/07/05/17:50:23.410378,10777,1751712623,422107072,base_link,69.47,0.0
2025/07/05/17:50:23.569287,10778,1751712623,581107072,base_link,69.47,0.0
2025/07/05/17:50:23.669854,10779,1751712623,681107072,base_link,69.47,0.0
2025/07/05/17:50:23.769092,10780,1751712623,780107072,base_link,69.48,0.0
2025/07/05/17:50:23.869745,10781,1751712623,880107072,base_link,69.47,0.0
2025/07/05/17:50:23.990467,10782,1751712624,2107072,base_link,69.48,0.0
2025/07/05/17:50:24.090301,10783,1751712624,102107072,base_link,69.47,0.0
2025/07/05/17:50:24.189927,10784,1751712624,201107072,base_link,69.47,0.0
2025/07/05/17:50:24.269315,10785,1751712624,280107072,base_link,69.47,0.0
2025/07/05/17:50:24.349100,10786,1751712624,360107072,base_link,69.47,0.0
2025/07/05/17:50:24.529638,10787,1751712624,540107072,base_link,69.47,0.0
2025/07/05/17:50:24.651128,10788,1751712624,660107072,base_link,69.48,0.0
2025/07/05/17:50:24.749851,10789,1751712624,760107072,base_link,69.48,0.0
2025/07/05/17:50:24.832545,10790,1751712624,844107072,base_link,69.48,0.0
2025/07/05/17:50:24.949456,10791,1751712624,960107072,base_link,69.47,0.0
2025/07/05/17:50:25.035325,10792,1751712625,44107072,base_link,69.48,0.0
2025/07/05/17:50:25.149303,10793,1751712625,160107072,base_link,69.48,0.0
2025/07/05/17:50:25.249159,10794,1751712625,260107072,base_link,69.48,0.0
2025/07/05/17:50:25.349825,10795,1751712625,360107072,base_link,69.48,0.0
2025/07/05/17:50:25.510617,10796,1751712625,521107072,base_link,69.48,0.0
2025/07/05/17:50:25.591238,10797,1751712625,602107072,base_link,69.48,0.0
