time,.header.seq,.header.stamp.secs,.header.stamp.nsecs,.header.frame_id,.level,.name,.msg,.file,.function,.line,.topics
2025/07/05/17:42:38.019935,952,1751712157,999467342,,2,/record_1751712157740527620,Subscribing to /manualctrl,/tmp/binarydeb/ros-noetic-rosbag-1.17.2/src/recorder.cpp,shared_ptr<ros::Subscriber> rosbag::Recorder::subscribe,256,['/rosout']
2025/07/05/17:42:38.019976,953,1751712158,2434262,,2,/record_1751712157740527620,Subscribing to /rviz_plugin/stateMission,/tmp/binarydeb/ros-noetic-rosbag-1.17.2/src/recorder.cpp,shared_ptr<ros::Subscriber> rosbag::Recorder::subscribe,256,['/rosout']
2025/07/05/17:42:38.019995,954,1751712158,6165741,,2,/record_1751712157740527620,Subscribing to /sequenceMission,/tmp/binarydeb/ros-noetic-rosbag-1.17.2/src/recorder.cpp,shared_ptr<ros::Subscriber> rosbag::Recorder::subscribe,256,['/rosout']
2025/07/05/17:42:38.020084,955,1751712158,9539980,,2,/record_1751712157740527620,Subscribing to /rviz_plugin/jumpWP,/tmp/binarydeb/ros-noetic-rosbag-1.17.2/src/recorder.cpp,shared_ptr<ros::Subscriber> rosbag::Recorder::subscribe,256,['/rosout']
2025/07/05/17:42:38.020415,956,1751712158,17043591,,2,/record_1751712157740527620,Subscribing to /pids,/tmp/binarydeb/ros-noetic-rosbag-1.17.2/src/recorder.cpp,shared_ptr<ros::Subscriber> rosbag::Recorder::subscribe,256,['/rosout']
