time,.header.seq,.header.stamp.secs,.header.stamp.nsecs,.header.frame_id,.level,.name,.msg,.file,.function,.line,.topics
2025/07/05/17:42:38.019937,18,1751712157,766989534,,2,/record_1751712157740527620,Subscribing to /mavros/global_position/raw/satellites,/tmp/binarydeb/ros-noetic-rosbag-1.17.2/src/recorder.cpp,shared_ptr<ros::Subscriber> rosbag::Recorder::subscribe,256,['/rosout']
2025/07/05/17:42:38.020119,19,1751712157,768020602,,2,/record_1751712157740527620,Subscribing to /mavros/global_position/global,/tmp/binarydeb/ros-noetic-rosbag-1.17.2/src/recorder.cpp,shared_ptr<ros::Subscriber> rosbag::Recorder::subscribe,256,['/rosout']
2025/07/05/17:42:38.020123,20,1751712157,770007836,,2,/record_1751712157740527620,Subscribing to /mavros/global_position/local,/tmp/binarydeb/ros-noetic-rosbag-1.17.2/src/recorder.cpp,shared_ptr<ros::Subscriber> rosbag::Recorder::subscribe,256,['/rosout']
2025/07/05/17:42:38.020128,21,1751712157,774695030,,2,/record_1751712157740527620,Subscribing to /mavros/global_position/rel_alt,/tmp/binarydeb/ros-noetic-rosbag-1.17.2/src/recorder.cpp,shared_ptr<ros::Subscriber> rosbag::Recorder::subscribe,256,['/rosout']
2025/07/05/17:42:38.020132,22,1751712157,776451291,,2,/record_1751712157740527620,Subscribing to /mavros/global_position/compass_hdg,/tmp/binarydeb/ros-noetic-rosbag-1.17.2/src/recorder.cpp,shared_ptr<ros::Subscriber> rosbag::Recorder::subscribe,256,['/rosout']
2025/07/05/17:42:38.020139,23,1751712157,777449498,,2,/record_1751712157740527620,Subscribing to /mavros/global_position/gp_origin,/tmp/binarydeb/ros-noetic-rosbag-1.17.2/src/recorder.cpp,shared_ptr<ros::Subscriber> rosbag::Recorder::subscribe,256,['/rosout']
2025/07/05/17:42:38.020143,24,1751712157,778308754,,2,/record_1751712157740527620,Subscribing to /mavros/global_position/gp_lp_offset,/tmp/binarydeb/ros-noetic-rosbag-1.17.2/src/recorder.cpp,shared_ptr<ros::Subscriber> rosbag::Recorder::subscribe,256,['/rosout']
2025/07/05/17:42:38.020151,25,1751712157,779329919,,2,/record_1751712157740527620,Subscribing to /mavros/gps_rtk/rtk_baseline,/tmp/binarydeb/ros-noetic-rosbag-1.17.2/src/recorder.cpp,shared_ptr<ros::Subscriber> rosbag::Recorder::subscribe,256,['/rosout']
2025/07/05/17:42:38.020154,26,1751712157,780117532,,2,/record_1751712157740527620,Subscribing to /mavros/gpsstatus/gps1/raw,/tmp/binarydeb/ros-noetic-rosbag-1.17.2/src/recorder.cpp,shared_ptr<ros::Subscriber> rosbag::Recorder::subscribe,256,['/rosout']
2025/07/05/17:42:38.020158,27,1751712157,780881542,,2,/record_1751712157740527620,Subscribing to /mavros/gpsstatus/gps2/raw,/tmp/binarydeb/ros-noetic-rosbag-1.17.2/src/recorder.cpp,shared_ptr<ros::Subscriber> rosbag::Recorder::subscribe,256,['/rosout']
2025/07/05/17:42:38.020160,28,1751712157,784066604,,2,/record_1751712157740527620,Subscribing to /mavros/gpsstatus/gps1/rtk,/tmp/binarydeb/ros-noetic-rosbag-1.17.2/src/recorder.cpp,shared_ptr<ros::Subscriber> rosbag::Recorder::subscribe,256,['/rosout']
2025/07/05/17:42:38.020166,29,1751712157,788548783,,2,/record_1751712157740527620,Subscribing to /mavros/gpsstatus/gps2/rtk,/tmp/binarydeb/ros-noetic-rosbag-1.17.2/src/recorder.cpp,shared_ptr<ros::Subscriber> rosbag::Recorder::subscribe,256,['/rosout']
2025/07/05/17:42:38.020171,30,1751712157,789755607,,2,/record_1751712157740527620,Subscribing to /move_base_simple/goal,/tmp/binarydeb/ros-noetic-rosbag-1.17.2/src/recorder.cpp,shared_ptr<ros::Subscriber> rosbag::Recorder::subscribe,256,['/rosout']
2025/07/05/17:42:38.020479,31,1751712157,790609905,,2,/record_1751712157740527620,Subscribing to /mavros/home_position/home,/tmp/binarydeb/ros-noetic-rosbag-1.17.2/src/recorder.cpp,shared_ptr<ros::Subscriber> rosbag::Recorder::subscribe,256,['/rosout']
2025/07/05/17:42:38.020484,32,1751712157,791409807,,2,/record_1751712157740527620,Subscribing to /mavros/imu/data,/tmp/binarydeb/ros-noetic-rosbag-1.17.2/src/recorder.cpp,shared_ptr<ros::Subscriber> rosbag::Recorder::subscribe,256,['/rosout']
2025/07/05/17:42:38.020499,33,1751712157,792200027,,2,/record_1751712157740527620,Subscribing to /mavros/imu/mag,/tmp/binarydeb/ros-noetic-rosbag-1.17.2/src/recorder.cpp,shared_ptr<ros::Subscriber> rosbag::Recorder::subscribe,256,['/rosout']
2025/07/05/17:42:38.020512,34,1751712157,792961153,,2,/record_1751712157740527620,Subscribing to /mavros/imu/temperature_imu,/tmp/binarydeb/ros-noetic-rosbag-1.17.2/src/recorder.cpp,shared_ptr<ros::Subscriber> rosbag::Recorder::subscribe,256,['/rosout']
2025/07/05/17:42:38.020518,35,1751712157,793728030,,2,/record_1751712157740527620,Subscribing to /mavros/imu/temperature_baro,/tmp/binarydeb/ros-noetic-rosbag-1.17.2/src/recorder.cpp,shared_ptr<ros::Subscriber> rosbag::Recorder::subscribe,256,['/rosout']
2025/07/05/17:42:38.020527,36,1751712157,794483189,,2,/record_1751712157740527620,Subscribing to /mavros/imu/static_pressure,/tmp/binarydeb/ros-noetic-rosbag-1.17.2/src/recorder.cpp,shared_ptr<ros::Subscriber> rosbag::Recorder::subscribe,256,['/rosout']
2025/07/05/17:42:38.020540,37,1751712157,795247787,,2,/record_1751712157740527620,Subscribing to /mavros/imu/diff_pressure,/tmp/binarydeb/ros-noetic-rosbag-1.17.2/src/recorder.cpp,shared_ptr<ros::Subscriber> rosbag::Recorder::subscribe,256,['/rosout']
2025/07/05/17:42:38.020550,38,1751712157,796007342,,2,/record_1751712157740527620,Subscribing to /mavros/imu/data_raw,/tmp/binarydeb/ros-noetic-rosbag-1.17.2/src/recorder.cpp,shared_ptr<ros::Subscriber> rosbag::Recorder::subscribe,256,['/rosout']
2025/07/05/17:42:38.020559,39,1751712157,796757810,,2,/record_1751712157740527620,Subscribing to /mavros/landing_target/pose_in,/tmp/binarydeb/ros-noetic-rosbag-1.17.2/src/recorder.cpp,shared_ptr<ros::Subscriber> rosbag::Recorder::subscribe,256,['/rosout']
2025/07/05/17:42:38.020564,40,1751712157,797543217,,2,/record_1751712157740527620,Subscribing to /mavros/landing_target/lt_marker,/tmp/binarydeb/ros-noetic-rosbag-1.17.2/src/recorder.cpp,shared_ptr<ros::Subscriber> rosbag::Recorder::subscribe,256,['/rosout']
2025/07/05/17:42:38.020567,41,1751712157,798313702,,2,/record_1751712157740527620,Subscribing to /mavros/local_position/pose,/tmp/binarydeb/ros-noetic-rosbag-1.17.2/src/recorder.cpp,shared_ptr<ros::Subscriber> rosbag::Recorder::subscribe,256,['/rosout']
2025/07/05/17:42:38.020570,42,1751712157,799095634,,2,/record_1751712157740527620,Subscribing to /mavros/local_position/pose_cov,/tmp/binarydeb/ros-noetic-rosbag-1.17.2/src/recorder.cpp,shared_ptr<ros::Subscriber> rosbag::Recorder::subscribe,256,['/rosout']
2025/07/05/17:42:38.020579,43,1751712157,799856662,,2,/record_1751712157740527620,Subscribing to /mavros/local_position/velocity_local,/tmp/binarydeb/ros-noetic-rosbag-1.17.2/src/recorder.cpp,shared_ptr<ros::Subscriber> rosbag::Recorder::subscribe,256,['/rosout']
2025/07/05/17:42:38.020586,44,1751712157,800606651,,2,/record_1751712157740527620,Subscribing to /mavros/local_position/velocity_body,/tmp/binarydeb/ros-noetic-rosbag-1.17.2/src/recorder.cpp,shared_ptr<ros::Subscriber> rosbag::Recorder::subscribe,256,['/rosout']
2025/07/05/17:42:38.020589,45,1751712157,801355198,,2,/record_1751712157740527620,Subscribing to /mavros/local_position/velocity_body_cov,/tmp/binarydeb/ros-noetic-rosbag-1.17.2/src/recorder.cpp,shared_ptr<ros::Subscriber> rosbag::Recorder::subscribe,256,['/rosout']
2025/07/05/17:42:38.020594,46,1751712157,802207021,,2,/record_1751712157740527620,Subscribing to /mavros/local_position/accel,/tmp/binarydeb/ros-noetic-rosbag-1.17.2/src/recorder.cpp,shared_ptr<ros::Subscriber> rosbag::Recorder::subscribe,256,['/rosout']
2025/07/05/17:42:38.020603,47,1751712157,803856732,,2,/record_1751712157740527620,Subscribing to /mavros/local_position/odom,/tmp/binarydeb/ros-noetic-rosbag-1.17.2/src/recorder.cpp,shared_ptr<ros::Subscriber> rosbag::Recorder::subscribe,256,['/rosout']
2025/07/05/17:42:38.020610,48,1751712157,840190876,,2,/record_1751712157740527620,Subscribing to /mavros/log_transfer/raw/log_entry,/tmp/binarydeb/ros-noetic-rosbag-1.17.2/src/recorder.cpp,shared_ptr<ros::Subscriber> rosbag::Recorder::subscribe,256,['/rosout']
2025/07/05/17:42:38.020616,49,1751712157,844284404,,2,/record_1751712157740527620,Subscribing to /mavros/log_transfer/raw/log_data,/tmp/binarydeb/ros-noetic-rosbag-1.17.2/src/recorder.cpp,shared_ptr<ros::Subscriber> rosbag::Recorder::subscribe,256,['/rosout']
2025/07/05/17:42:38.020625,50,1751712157,845834831,,2,/record_1751712157740527620,Subscribing to /mavros/mag_calibration/status,/tmp/binarydeb/ros-noetic-rosbag-1.17.2/src/recorder.cpp,shared_ptr<ros::Subscriber> rosbag::Recorder::subscribe,256,['/rosout']
2025/07/05/17:42:38.020629,51,1751712157,852627562,,2,/record_1751712157740527620,Subscribing to /mavros/mag_calibration/report,/tmp/binarydeb/ros-noetic-rosbag-1.17.2/src/recorder.cpp,shared_ptr<ros::Subscriber> rosbag::Recorder::subscribe,256,['/rosout']
2025/07/05/17:42:38.020633,52,1751712157,854879802,,2,/record_1751712157740527620,Subscribing to /mavros/manual_control/control,/tmp/binarydeb/ros-noetic-rosbag-1.17.2/src/recorder.cpp,shared_ptr<ros::Subscriber> rosbag::Recorder::subscribe,256,['/rosout']
2025/07/05/17:42:38.020640,53,1751712157,856275412,,2,/record_1751712157740527620,Subscribing to /mavros/mount_control/orientation,/tmp/binarydeb/ros-noetic-rosbag-1.17.2/src/recorder.cpp,shared_ptr<ros::Subscriber> rosbag::Recorder::subscribe,256,['/rosout']
2025/07/05/17:42:38.020646,54,1751712157,857387368,,2,/record_1751712157740527620,Subscribing to /mavros/mount_control/status,/tmp/binarydeb/ros-noetic-rosbag-1.17.2/src/recorder.cpp,shared_ptr<ros::Subscriber> rosbag::Recorder::subscribe,256,['/rosout']
2025/07/05/17:42:38.020650,55,1751712157,858597791,,2,/record_1751712157740527620,Subscribing to /mavros/nav_controller_output,/tmp/binarydeb/ros-noetic-rosbag-1.17.2/src/recorder.cpp,shared_ptr<ros::Subscriber> rosbag::Recorder::subscribe,256,['/rosout']
2025/07/05/17:42:38.020654,56,1751712157,859793540,,2,/record_1751712157740527620,Subscribing to /mavros/odometry/in,/tmp/binarydeb/ros-noetic-rosbag-1.17.2/src/recorder.cpp,shared_ptr<ros::Subscriber> rosbag::Recorder::subscribe,256,['/rosout']
2025/07/05/17:42:38.020659,57,1751712157,861427108,,2,/record_1751712157740527620,Subscribing to /mavros/param/param_value,/tmp/binarydeb/ros-noetic-rosbag-1.17.2/src/recorder.cpp,shared_ptr<ros::Subscriber> rosbag::Recorder::subscribe,256,['/rosout']
2025/07/05/17:42:38.020662,58,1751712157,863123749,,2,/record_1751712157740527620,Subscribing to /mavros/rallypoint/waypoints,/tmp/binarydeb/ros-noetic-rosbag-1.17.2/src/recorder.cpp,shared_ptr<ros::Subscriber> rosbag::Recorder::subscribe,256,['/rosout']
2025/07/05/17:42:38.020671,59,1751712157,864932715,,2,/record_1751712157740527620,Subscribing to /mavros/rangefinder/rangefinder,/tmp/binarydeb/ros-noetic-rosbag-1.17.2/src/recorder.cpp,shared_ptr<ros::Subscriber> rosbag::Recorder::subscribe,256,['/rosout']
2025/07/05/17:42:38.020683,60,1751712157,865808263,,2,/record_1751712157740527620,Subscribing to /mavros/rc/in,/tmp/binarydeb/ros-noetic-rosbag-1.17.2/src/recorder.cpp,shared_ptr<ros::Subscriber> rosbag::Recorder::subscribe,256,['/rosout']
2025/07/05/17:42:38.020687,61,1751712157,867005775,,2,/record_1751712157740527620,Subscribing to /mavros/rc/out,/tmp/binarydeb/ros-noetic-rosbag-1.17.2/src/recorder.cpp,shared_ptr<ros::Subscriber> rosbag::Recorder::subscribe,256,['/rosout']
2025/07/05/17:42:38.020691,62,1751712157,868657922,,2,/record_1751712157740527620,Subscribing to /mavros/setpoint_raw/target_local,/tmp/binarydeb/ros-noetic-rosbag-1.17.2/src/recorder.cpp,shared_ptr<ros::Subscriber> rosbag::Recorder::subscribe,256,['/rosout']
2025/07/05/17:42:38.020698,63,1751712157,874721745,,2,/record_1751712157740527620,Subscribing to /mavros/setpoint_raw/target_global,/tmp/binarydeb/ros-noetic-rosbag-1.17.2/src/recorder.cpp,shared_ptr<ros::Subscriber> rosbag::Recorder::subscribe,256,['/rosout']
2025/07/05/17:42:38.020704,64,1751712157,878302175,,2,/record_1751712157740527620,Subscribing to /mavros/setpoint_raw/target_attitude,/tmp/binarydeb/ros-noetic-rosbag-1.17.2/src/recorder.cpp,shared_ptr<ros::Subscriber> rosbag::Recorder::subscribe,256,['/rosout']
2025/07/05/17:42:38.020708,65,1751712157,880738853,,2,/record_1751712157740527620,Subscribing to /mavros/setpoint_trajectory/desired,/tmp/binarydeb/ros-noetic-rosbag-1.17.2/src/recorder.cpp,shared_ptr<ros::Subscriber> rosbag::Recorder::subscribe,256,['/rosout']
2025/07/05/17:42:38.020745,66,1751712157,884140063,,2,/record_1751712157740527620,Subscribing to /mavros/state,/tmp/binarydeb/ros-noetic-rosbag-1.17.2/src/recorder.cpp,shared_ptr<ros::Subscriber> rosbag::Recorder::subscribe,256,['/rosout']
2025/07/05/17:42:38.020748,67,1751712157,885671326,,2,/record_1751712157740527620,Subscribing to /mavros/extended_state,/tmp/binarydeb/ros-noetic-rosbag-1.17.2/src/recorder.cpp,shared_ptr<ros::Subscriber> rosbag::Recorder::subscribe,256,['/rosout']
2025/07/05/17:42:38.020754,68,1751712157,886871087,,2,/record_1751712157740527620,Subscribing to /mavros/battery,/tmp/binarydeb/ros-noetic-rosbag-1.17.2/src/recorder.cpp,shared_ptr<ros::Subscriber> rosbag::Recorder::subscribe,256,['/rosout']
2025/07/05/17:42:38.020760,69,1751712157,888389588,,2,/record_1751712157740527620,Subscribing to /mavros/estimator_status,/tmp/binarydeb/ros-noetic-rosbag-1.17.2/src/recorder.cpp,shared_ptr<ros::Subscriber> rosbag::Recorder::subscribe,256,['/rosout']
2025/07/05/17:42:38.020763,70,1751712157,889174693,,2,/record_1751712157740527620,Subscribing to /mavros/statustext/recv,/tmp/binarydeb/ros-noetic-rosbag-1.17.2/src/recorder.cpp,shared_ptr<ros::Subscriber> rosbag::Recorder::subscribe,256,['/rosout']
2025/07/05/17:42:38.020766,71,1751712157,889930774,,2,/record_1751712157740527620,Subscribing to /mavros/sys_status,/tmp/binarydeb/ros-noetic-rosbag-1.17.2/src/recorder.cpp,shared_ptr<ros::Subscriber> rosbag::Recorder::subscribe,256,['/rosout']
2025/07/05/17:42:38.020769,72,1751712157,890687867,,2,/record_1751712157740527620,Subscribing to /mavros/time_reference,/tmp/binarydeb/ros-noetic-rosbag-1.17.2/src/recorder.cpp,shared_ptr<ros::Subscriber> rosbag::Recorder::subscribe,256,['/rosout']
2025/07/05/17:42:38.020776,73,1751712157,891454102,,2,/record_1751712157740527620,Subscribing to /mavros/timesync_status,/tmp/binarydeb/ros-noetic-rosbag-1.17.2/src/recorder.cpp,shared_ptr<ros::Subscriber> rosbag::Recorder::subscribe,256,['/rosout']
2025/07/05/17:42:38.020779,74,1751712157,892206113,,2,/record_1751712157740527620,Subscribing to /mavros/terrain/report,/tmp/binarydeb/ros-noetic-rosbag-1.17.2/src/recorder.cpp,shared_ptr<ros::Subscriber> rosbag::Recorder::subscribe,256,['/rosout']
2025/07/05/17:42:38.020782,75,1751712157,892951146,,2,/record_1751712157740527620,Subscribing to /mavros/trajectory/desired,/tmp/binarydeb/ros-noetic-rosbag-1.17.2/src/recorder.cpp,shared_ptr<ros::Subscriber> rosbag::Recorder::subscribe,256,['/rosout']
2025/07/05/17:42:38.020785,76,1751712157,893715250,,2,/record_1751712157740527620,Subscribing to /mavros/tunnel/out,/tmp/binarydeb/ros-noetic-rosbag-1.17.2/src/recorder.cpp,shared_ptr<ros::Subscriber> rosbag::Recorder::subscribe,256,['/rosout']
2025/07/05/17:42:38.020788,77,1751712157,894485045,,2,/record_1751712157740527620,Subscribing to /mavros/vfr_hud,/tmp/binarydeb/ros-noetic-rosbag-1.17.2/src/recorder.cpp,shared_ptr<ros::Subscriber> rosbag::Recorder::subscribe,256,['/rosout']
2025/07/05/17:42:38.020895,78,1751712157,895261939,,2,/record_1751712157740527620,Subscribing to /mavros/mission/waypoints,/tmp/binarydeb/ros-noetic-rosbag-1.17.2/src/recorder.cpp,shared_ptr<ros::Subscriber> rosbag::Recorder::subscribe,256,['/rosout']
2025/07/05/17:42:38.021047,79,1751712157,896015363,,2,/record_1751712157740527620,Subscribing to /mavros/mission/reached,/tmp/binarydeb/ros-noetic-rosbag-1.17.2/src/recorder.cpp,shared_ptr<ros::Subscriber> rosbag::Recorder::subscribe,256,['/rosout']
2025/07/05/17:42:38.021052,80,1751712157,896763886,,2,/record_1751712157740527620,Subscribing to /mavros/wind_estimation,/tmp/binarydeb/ros-noetic-rosbag-1.17.2/src/recorder.cpp,shared_ptr<ros::Subscriber> rosbag::Recorder::subscribe,256,['/rosout']
2025/07/05/17:42:38.021058,81,1751712157,897561172,,2,/record_1751712157740527620,Subscribing to /mavlink/gcs_ip,/tmp/binarydeb/ros-noetic-rosbag-1.17.2/src/recorder.cpp,shared_ptr<ros::Subscriber> rosbag::Recorder::subscribe,256,['/rosout']
2025/07/05/17:42:38.021060,82,1751712157,898407165,,2,/record_1751712157740527620,Subscribing to /tf_simple/pose,/tmp/binarydeb/ros-noetic-rosbag-1.17.2/src/recorder.cpp,shared_ptr<ros::Subscriber> rosbag::Recorder::subscribe,256,['/rosout']
2025/07/05/17:42:38.021061,83,1751712157,899175099,,2,/record_1751712157740527620,Subscribing to /tf_simple/yaw,/tmp/binarydeb/ros-noetic-rosbag-1.17.2/src/recorder.cpp,shared_ptr<ros::Subscriber> rosbag::Recorder::subscribe,256,['/rosout']
2025/07/05/17:42:38.021065,84,1751712157,899937859,,2,/record_1751712157740527620,Subscribing to /asv/odom,/tmp/binarydeb/ros-noetic-rosbag-1.17.2/src/recorder.cpp,shared_ptr<ros::Subscriber> rosbag::Recorder::subscribe,256,['/rosout']
2025/07/05/17:42:38.021068,85,1751712157,900722908,,2,/record_1751712157740527620,Subscribing to /map/corners,/tmp/binarydeb/ros-noetic-rosbag-1.17.2/src/recorder.cpp,shared_ptr<ros::Subscriber> rosbag::Recorder::subscribe,256,['/rosout']
2025/07/05/17:42:38.021074,86,1751712157,901483204,,2,/record_1751712157740527620,Subscribing to /waypoint_nav/feedback,/tmp/binarydeb/ros-noetic-rosbag-1.17.2/src/recorder.cpp,shared_ptr<ros::Subscriber> rosbag::Recorder::subscribe,256,['/rosout']
2025/07/05/17:42:38.021082,87,1751712157,903278399,,2,/record_1751712157740527620,Subscribing to /initialpose,/tmp/binarydeb/ros-noetic-rosbag-1.17.2/src/recorder.cpp,shared_ptr<ros::Subscriber> rosbag::Recorder::subscribe,256,['/rosout']
2025/07/05/17:42:38.021087,88,1751712157,909201257,,2,/record_1751712157740527620,Subscribing to /clicked_point,/tmp/binarydeb/ros-noetic-rosbag-1.17.2/src/recorder.cpp,shared_ptr<ros::Subscriber> rosbag::Recorder::subscribe,256,['/rosout']
2025/07/05/17:42:38.021089,89,1751712157,910478320,,2,/record_1751712157740527620,Subscribing to /waypoint_nav/update_full,/tmp/binarydeb/ros-noetic-rosbag-1.17.2/src/recorder.cpp,shared_ptr<ros::Subscriber> rosbag::Recorder::subscribe,256,['/rosout']
2025/07/05/17:42:38.021097,90,1751712157,911543496,,2,/record_1751712157740527620,Subscribing to /waypoint_nav/update,/tmp/binarydeb/ros-noetic-rosbag-1.17.2/src/recorder.cpp,shared_ptr<ros::Subscriber> rosbag::Recorder::subscribe,256,['/rosout']
2025/07/05/17:42:38.021100,91,1751712157,912500422,,2,/record_1751712157740527620,Subscribing to /waypoints/mission_1/pre,/tmp/binarydeb/ros-noetic-rosbag-1.17.2/src/recorder.cpp,shared_ptr<ros::Subscriber> rosbag::Recorder::subscribe,256,['/rosout']
2025/07/05/17:42:38.021103,92,1751712157,913393042,,2,/record_1751712157740527620,Subscribing to /waypoints/mission_1/in,/tmp/binarydeb/ros-noetic-rosbag-1.17.2/src/recorder.cpp,shared_ptr<ros::Subscriber> rosbag::Recorder::subscribe,256,['/rosout']
2025/07/05/17:42:38.021109,93,1751712157,916697984,,2,/record_1751712157740527620,Subscribing to /waypoints/mission_2/pre,/tmp/binarydeb/ros-noetic-rosbag-1.17.2/src/recorder.cpp,shared_ptr<ros::Subscriber> rosbag::Recorder::subscribe,256,['/rosout']
2025/07/05/17:42:38.021118,94,1751712157,922239886,,2,/record_1751712157740527620,Subscribing to /waypoints/mission_2/in,/tmp/binarydeb/ros-noetic-rosbag-1.17.2/src/recorder.cpp,shared_ptr<ros::Subscriber> rosbag::Recorder::subscribe,256,['/rosout']
2025/07/05/17:42:38.021122,95,1751712157,930040979,,2,/record_1751712157740527620,Subscribing to /waypoints/mission_3/pre,/tmp/binarydeb/ros-noetic-rosbag-1.17.2/src/recorder.cpp,shared_ptr<ros::Subscriber> rosbag::Recorder::subscribe,256,['/rosout']
2025/07/05/17:42:38.021130,96,1751712157,932195867,,2,/record_1751712157740527620,Subscribing to /waypoints/mission_3/in,/tmp/binarydeb/ros-noetic-rosbag-1.17.2/src/recorder.cpp,shared_ptr<ros::Subscriber> rosbag::Recorder::subscribe,256,['/rosout']
2025/07/05/17:42:38.021174,97,1751712157,933982536,,2,/record_1751712157740527620,Subscribing to /waypoints/mission_4/pre,/tmp/binarydeb/ros-noetic-rosbag-1.17.2/src/recorder.cpp,shared_ptr<ros::Subscriber> rosbag::Recorder::subscribe,256,['/rosout']
2025/07/05/17:42:38.021178,98,1751712157,935598280,,2,/record_1751712157740527620,Subscribing to /waypoints/mission_4/in,/tmp/binarydeb/ros-noetic-rosbag-1.17.2/src/recorder.cpp,shared_ptr<ros::Subscriber> rosbag::Recorder::subscribe,256,['/rosout']
2025/07/05/17:42:38.021184,99,1751712157,938107493,,2,/record_1751712157740527620,Subscribing to /waypoints/mission_5/pre,/tmp/binarydeb/ros-noetic-rosbag-1.17.2/src/recorder.cpp,shared_ptr<ros::Subscriber> rosbag::Recorder::subscribe,256,['/rosout']
2025/07/05/17:42:38.021192,100,1751712157,939818986,,2,/record_1751712157740527620,Subscribing to /waypoints/mission_5/in,/tmp/binarydeb/ros-noetic-rosbag-1.17.2/src/recorder.cpp,shared_ptr<ros::Subscriber> rosbag::Recorder::subscribe,256,['/rosout']
2025/07/05/17:42:38.021199,101,1751712157,941877593,,2,/record_1751712157740527620,Subscribing to /waypoints/mission_6/pre,/tmp/binarydeb/ros-noetic-rosbag-1.17.2/src/recorder.cpp,shared_ptr<ros::Subscriber> rosbag::Recorder::subscribe,256,['/rosout']
2025/07/05/17:42:38.021204,102,1751712157,944027536,,2,/record_1751712157740527620,Subscribing to /waypoints/mission_6/in,/tmp/binarydeb/ros-noetic-rosbag-1.17.2/src/recorder.cpp,shared_ptr<ros::Subscriber> rosbag::Recorder::subscribe,256,['/rosout']
2025/07/05/17:42:38.021210,103,1751712157,945700102,,2,/record_1751712157740527620,Subscribing to /waypoints/mission_7/pre,/tmp/binarydeb/ros-noetic-rosbag-1.17.2/src/recorder.cpp,shared_ptr<ros::Subscriber> rosbag::Recorder::subscribe,256,['/rosout']
2025/07/05/17:42:38.021214,104,1751712157,947026529,,2,/record_1751712157740527620,Subscribing to /waypoints/mission_7/in,/tmp/binarydeb/ros-noetic-rosbag-1.17.2/src/recorder.cpp,shared_ptr<ros::Subscriber> rosbag::Recorder::subscribe,256,['/rosout']
2025/07/05/17:42:38.021221,105,1751712157,949511111,,2,/record_1751712157740527620,Subscribing to /waypoints/mission_8/pre,/tmp/binarydeb/ros-noetic-rosbag-1.17.2/src/recorder.cpp,shared_ptr<ros::Subscriber> rosbag::Recorder::subscribe,256,['/rosout']
2025/07/05/17:42:38.021230,106,1751712157,951152013,,2,/record_1751712157740527620,Subscribing to /waypoints/mission_8/in,/tmp/binarydeb/ros-noetic-rosbag-1.17.2/src/recorder.cpp,shared_ptr<ros::Subscriber> rosbag::Recorder::subscribe,256,['/rosout']
2025/07/05/17:42:38.021233,107,1751712157,952072997,,2,/record_1751712157740527620,Subscribing to /waypoints/mission_9/pre,/tmp/binarydeb/ros-noetic-rosbag-1.17.2/src/recorder.cpp,shared_ptr<ros::Subscriber> rosbag::Recorder::subscribe,256,['/rosout']
2025/07/05/17:42:38.021237,108,1751712157,956399197,,2,/record_1751712157740527620,Subscribing to /waypoints/mission_9/in,/tmp/binarydeb/ros-noetic-rosbag-1.17.2/src/recorder.cpp,shared_ptr<ros::Subscriber> rosbag::Recorder::subscribe,256,['/rosout']
2025/07/05/17:42:38.021242,109,1751712157,957903217,,2,/record_1751712157740527620,Subscribing to /waypoints/mission_10/pre,/tmp/binarydeb/ros-noetic-rosbag-1.17.2/src/recorder.cpp,shared_ptr<ros::Subscriber> rosbag::Recorder::subscribe,256,['/rosout']
2025/07/05/17:42:38.021245,110,1751712157,959012187,,2,/record_1751712157740527620,Subscribing to /waypoints/mission_10/in,/tmp/binarydeb/ros-noetic-rosbag-1.17.2/src/recorder.cpp,shared_ptr<ros::Subscriber> rosbag::Recorder::subscribe,256,['/rosout']
2025/07/05/17:42:38.021250,111,1751712157,960045887,,2,/record_1751712157740527620,Subscribing to /camera/critline,/tmp/binarydeb/ros-noetic-rosbag-1.17.2/src/recorder.cpp,shared_ptr<ros::Subscriber> rosbag::Recorder::subscribe,256,['/rosout']
2025/07/05/17:42:38.021254,112,1751712157,994973410,,2,/record_1751712157740527620,Subscribing to /camera/boatside,/tmp/binarydeb/ros-noetic-rosbag-1.17.2/src/recorder.cpp,shared_ptr<ros::Subscriber> rosbag::Recorder::subscribe,256,['/rosout']
2025/07/05/17:42:38.021260,113,1751712157,999467342,,2,/record_1751712157740527620,Subscribing to /manualctrl,/tmp/binarydeb/ros-noetic-rosbag-1.17.2/src/recorder.cpp,shared_ptr<ros::Subscriber> rosbag::Recorder::subscribe,256,['/rosout']
2025/07/05/17:42:38.021264,114,1751712158,2434262,,2,/record_1751712157740527620,Subscribing to /rviz_plugin/stateMission,/tmp/binarydeb/ros-noetic-rosbag-1.17.2/src/recorder.cpp,shared_ptr<ros::Subscriber> rosbag::Recorder::subscribe,256,['/rosout']
2025/07/05/17:42:38.021269,115,1751712158,6165741,,2,/record_1751712157740527620,Subscribing to /sequenceMission,/tmp/binarydeb/ros-noetic-rosbag-1.17.2/src/recorder.cpp,shared_ptr<ros::Subscriber> rosbag::Recorder::subscribe,256,['/rosout']
2025/07/05/17:42:38.021273,116,1751712158,9539980,,2,/record_1751712157740527620,Subscribing to /rviz_plugin/jumpWP,/tmp/binarydeb/ros-noetic-rosbag-1.17.2/src/recorder.cpp,shared_ptr<ros::Subscriber> rosbag::Recorder::subscribe,256,['/rosout']
2025/07/05/17:42:38.021279,117,1751712158,17043591,,2,/record_1751712157740527620,Subscribing to /pids,/tmp/binarydeb/ros-noetic-rosbag-1.17.2/src/recorder.cpp,shared_ptr<ros::Subscriber> rosbag::Recorder::subscribe,256,['/rosout']
